GWAS_ID,QTL_ID,Locus,Gene,PP4,n_snps
ADHD,stage3_apa,rs1229761,NR_033766.2|FOXP2|chr7:114689782-114693765|+,0.140827677137653,792
ADHD,stage2_apa,rs1229761,NR_033766.2|FOXP2|chr7:114689782-114693765|+,0.0816907028085779,792
ADHD,stage1_apa,rs1229761,NR_033766.2|FOXP2|chr7:114689782-114693765|+,0.0774510617161284,792
ADHD,stage4_apa,rs1229761,NR_033766.2|FOXP2|chr7:114689782-114693765|+,0.0481837433942585,708
ADHD,stage1_apa,rs1229761,NM_001352687.2|SMIM30|chr7:113116718-113117607|-,0.000474480773459766,17
ADHD,stage2_apa,rs1229761,NM_001352687.2|SMIM30|chr7:113116718-113117607|-,0.000432033220552056,17
ADHD,stage4_apa,rs1229761,NM_001352687.2|SMIM30|chr7:113116718-113117607|-,0.000328714851124693,17
ADHD,stage3_apa,rs1229761,NM_001352687.2|SMIM30|chr7:113116718-113117607|-,0.000321769622474422,17
