GWAS_ID,QTL_ID,Locus,Gene,PP4,n_snps
ADHD,stage3_apa,rs4131786,NM_001410893.1|CDH8|chr16:61725170-61727215|-,0.322225735065473,995
ADHD,stage3_apa,rs4131786,NM_001796.5|CDH8|chr16:61647250-61654101|-,0.119716780411344,995
ADHD,stage1_apa,rs4131786,NM_001410893.1|CDH8|chr16:61725170-61727215|-,0.107934978291589,995
ADHD,stage2_apa,rs4131786,NM_001796.5|CDH8|chr16:61647250-61654101|-,0.0800835923172534,995
ADHD,stage2_apa,rs4131786,NM_001410893.1|CDH8|chr16:61725170-61727215|-,0.0755293606258628,995
ADHD,stage4_apa,rs4131786,NM_001796.5|CDH8|chr16:61647250-61654101|-,0.0688844131459769,848
ADHD,stage1_apa,rs4131786,NM_001796.5|CDH8|chr16:61647250-61654101|-,0.0650269502397744,995
ADHD,stage4_apa,rs4131786,NM_001410893.1|CDH8|chr16:61725170-61727215|-,0.0497828062630227,848
