GWAS_ID,QTL_ID,Locus,Gene,PP4,n_snps
EAS_SCZ,stage2_apa,rs2176546,NM_001438890.1|FANCL|chr2:58159920-58160179|-,0.0661008397816838,1856
EAS_SCZ,stage3_apa,rs2176546,NM_001438890.1|FANCL|chr2:58159920-58160179|-,0.0643933889017753,1856
EAS_SCZ,stage1_apa,rs2176546,NM_001438890.1|FANCL|chr2:58159920-58160179|-,0.063168573114602,1856
EAS_SCZ,stage4_apa,rs2176546,NM_001438890.1|FANCL|chr2:58159920-58160179|-,0.0536644729772266,1482
