GWAS_ID,QTL_ID,Locus,Gene,PP4,n_snps
EAS_SCZ,stage2_apa,rs848293,NM_001438890.1|FANCL|chr2:58159920-58160179|-,0.0685498903835793,1436
EAS_SCZ,stage3_apa,rs848293,NM_001438890.1|FANCL|chr2:58159920-58160179|-,0.0674555596159031,1436
EAS_SCZ,stage1_apa,rs848293,NM_001438890.1|FANCL|chr2:58159920-58160179|-,0.0645009697727857,1436
EAS_SCZ,stage4_apa,rs848293,NM_001438890.1|FANCL|chr2:58159920-58160179|-,0.0548326598506794,1193
