GWAS_ID,QTL_ID,Locus,Gene,PP4,n_snps
EAS_SCZ,stage4_apa,rs321199,NM_001321387.3|PTN|chr7:137227341-137228072|-,0.170390880938118,1204
EAS_SCZ,stage4_apa,rs321199,NM_001321386.2|PTN|chr7:137227341-137228075|-,0.161550713361576,1204
EAS_SCZ,stage4_apa,rs321199,NM_001318246.2|CREB3L2|chr7:137874979-137880551|-,0.0650864705635093,1200
EAS_SCZ,stage4_apa,rs321199,NM_001321709.2|DGKI|chr7:137381037-137391336|-,0.0448828056831586,1204
EAS_SCZ,stage4_apa,rs321199,NM_004717.3|DGKI|chr7:137387650-137391336|-,0.0429364510378712,1204
EAS_SCZ,stage4_apa,rs321199,NM_003852.4|TRIM24|chr7:138584742-138589996|+,0.000521719444356586,188
EAS_SCZ,stage4_apa,rs321199,NM_145808.4|MTPN|chr7:135926760-135930012|-,5.44885929162374e-05,33
