GWAS_ID,QTL_ID,Locus,Gene,PP4,n_snps
EUR_SCZ,stage3_apa,rs72728431,XM_017001425.3|SNX7|chr1:98760054-98760500|+,0.181335604467642,55
EUR_SCZ,stage2_apa,rs72728431,NR_046105.1|MIR137HG|chr1:97988000-97989569|-,0.0901130124326564,849
EUR_SCZ,stage3_apa,rs72728431,XM_047437906.1|LOC124904228|chr1:98040914-98045503|-,0.0878323242605855,832
EUR_SCZ,stage1_apa,rs72728431,NR_146275.1|LINC01930|chr1:97933474-97934169|-,0.087280980451179,889
EUR_SCZ,stage3_apa,rs72728431,NM_001300990.2|PTBP2|chr1:96813273-96823739|+,0.084581713418352,873
EUR_SCZ,stage2_apa,rs72728431,NR_146275.1|LINC01930|chr1:97933474-97934169|-,0.0835078404487345,889
EUR_SCZ,stage1_apa,rs72728431,XM_017001425.3|SNX7|chr1:98760054-98760500|+,0.0817166776472269,55
EUR_SCZ,stage3_apa,rs72728431,NR_046105.1|MIR137HG|chr1:97988000-97989569|-,0.0803753144834583,849
EUR_SCZ,stage2_apa,rs72728431,NM_001300990.2|PTBP2|chr1:96813273-96823739|+,0.0789284471431928,873
EUR_SCZ,stage2_apa,rs72728431,NM_001160301.1|DPYD|chr1:97719758-97720926|-,0.077536287255271,921
EUR_SCZ,stage2_apa,rs72728431,XM_047437906.1|LOC124904228|chr1:98040914-98045503|-,0.0770733870920705,832
EUR_SCZ,stage1_apa,rs72728431,NR_046105.1|MIR137HG|chr1:97988000-97989569|-,0.0768150852606315,849
EUR_SCZ,stage2_apa,rs72728431,XM_017001425.3|SNX7|chr1:98760054-98760500|+,0.0767243228200684,55
EUR_SCZ,stage2_apa,rs72728431,NM_021190.4|PTBP2|chr1:96813276-96815049|+,0.0766204351639963,872
EUR_SCZ,stage1_apa,rs72728431,XM_047437906.1|LOC124904228|chr1:98040914-98045503|-,0.0761581781434462,832
EUR_SCZ,stage3_apa,rs72728431,NR_146275.1|LINC01930|chr1:97933474-97934169|-,0.0756965658220667,889
EUR_SCZ,stage1_apa,rs72728431,NM_001160301.1|DPYD|chr1:97719758-97720926|-,0.0755078287568126,921
EUR_SCZ,stage1_apa,rs72728431,NM_021190.4|PTBP2|chr1:96813276-96815049|+,0.073224370043335,872
EUR_SCZ,stage3_apa,rs72728431,NM_001160301.1|DPYD|chr1:97719758-97720926|-,0.0725682293534612,921
EUR_SCZ,stage1_apa,rs72728431,NM_001300990.2|PTBP2|chr1:96813273-96823739|+,0.0645709671876892,873
EUR_SCZ,stage3_apa,rs72728431,NM_021190.4|PTBP2|chr1:96813276-96815049|+,0.0556142367243521,872
