GWAS_ID,QTL_ID,Locus,Phenotype,PP4,n_snps,identification_method
EUR_PTSD,prenatal,rs56201719,ENST00000682447.1|CNTNAP5|chr2:124914092-124921219|+,0.0869327769417628,1422,Distance_pruning
EUR_PTSD,prenatal,rs56201719,ENST00000431078.1|CNTNAP5|chr2:124914092-124915287|+,0.0795145381408836,1422,Distance_pruning
EUR_PTSD,interaction,rs56201719,ENST00000682447.1|CNTNAP5|chr2:124914092-124921219|+,0.0516477500095546,1420,Distance_pruning
EUR_PTSD,postnatal,rs56201719,ENST00000431078.1|CNTNAP5|chr2:124914092-124915287|+,0.0480800677660863,1422,Distance_pruning
EUR_PTSD,postnatal,rs56201719,ENST00000682447.1|CNTNAP5|chr2:124914092-124921219|+,0.0465986228109959,1422,Distance_pruning
EUR_PTSD,interaction,rs56201719,ENST00000431078.1|CNTNAP5|chr2:124914092-124915287|+,0.0418617534832999,1420,Distance_pruning
