GWAS_ID,QTL_ID,Locus,Gene,PP4,n_snps
EUR_SCZ,stage2_apa,rs11587347,XM_047443244.1|CHRM3|chr1:239907433-239914600|+,0.0910279250620973,1007
EUR_SCZ,stage1_apa,rs11587347,XM_047443244.1|CHRM3|chr1:239907433-239914600|+,0.0632073197361387,1007
EUR_SCZ,stage3_apa,rs11587347,XM_047443244.1|CHRM3|chr1:239907433-239914600|+,0.0542243808464236,1007
EUR_SCZ,stage4_apa,rs11587347,XM_047443244.1|CHRM3|chr1:239907433-239914600|+,0.0456963082644654,742
EUR_SCZ,stage3_apa,rs11587347,XM_017002028.2|RYR2|chr1:237832552-237833988|+,0.0300387168901736,659
EUR_SCZ,stage2_apa,rs11587347,XM_017002028.2|RYR2|chr1:237832552-237833988|+,0.0198858196815569,659
EUR_SCZ,stage1_apa,rs11587347,XM_017002028.2|RYR2|chr1:237832552-237833988|+,0.015894436315112,659
EUR_SCZ,stage4_apa,rs11587347,XM_017002028.2|RYR2|chr1:237832552-237833988|+,0.0124152967070975,563
EUR_SCZ,stage3_apa,rs11587347,XM_047425620.1|FMN2|chr1:240239639-240241172|+,0.00129191550492121,402
EUR_SCZ,stage1_apa,rs11587347,XM_047425620.1|FMN2|chr1:240239639-240241172|+,0.00121214608182078,402
EUR_SCZ,stage2_apa,rs11587347,XM_047425620.1|FMN2|chr1:240239639-240241172|+,0.00103716701905706,402
EUR_SCZ,stage4_apa,rs11587347,XM_047425620.1|FMN2|chr1:240239639-240241172|+,0.000741416728037283,284
EUR_SCZ,stage2_apa,rs11587347,XM_047427839.1|GREM2|chr1:240489573-240493476|-,0.00019139418872438,70
EUR_SCZ,stage3_apa,rs11587347,XM_047427839.1|GREM2|chr1:240489573-240493476|-,0.000143154663780816,70
EUR_SCZ,stage1_apa,rs11587347,XM_047427839.1|GREM2|chr1:240489573-240493476|-,0.000138609976501499,70
EUR_SCZ,stage2_apa,rs11587347,NM_001348094.2|FMN2|chr1:240474128-240475187|+,0.000137951647315348,78
EUR_SCZ,stage1_apa,rs11587347,NM_001348094.2|FMN2|chr1:240474128-240475187|+,0.000136578588462979,78
EUR_SCZ,stage3_apa,rs11587347,NM_001348094.2|FMN2|chr1:240474128-240475187|+,0.000109477106063735,78
EUR_SCZ,stage4_apa,rs11587347,NM_001348094.2|FMN2|chr1:240474128-240475187|+,0.00010111724502981,77
EUR_SCZ,stage4_apa,rs11587347,XM_047427839.1|GREM2|chr1:240489573-240493476|-,9.15152656203826e-05,69
