GWAS_ID,QTL_ID,Locus,Phenotype,PP4,n_snps,identification_method
EUR_MDD,prenatal,rs1025651,ENST00000366934.3|GPATCH2|chr1:217608184-217610192|-,0.057692753238905,1536,Distance_pruning
EUR_MDD,postnatal,rs1025651,ENST00000366934.3|GPATCH2|chr1:217608184-217610192|-,0.0515854617177464,1536,Distance_pruning
EUR_MDD,interaction,rs1025651,ENST00000366934.3|GPATCH2|chr1:217608184-217610192|-,0.0407338345651214,1531,Distance_pruning
EUR_MDD,interaction,rs1025651,ENST00000259154.9|KCTD3|chr1:215620057-215621807|+,0.00015904410725059,297,Distance_pruning
EUR_MDD,prenatal,rs1025651,ENST00000259154.9|KCTD3|chr1:215620057-215621807|+,0.000128108590126288,299,Distance_pruning
EUR_MDD,postnatal,rs1025651,ENST00000259154.9|KCTD3|chr1:215620057-215621807|+,0.000112144546120643,299,Distance_pruning
EUR_MDD,prenatal,rs1025651,ENST00000366932.4|RRP15|chr1:218330948-218337983|+,9.02889564632195e-05,44,Distance_pruning
EUR_MDD,interaction,rs1025651,ENST00000366932.4|RRP15|chr1:218330948-218337983|+,1.39806896606135e-05,44,Distance_pruning
EUR_MDD,postnatal,rs1025651,ENST00000366932.4|RRP15|chr1:218330948-218337983|+,1.22256372346782e-05,44,Distance_pruning
