GWAS_ID,QTL_ID,Locus,Gene,PP4,n_snps
EUR_SCZ,stage1_apa,rs2214415,XM_047420212.1|PCLO|chr7:82820477-82821294|-,0.156939465374091,1878
EUR_SCZ,stage4_apa,rs2214415,XM_047420212.1|PCLO|chr7:82820477-82821294|-,0.123200088532329,1486
EUR_SCZ,stage2_apa,rs2214415,XM_047420210.1|PCLO|chr7:82754012-82758715|-,0.120052260277536,1878
EUR_SCZ,stage2_apa,rs2214415,NM_014510.3|PCLO|chr7:82820477-82822689|-,0.0870075698281187,1878
EUR_SCZ,stage2_apa,rs2214415,XM_047420212.1|PCLO|chr7:82820477-82821294|-,0.0813069333393487,1878
EUR_SCZ,stage4_apa,rs2214415,NM_014510.3|PCLO|chr7:82820477-82822689|-,0.0779241189305298,1486
EUR_SCZ,stage2_apa,rs2214415,XM_006716120.4|CACNA2D1|chr7:81946444-81950508|-,0.0778779622971727,1101
EUR_SCZ,stage1_apa,rs2214415,XM_006716120.4|CACNA2D1|chr7:81946444-81950508|-,0.073030303046267,1101
EUR_SCZ,stage3_apa,rs2214415,XM_006716120.4|CACNA2D1|chr7:81946444-81950508|-,0.0706833792125869,1101
EUR_SCZ,stage1_apa,rs2214415,XM_047420210.1|PCLO|chr7:82754012-82758715|-,0.0678006608457919,1878
EUR_SCZ,stage1_apa,rs2214415,NM_014510.3|PCLO|chr7:82820477-82822689|-,0.0651403992424766,1878
EUR_SCZ,stage3_apa,rs2214415,NM_014510.3|PCLO|chr7:82820477-82822689|-,0.0615812013760286,1878
EUR_SCZ,stage3_apa,rs2214415,XM_047420210.1|PCLO|chr7:82754012-82758715|-,0.0614064940783179,1878
EUR_SCZ,stage3_apa,rs2214415,XM_047420212.1|PCLO|chr7:82820477-82821294|-,0.0609066909641319,1878
EUR_SCZ,stage4_apa,rs2214415,XM_006716120.4|CACNA2D1|chr7:81946444-81950508|-,0.0555632038078337,858
EUR_SCZ,stage4_apa,rs2214415,XM_047420210.1|PCLO|chr7:82754012-82758715|-,0.0524797190325324,1486
EUR_SCZ,stage2_apa,rs2214415,NM_006080.3|SEMA3A|chr7:83955777-83961826|-,0.0260113198068594,775
EUR_SCZ,stage1_apa,rs2214415,NM_006080.3|SEMA3A|chr7:83955777-83961826|-,0.0224961065111682,775
EUR_SCZ,stage3_apa,rs2214415,NM_006080.3|SEMA3A|chr7:83955777-83961826|-,0.0198853640470396,775
EUR_SCZ,stage4_apa,rs2214415,NM_006080.3|SEMA3A|chr7:83955777-83961826|-,0.0170205317421525,626
EUR_SCZ,stage1_apa,rs2214415,NM_001010934.3|HGF|chr7:81750900-81752262|-,0.00523748586863578,783
EUR_SCZ,stage2_apa,rs2214415,NM_001010934.3|HGF|chr7:81750900-81752262|-,0.00504465263822771,783
EUR_SCZ,stage3_apa,rs2214415,NM_001010934.3|HGF|chr7:81750900-81752262|-,0.00429533244612995,783
EUR_SCZ,stage4_apa,rs2214415,NM_001010934.3|HGF|chr7:81750900-81752262|-,0.00417786808858859,607
