GWAS_ID,QTL_ID,Locus,Gene,PP4,n_snps
EUR_SCZ,stage3_apa,rs1525980,NM_003838.5|FPGT|chr1:74204391-74208702|+,0.231657264626873,104
EUR_SCZ,stage3_apa,rs1525980,NM_001199329.3|FPGT|chr1:74205208-74208702|+,0.103545641602716,103
EUR_SCZ,stage2_apa,rs1525980,NM_001199329.3|FPGT|chr1:74205208-74208702|+,0.101473146278496,103
EUR_SCZ,stage1_apa,rs1525980,NM_001199329.3|FPGT|chr1:74205208-74208702|+,0.0860227086154557,103
EUR_SCZ,stage2_apa,rs1525980,NM_003838.5|FPGT|chr1:74204391-74208702|+,0.0808235919888871,104
EUR_SCZ,stage1_apa,rs1525980,NM_003838.5|FPGT|chr1:74204391-74208702|+,0.0729894103616066,104
EUR_SCZ,stage3_apa,rs1525980,NM_173808.3|NEGR1|chr1:71395943-71407570|-,0.000376223055725309,75
EUR_SCZ,stage2_apa,rs1525980,NM_173808.3|NEGR1|chr1:71395943-71407570|-,0.0002866522398918,75
EUR_SCZ,stage1_apa,rs1525980,NM_173808.3|NEGR1|chr1:71395943-71407570|-,0.000249696497445138,75
