GWAS_ID,QTL_ID,Locus,Gene,PP4,n_snps
EUR_SCZ,stage1_apa,rs741896,NM_001320901.2|FHIT|chr3:59747277-59752321|-,0.0665525468527534,2192
EUR_SCZ,stage2_apa,rs741896,NM_001320901.2|FHIT|chr3:59747277-59752321|-,0.06571355298644,2192
EUR_SCZ,stage4_apa,rs741896,NM_001320901.2|FHIT|chr3:59747277-59752321|-,0.0607086399180544,1812
EUR_SCZ,stage3_apa,rs741896,NM_001320901.2|FHIT|chr3:59747277-59752321|-,0.0549597476756974,2192
