GWAS_ID,QTL_ID,Locus,Gene,PP4,n_snps
EUR_SCZ,stage4_apa,rs634940,NM_001376470.1|EPHA7|chr6:93240020-93243540|-,0.189953789748338,713
EUR_SCZ,stage3_apa,rs634940,NM_001288630.2|EPHA7|chr6:93409654-93411170|-,0.112216909449461,696
EUR_SCZ,stage1_apa,rs634940,NM_001376470.1|EPHA7|chr6:93240020-93243540|-,0.104538940007721,903
EUR_SCZ,stage1_apa,rs634940,NM_001288630.2|EPHA7|chr6:93409654-93411170|-,0.0817684106042191,696
EUR_SCZ,stage2_apa,rs634940,NM_001288630.2|EPHA7|chr6:93409654-93411170|-,0.0749816706924586,696
EUR_SCZ,stage2_apa,rs634940,NM_001376470.1|EPHA7|chr6:93240020-93243540|-,0.0672627841550612,903
EUR_SCZ,stage3_apa,rs634940,NM_001376470.1|EPHA7|chr6:93240020-93243540|-,0.0589942084855,903
EUR_SCZ,stage4_apa,rs634940,NM_001288630.2|EPHA7|chr6:93409654-93411170|-,0.048909697043426,512
