GWAS_ID,QTL_ID,Locus,Gene,PP4,n_snps
EUR_SCZ,stage4_apa,rs12498839,NM_021928.4|SPCS3|chr4:176328198-176332245|+,0.118288125601169,1175
EUR_SCZ,stage4_apa,rs12498839,NR_125901.1|GPM6A-DT|chr4:175811860-175812189|+,0.109273797631223,1175
EUR_SCZ,stage4_apa,rs12498839,NM_001378106.1|WDR17|chr4:176179460-176182815|+,0.0547233745293858,1175
EUR_SCZ,stage4_apa,rs12498839,NM_001388091.1|GPM6A|chr4:175632937-175635057|-,0.0543844230334836,1175
EUR_SCZ,stage4_apa,rs12498839,XM_047416197.1|GLRA3|chr4:174636920-174644064|-,0.00139373686253189,177
