GWAS_ID,QTL_ID,Locus,Gene,PP4,n_snps
EUR_SCZ,stage3_apa,rs4589057,NM_003838.5|FPGT|chr1:74204391-74208702|+,0.231772711912041,317
EUR_SCZ,stage4_apa,rs4589057,NM_003838.5|FPGT|chr1:74204391-74208702|+,0.169371071757845,311
EUR_SCZ,stage4_apa,rs4589057,NM_001199329.3|FPGT|chr1:74205208-74208702|+,0.111561444108877,310
EUR_SCZ,stage3_apa,rs4589057,NM_001199329.3|FPGT|chr1:74205208-74208702|+,0.106084005633704,316
EUR_SCZ,stage2_apa,rs4589057,NM_001199329.3|FPGT|chr1:74205208-74208702|+,0.0971855166654932,316
EUR_SCZ,stage1_apa,rs4589057,NM_001199329.3|FPGT|chr1:74205208-74208702|+,0.0829224850911153,316
EUR_SCZ,stage2_apa,rs4589057,NM_003838.5|FPGT|chr1:74204391-74208702|+,0.079078761681239,317
EUR_SCZ,stage1_apa,rs4589057,NM_003838.5|FPGT|chr1:74204391-74208702|+,0.0723590756388849,317
