GWAS_ID,QTL_ID,Locus,Gene,PP4,n_snps
EUR_SCZ,stage1_apa,rs12712510,NM_052920.2|KLHL29|chr2:23706481-23708606|+,0.00458515846149663,522
EUR_SCZ,stage1_apa,rs12712510,XM_047444802.1|ATAD2B|chr2:23783310-23786223|-,0.00432079997289988,376
EUR_SCZ,stage4_apa,rs12712510,XM_047444802.1|ATAD2B|chr2:23783310-23786223|-,0.00367777279007772,300
EUR_SCZ,stage2_apa,rs12712510,NM_052920.2|KLHL29|chr2:23706481-23708606|+,0.00250038231614538,522
EUR_SCZ,stage4_apa,rs12712510,NM_052920.2|KLHL29|chr2:23706481-23708606|+,0.00247300825374866,432
EUR_SCZ,stage3_apa,rs12712510,NM_052920.2|KLHL29|chr2:23706481-23708606|+,0.00223931108117261,522
EUR_SCZ,stage2_apa,rs12712510,XM_047444802.1|ATAD2B|chr2:23783310-23786223|-,0.00149416864686608,376
EUR_SCZ,stage3_apa,rs12712510,XM_047444802.1|ATAD2B|chr2:23783310-23786223|-,0.00125942873629061,376
EUR_SCZ,stage2_apa,rs12712510,XM_005264166.6|UBXN2A|chr2:23999672-24004909|+,0.000178036186430821,83
EUR_SCZ,stage3_apa,rs12712510,XM_005264166.6|UBXN2A|chr2:23999672-24004909|+,0.000106513617866964,83
EUR_SCZ,stage2_apa,rs12712510,XM_017003517.3|UBXN2A|chr2:23999655-24000826|+,0.000102266355422725,83
EUR_SCZ,stage1_apa,rs12712510,XM_005264166.6|UBXN2A|chr2:23999672-24004909|+,8.94119709001164e-05,83
EUR_SCZ,stage3_apa,rs12712510,XM_017003517.3|UBXN2A|chr2:23999655-24000826|+,8.60932988689769e-05,83
EUR_SCZ,stage1_apa,rs12712510,XM_017003517.3|UBXN2A|chr2:23999655-24000826|+,8.21982211732557e-05,83
EUR_SCZ,stage4_apa,rs12712510,XM_005264166.6|UBXN2A|chr2:23999672-24004909|+,6.84823538946536e-05,72
EUR_SCZ,stage4_apa,rs12712510,XM_017003517.3|UBXN2A|chr2:23999655-24000826|+,6.04491858134098e-05,72
