GWAS_ID,QTL_ID,Locus,Gene,PP4,n_snps
EUR_BIP,stage1_apa,rs2339519,NM_052920.2|KLHL29|chr2:23706481-23708606|+,0.00563330073415626,257
EUR_BIP,stage4_apa,rs2339519,NM_052920.2|KLHL29|chr2:23706481-23708606|+,0.00264408771156066,229
EUR_BIP,stage2_apa,rs2339519,NM_052920.2|KLHL29|chr2:23706481-23708606|+,0.00233783598708173,257
EUR_BIP,stage3_apa,rs2339519,NM_052920.2|KLHL29|chr2:23706481-23708606|+,0.00181682187353858,257
EUR_BIP,stage2_apa,rs2339519,XM_047444802.1|ATAD2B|chr2:23783310-23786223|-,0.000465445630042273,111
EUR_BIP,stage1_apa,rs2339519,XM_047444802.1|ATAD2B|chr2:23783310-23786223|-,0.000383581486380247,111
EUR_BIP,stage3_apa,rs2339519,XM_047444802.1|ATAD2B|chr2:23783310-23786223|-,0.000338232102828493,111
EUR_BIP,stage4_apa,rs2339519,XM_047444802.1|ATAD2B|chr2:23783310-23786223|-,0.000306280672711378,97
