GWAS_ID,QTL_ID,Locus,Gene,PP4,n_snps
EUR_PD,stage4_apa,rs75541595,NM_001375288.1|SNCA|chr4:89726132-89726660|-,0.277520980354811,1469
EUR_PD,stage1_apa,rs75541595,NM_001375288.1|SNCA|chr4:89726132-89726660|-,0.234974661034388,1517
EUR_PD,stage1_apa,rs75541595,XM_017008043.2|GPRIN3|chr4:89236383-89250233|-,0.100072903211352,808
EUR_PD,stage2_apa,rs75541595,XM_017008043.2|GPRIN3|chr4:89236383-89250233|-,0.0754930175278373,808
EUR_PD,stage2_apa,rs75541595,NM_001375288.1|SNCA|chr4:89726132-89726660|-,0.0729647139188115,1517
EUR_PD,stage3_apa,rs75541595,XM_017008043.2|GPRIN3|chr4:89236383-89250233|-,0.0721251073411819,808
EUR_PD,stage3_apa,rs75541595,NM_001375288.1|SNCA|chr4:89726132-89726660|-,0.0643285691024555,1517
EUR_PD,stage4_apa,rs75541595,XM_017008043.2|GPRIN3|chr4:89236383-89250233|-,0.0565705185035635,800
