GWAS_ID,QTL_ID,Locus,Gene,PP4,n_snps
EUR_SCZ,stage3_apa,rs12771371,NM_001374782.1|PRKG1|chr10:52062537-52062866|+,0.0744825427719123,2130
EUR_SCZ,stage2_apa,rs12771371,NM_015235.3|CSTF2T|chr10:51695486-51699595|-,0.071898159304592,1793
EUR_SCZ,stage1_apa,rs12771371,NM_001374782.1|PRKG1|chr10:52062537-52062866|+,0.0694640079063664,2130
EUR_SCZ,stage2_apa,rs12771371,NM_001374782.1|PRKG1|chr10:52062537-52062866|+,0.0660289997942147,2130
EUR_SCZ,stage1_apa,rs12771371,NM_015235.3|CSTF2T|chr10:51695486-51699595|-,0.0638982925549954,1793
EUR_SCZ,stage4_apa,rs12771371,NM_001374782.1|PRKG1|chr10:52062537-52062866|+,0.0570135614044811,1846
EUR_SCZ,stage3_apa,rs12771371,NM_015235.3|CSTF2T|chr10:51695486-51699595|-,0.0553662270092468,1793
EUR_SCZ,stage4_apa,rs12771371,NM_015235.3|CSTF2T|chr10:51695486-51699595|-,0.0530102007999554,1535
