GWAS_ID,QTL_ID,Locus,Phenotype,PP4,n_snps,identification_method
EUR_SCZ,interaction,rs10103330,ENST00000647648.1|RP11-523C15.1|chr8:4634926-4635654|+,0.124866293339495,4849,Distance_pruning
EUR_SCZ,prenatal,rs10103330,ENST00000666533.1|RP11-14G5.1|chr8:4323425-4329027|+,0.116044057787409,4852,Distance_pruning
EUR_SCZ,postnatal,rs10103330,ENST00000647648.1|RP11-523C15.1|chr8:4634926-4635654|+,0.0936008438349125,4852,Distance_pruning
EUR_SCZ,interaction,rs10103330,ENST00000666533.1|RP11-14G5.1|chr8:4323425-4329027|+,0.0643560135212673,4849,Distance_pruning
EUR_SCZ,prenatal,rs10103330,ENST00000647648.1|RP11-523C15.1|chr8:4634926-4635654|+,0.0594580953034398,4852,Distance_pruning
EUR_SCZ,postnatal,rs10103330,ENST00000666533.1|RP11-14G5.1|chr8:4323425-4329027|+,0.0508992369797226,4852,Distance_pruning
EUR_SCZ,postnatal,rs10103330,ENST00000400186.7|CSMD1|chr8:2938099-2938744|-,0.00295578461938924,550,Distance_pruning
EUR_SCZ,interaction,rs10103330,ENST00000400186.7|CSMD1|chr8:2938099-2938744|-,0.00247239936211623,547,Distance_pruning
EUR_SCZ,prenatal,rs10103330,ENST00000400186.7|CSMD1|chr8:2938099-2938744|-,0.00147235293600822,550,Distance_pruning
EUR_SCZ,prenatal,rs10103330,ENST00000635120.2|CSMD1|chr8:2935361-2938744|-,0.0013557047701471,550,Distance_pruning
EUR_SCZ,prenatal,rs10103330,ENST00000537824.2|CSMD1|chr8:2935354-2938744|-,0.0013499678374767,550,Distance_pruning
EUR_SCZ,postnatal,rs10103330,ENST00000537824.2|CSMD1|chr8:2935354-2938744|-,0.00121953057705537,550,Distance_pruning
EUR_SCZ,postnatal,rs10103330,ENST00000635120.2|CSMD1|chr8:2935361-2938744|-,0.00119033197533109,550,Distance_pruning
EUR_SCZ,interaction,rs10103330,ENST00000537824.2|CSMD1|chr8:2935354-2938744|-,0.00106768792658245,547,Distance_pruning
EUR_SCZ,interaction,rs10103330,ENST00000635120.2|CSMD1|chr8:2935361-2938744|-,0.00105775114814432,547,Distance_pruning
