GWAS_ID,QTL_ID,Locus,Phenotype,PP4,n_snps,identification_method
EUR_BIP,postnatal,rs57681866,ENST00000407595.3|CCDC85A|chr2:56384266-56386172|+,0.00150225156541072,381,Distance_pruning
EUR_BIP,postnatal,rs57681866,ENST00000607540.1|RP11-482H16.1|chr2:56384266-56386171|+,0.00145014529727484,381,Distance_pruning
EUR_BIP,prenatal,rs57681866,ENST00000407595.3|CCDC85A|chr2:56384266-56386172|+,0.000924192656429987,381,Distance_pruning
EUR_BIP,prenatal,rs57681866,ENST00000607540.1|RP11-482H16.1|chr2:56384266-56386171|+,0.000917872020958533,381,Distance_pruning
EUR_BIP,interaction,rs57681866,ENST00000607540.1|RP11-482H16.1|chr2:56384266-56386171|+,0.000719334478602356,380,Distance_pruning
EUR_BIP,interaction,rs57681866,ENST00000407595.3|CCDC85A|chr2:56384266-56386172|+,0.000715561423489259,380,Distance_pruning
