GWAS_ID,QTL_ID,Locus,Gene,PP4,n_snps
EUR_SCZ,stage3_apa,rs35350320,NM_003838.5|FPGT|chr1:74204391-74208702|+,0.225742962840488,681
EUR_SCZ,stage4_apa,rs35350320,NM_003838.5|FPGT|chr1:74204391-74208702|+,0.162636201231374,636
EUR_SCZ,stage4_apa,rs35350320,NM_001199329.3|FPGT|chr1:74205208-74208702|+,0.106246168544212,635
EUR_SCZ,stage3_apa,rs35350320,NM_001199329.3|FPGT|chr1:74205208-74208702|+,0.102706255443025,680
EUR_SCZ,stage2_apa,rs35350320,NM_001199329.3|FPGT|chr1:74205208-74208702|+,0.0926301750349741,680
EUR_SCZ,stage2_apa,rs35350320,NM_001002912.5|ERICH3|chr1:74568123-74570439|-,0.0922144527972887,213
EUR_SCZ,stage1_apa,rs35350320,NM_001199329.3|FPGT|chr1:74205208-74208702|+,0.079285570418086,680
EUR_SCZ,stage1_apa,rs35350320,NM_001002912.5|ERICH3|chr1:74568123-74570439|-,0.0768312979572353,213
EUR_SCZ,stage2_apa,rs35350320,NM_003838.5|FPGT|chr1:74204391-74208702|+,0.0763025848045977,681
EUR_SCZ,stage1_apa,rs35350320,XM_017000276.2|ERICH3|chr1:74571099-74573491|-,0.0756442444868948,212
EUR_SCZ,stage2_apa,rs35350320,XM_017000276.2|ERICH3|chr1:74571099-74573491|-,0.0727485756537638,212
EUR_SCZ,stage1_apa,rs35350320,NM_003838.5|FPGT|chr1:74204391-74208702|+,0.0687822622680358,681
EUR_SCZ,stage3_apa,rs35350320,XM_017000276.2|ERICH3|chr1:74571099-74573491|-,0.0644803969861801,212
EUR_SCZ,stage3_apa,rs35350320,NM_001002912.5|ERICH3|chr1:74568123-74570439|-,0.0542816359471863,213
EUR_SCZ,stage4_apa,rs35350320,NM_001002912.5|ERICH3|chr1:74568123-74570439|-,0.0497802913821784,199
EUR_SCZ,stage4_apa,rs35350320,XM_017000276.2|ERICH3|chr1:74571099-74573491|-,0.0449133549905842,198
