GWAS_ID,QTL_ID,Locus,Gene,PP4,n_snps
EUR_SCZ,stage3_apa,rs1432611,NM_001244812.3|FOXP1|chr3:70954708-70959391|-,0.0810970444467258,1281
EUR_SCZ,stage2_apa,rs1432611,NM_001134650.1|EIF4E3|chr3:71679289-71684728|-,0.0719394806750383,1497
EUR_SCZ,stage4_apa,rs1432611,XM_047448064.1|EIF4E3|chr3:71675414-71684728|-,0.0651073227949097,1150
EUR_SCZ,stage2_apa,rs1432611,XM_047448064.1|EIF4E3|chr3:71675414-71684728|-,0.0646866681512478,1497
EUR_SCZ,stage2_apa,rs1432611,NM_018971.3|GPR27|chr3:71753855-71756496|+,0.0646485773604503,1497
EUR_SCZ,stage2_apa,rs1432611,NM_001244812.3|FOXP1|chr3:70954708-70959391|-,0.0607899698052927,1281
EUR_SCZ,stage1_apa,rs1432611,NM_001134650.1|EIF4E3|chr3:71679289-71684728|-,0.059671916059146,1497
EUR_SCZ,stage1_apa,rs1432611,XM_047448064.1|EIF4E3|chr3:71675414-71684728|-,0.0596296019510925,1497
EUR_SCZ,stage3_apa,rs1432611,XM_047448064.1|EIF4E3|chr3:71675414-71684728|-,0.0584607159987687,1497
EUR_SCZ,stage1_apa,rs1432611,NM_001244812.3|FOXP1|chr3:70954708-70959391|-,0.0576568929168283,1281
EUR_SCZ,stage3_apa,rs1432611,NM_018971.3|GPR27|chr3:71753855-71756496|+,0.0568578907745755,1497
EUR_SCZ,stage4_apa,rs1432611,NM_018971.3|GPR27|chr3:71753855-71756496|+,0.0568175427331635,1150
EUR_SCZ,stage3_apa,rs1432611,NM_012234.7|RYBP|chr3:72374597-72378637|-,0.055536089892602,1013
EUR_SCZ,stage1_apa,rs1432611,NM_018971.3|GPR27|chr3:71753855-71756496|+,0.0553962510614011,1497
EUR_SCZ,stage3_apa,rs1432611,NM_001134650.1|EIF4E3|chr3:71679289-71684728|-,0.0553263262049521,1497
EUR_SCZ,stage1_apa,rs1432611,NM_012234.7|RYBP|chr3:72374597-72378637|-,0.054216906603973,1013
EUR_SCZ,stage4_apa,rs1432611,NM_001134650.1|EIF4E3|chr3:71679289-71684728|-,0.0538375316366003,1150
EUR_SCZ,stage4_apa,rs1432611,NM_001244812.3|FOXP1|chr3:70954708-70959391|-,0.0534697768306359,948
EUR_SCZ,stage2_apa,rs1432611,NM_012234.7|RYBP|chr3:72374597-72378637|-,0.0519030043259223,1013
EUR_SCZ,stage4_apa,rs1432611,NM_012234.7|RYBP|chr3:72374597-72378637|-,0.0435784943328636,765
