GWAS_ID,QTL_ID,Locus,Gene,PP4,n_snps
EUR_SCZ,stage4_apa,rs11941714,NM_032457.4|PCDH7|chr4:31142473-31146800|+,0.197085268115903,1832
EUR_SCZ,stage1_apa,rs11941714,NM_032457.4|PCDH7|chr4:31142473-31146800|+,0.125566228021293,2196
EUR_SCZ,stage2_apa,rs11941714,NM_032457.4|PCDH7|chr4:31142473-31146800|+,0.0706886544090274,2196
EUR_SCZ,stage3_apa,rs11941714,NM_032457.4|PCDH7|chr4:31142473-31146800|+,0.0617891020141462,2196
