GWAS_ID,QTL_ID,Locus,Phenotype,PP4,n_snps,identification_method
EUR_BIP,prenatal,rs4909802,ENST00000395297.6|FAM135B|chr8:138130023-138132798|-,0.0654762657829174,1718,Distance_pruning
EUR_BIP,interaction,rs4909802,ENST00000395297.6|FAM135B|chr8:138130023-138132798|-,0.0477474757149528,1718,Distance_pruning
EUR_BIP,postnatal,rs4909802,ENST00000395297.6|FAM135B|chr8:138130023-138132798|-,0.046848741234889,1718,Distance_pruning
EUR_BIP,interaction,rs4909802,ENST00000650269.1|KCNK9|chr8:139601097-139601601|-,0.00091473002242203,673,Distance_pruning
EUR_BIP,postnatal,rs4909802,ENST00000650269.1|KCNK9|chr8:139601097-139601601|-,0.000675513246126034,673,Distance_pruning
EUR_BIP,prenatal,rs4909802,ENST00000650269.1|KCNK9|chr8:139601097-139601601|-,0.000544724078301347,673,Distance_pruning
EUR_BIP,prenatal,rs4909802,ENST00000520439.3|KCNK9|chr8:139617121-139619099|-,0.000507254833049187,673,Distance_pruning
EUR_BIP,prenatal,rs4909802,ENST00000647605.1|KCNK9|chr8:139617159-139619099|-,0.000502703660922973,673,Distance_pruning
EUR_BIP,postnatal,rs4909802,ENST00000647605.1|KCNK9|chr8:139617159-139619099|-,0.000485844792320856,673,Distance_pruning
EUR_BIP,postnatal,rs4909802,ENST00000520439.3|KCNK9|chr8:139617121-139619099|-,0.000482974931043005,673,Distance_pruning
EUR_BIP,interaction,rs4909802,ENST00000520439.3|KCNK9|chr8:139617121-139619099|-,0.000418616590531347,673,Distance_pruning
EUR_BIP,interaction,rs4909802,ENST00000647605.1|KCNK9|chr8:139617159-139619099|-,0.000408307965516591,673,Distance_pruning
EUR_BIP,prenatal,rs4909802,ENST00000438773.4|TRAPPC9|chr8:139727725-139731228|-,0.000272145555855655,438,Distance_pruning
EUR_BIP,postnatal,rs4909802,ENST00000438773.4|TRAPPC9|chr8:139727725-139731228|-,0.000230673830961872,438,Distance_pruning
EUR_BIP,interaction,rs4909802,ENST00000438773.4|TRAPPC9|chr8:139727725-139731228|-,0.000202386953282801,438,Distance_pruning
