GWAS_ID,QTL_ID,Locus,Phenotype,PP4,n_snps,identification_method
EUR_MDD,postnatal,rs2744475,ENST00000229854.12|MCM3|chr6:52264014-52264786|-,0.000286686645420008,109,Distance_pruning
EUR_MDD,postnatal,rs2744475,ENST00000596288.7|MCM3|chr6:52264015-52264786|-,0.0002855960623966,109,Distance_pruning
EUR_MDD,postnatal,rs2744475,ENST00000274813.4|MMUT|chr6:49430360-49431856|-,0.000268925125273195,142,Distance_pruning
EUR_MDD,prenatal,rs2744475,ENST00000596288.7|MCM3|chr6:52264015-52264786|-,0.000250188127501418,109,Distance_pruning
EUR_MDD,prenatal,rs2744475,ENST00000229854.12|MCM3|chr6:52264014-52264786|-,0.000250176395340143,109,Distance_pruning
EUR_MDD,prenatal,rs2744475,ENST00000419835.8|MCM3|chr6:52264586-52264786|-,0.000247682924076014,109,Distance_pruning
EUR_MDD,postnatal,rs2744475,ENST00000419835.8|MCM3|chr6:52264586-52264786|-,0.00024741990890476,109,Distance_pruning
EUR_MDD,interaction,rs2744475,ENST00000274813.4|MMUT|chr6:49430360-49431856|-,0.000222581819785541,142,Distance_pruning
EUR_MDD,interaction,rs2744475,ENST00000419835.8|MCM3|chr6:52264586-52264786|-,0.000216116956859563,109,Distance_pruning
EUR_MDD,prenatal,rs2744475,ENST00000274813.4|MMUT|chr6:49430360-49431856|-,0.000198139101033694,142,Distance_pruning
EUR_MDD,interaction,rs2744475,ENST00000596288.7|MCM3|chr6:52264015-52264786|-,0.00019366646992746,109,Distance_pruning
EUR_MDD,interaction,rs2744475,ENST00000229854.12|MCM3|chr6:52264014-52264786|-,0.000193038190008593,109,Distance_pruning
