GWAS_ID,QTL_ID,Locus,Phenotype,PP4,n_snps,identification_method
EUR_MDD,postnatal,rs9301872,ENST00000377067.9|GPC5|chr13:92866282-92867237|+,0.0869120592029891,1899,Distance_pruning
EUR_MDD,prenatal,rs9301872,ENST00000377067.9|GPC5|chr13:92866282-92867237|+,0.0711973344083276,1899,Distance_pruning
EUR_MDD,prenatal,rs9301872,ENST00000610286.1|RP11-632L2.2|chr13:93226612-93227317|-,0.0639904611457277,1899,Distance_pruning
EUR_MDD,postnatal,rs9301872,ENST00000610286.1|RP11-632L2.2|chr13:93226612-93227317|-,0.0563403088475797,1899,Distance_pruning
EUR_MDD,interaction,rs9301872,ENST00000610286.1|RP11-632L2.2|chr13:93226612-93227317|-,0.0540584181989448,1894,Distance_pruning
EUR_MDD,interaction,rs9301872,ENST00000377067.9|GPC5|chr13:92866282-92867237|+,0.0504144117376466,1894,Distance_pruning
EUR_MDD,postnatal,rs9301872,ENST00000376958.5|GPR180|chr13:94627013-94634661|+,0.000198462469507063,419,Distance_pruning
EUR_MDD,interaction,rs9301872,ENST00000376958.5|GPR180|chr13:94627013-94634661|+,0.000146145919123566,419,Distance_pruning
EUR_MDD,prenatal,rs9301872,ENST00000376958.5|GPR180|chr13:94627013-94634661|+,0.000142762831210054,419,Distance_pruning
EUR_MDD,postnatal,rs9301872,ENST00000376945.4|SOX21|chr13:94709622-94712545|-,0.000140915806328287,340,Distance_pruning
EUR_MDD,prenatal,rs9301872,ENST00000376945.4|SOX21|chr13:94709622-94712545|-,0.000137165765084191,340,Distance_pruning
EUR_MDD,interaction,rs9301872,ENST00000376945.4|SOX21|chr13:94709622-94712545|-,9.37775263242074e-05,340,Distance_pruning
