GWAS_ID,QTL_ID,Locus,Phenotype,PP4,n_snps,identification_method
EUR_SCZ,postnatal,rs559825,ENST00000489715.1|GBE1|chr3:81489933-81490463|-,0.0890417300011736,1293,Distance_pruning
EUR_SCZ,prenatal,rs559825,ENST00000489715.1|GBE1|chr3:81489933-81490463|-,0.0839262822767217,1293,Distance_pruning
EUR_SCZ,prenatal,rs559825,ENST00000429644.7|GBE1|chr3:81489703-81490463|-,0.0744526233824864,1293,Distance_pruning
EUR_SCZ,postnatal,rs559825,ENST00000429644.7|GBE1|chr3:81489703-81490463|-,0.064247225196258,1293,Distance_pruning
EUR_SCZ,interaction,rs559825,ENST00000429644.7|GBE1|chr3:81489703-81490463|-,0.0510754637688563,1293,Distance_pruning
EUR_SCZ,interaction,rs559825,ENST00000489715.1|GBE1|chr3:81489933-81490463|-,0.0495113520218116,1293,Distance_pruning
