GWAS_ID,QTL_ID,Locus,Phenotype,PP4,n_snps,identification_method
EUR_MDD,interaction,rs2568958,ENST00000306821.3|NEGR1|chr1:71402944-71407570|-,0.0795570136480773,571,Distance_pruning
EUR_MDD,prenatal,rs2568958,ENST00000306821.3|NEGR1|chr1:71402944-71407570|-,0.0790340974637876,574,Distance_pruning
EUR_MDD,prenatal,rs2568958,ENST00000357731.10|NEGR1|chr1:71402925-71407570|-,0.0782784540625003,574,Distance_pruning
EUR_MDD,interaction,rs2568958,ENST00000357731.10|NEGR1|chr1:71402925-71407570|-,0.0759564382102868,571,Distance_pruning
EUR_MDD,postnatal,rs2568958,ENST00000357731.10|NEGR1|chr1:71402925-71407570|-,0.0655547312255513,574,Distance_pruning
EUR_MDD,postnatal,rs2568958,ENST00000306821.3|NEGR1|chr1:71402944-71407570|-,0.0652759555540498,574,Distance_pruning
EUR_MDD,interaction,rs2568958,ENST00000450461.1|ZRANB2-AS1|chr1:71066766-71067184|+,0.0261896574238401,356,Distance_pruning
EUR_MDD,prenatal,rs2568958,ENST00000450461.1|ZRANB2-AS1|chr1:71066766-71067184|+,0.022259054102074,359,Distance_pruning
EUR_MDD,prenatal,rs2568958,ENST00000254821.10|ZRANB2|chr1:71063337-71065137|-,0.0187931604002395,353,Distance_pruning
EUR_MDD,prenatal,rs2568958,ENST00000370920.8|ZRANB2|chr1:71063291-71065137|-,0.0176499531256543,353,Distance_pruning
EUR_MDD,postnatal,rs2568958,ENST00000450461.1|ZRANB2-AS1|chr1:71066766-71067184|+,0.0163830951822791,359,Distance_pruning
EUR_MDD,interaction,rs2568958,ENST00000254821.10|ZRANB2|chr1:71063337-71065137|-,0.0157723972106869,350,Distance_pruning
EUR_MDD,interaction,rs2568958,ENST00000370920.8|ZRANB2|chr1:71063291-71065137|-,0.014815143663843,350,Distance_pruning
EUR_MDD,postnatal,rs2568958,ENST00000370920.8|ZRANB2|chr1:71063291-71065137|-,0.0140757802629318,353,Distance_pruning
EUR_MDD,postnatal,rs2568958,ENST00000254821.10|ZRANB2|chr1:71063337-71065137|-,0.0139038993081671,353,Distance_pruning
