GWAS_ID,QTL_ID,Locus,Gene,PP4,n_snps
EUR_SCZ,stage2_apa,rs6829012,NM_001378106.1|WDR17|chr4:176179460-176182815|+,0.123173913613783,2035
EUR_SCZ,stage4_apa,rs6829012,NM_021928.4|SPCS3|chr4:176328198-176332245|+,0.11497112448964,1736
EUR_SCZ,stage1_apa,rs6829012,NR_125901.1|GPM6A-DT|chr4:175811860-175812189|+,0.109905442091192,2035
EUR_SCZ,stage4_apa,rs6829012,NR_125901.1|GPM6A-DT|chr4:175811860-175812189|+,0.105553491244291,1736
EUR_SCZ,stage1_apa,rs6829012,NM_021928.4|SPCS3|chr4:176328198-176332245|+,0.0814040206548147,2035
EUR_SCZ,stage2_apa,rs6829012,NM_001388091.1|GPM6A|chr4:175632937-175635057|-,0.0746874436534111,2035
EUR_SCZ,stage3_apa,rs6829012,NM_021928.4|SPCS3|chr4:176328198-176332245|+,0.0738108052721385,2035
EUR_SCZ,stage2_apa,rs6829012,NR_125901.1|GPM6A-DT|chr4:175811860-175812189|+,0.0727422264667272,2035
EUR_SCZ,stage2_apa,rs6829012,NM_021928.4|SPCS3|chr4:176328198-176332245|+,0.0704630274599093,2035
EUR_SCZ,stage1_apa,rs6829012,NM_001378106.1|WDR17|chr4:176179460-176182815|+,0.0702664786587619,2035
EUR_SCZ,stage3_apa,rs6829012,NM_001388091.1|GPM6A|chr4:175632937-175635057|-,0.0670402317701892,2035
EUR_SCZ,stage1_apa,rs6829012,NM_001388091.1|GPM6A|chr4:175632937-175635057|-,0.0651703854787402,2035
EUR_SCZ,stage3_apa,rs6829012,NR_125901.1|GPM6A-DT|chr4:175811860-175812189|+,0.0640462029918467,2035
EUR_SCZ,stage3_apa,rs6829012,NM_001378106.1|WDR17|chr4:176179460-176182815|+,0.0624075395548132,2035
EUR_SCZ,stage4_apa,rs6829012,NM_001378106.1|WDR17|chr4:176179460-176182815|+,0.0527605037046254,1736
EUR_SCZ,stage4_apa,rs6829012,NM_001388091.1|GPM6A|chr4:175632937-175635057|-,0.0526353743249144,1736
EUR_SCZ,stage1_apa,rs6829012,XM_047416197.1|GLRA3|chr4:174636920-174644064|-,0.00215717577608503,121
EUR_SCZ,stage2_apa,rs6829012,XM_047416197.1|GLRA3|chr4:174636920-174644064|-,0.00151385609428669,121
EUR_SCZ,stage4_apa,rs6829012,XM_047416197.1|GLRA3|chr4:174636920-174644064|-,0.00118579611312954,92
EUR_SCZ,stage3_apa,rs6829012,XM_047416197.1|GLRA3|chr4:174636920-174644064|-,0.00113766297753552,121
