GWAS_ID,QTL_ID,Locus,Phenotype,PP4,n_snps,identification_method
EUR_SCZ,prenatal,rs741896,ENST00000468189.5|FHIT|chr3:59751407-59752321|-,0.0681078147278472,2149,Distance_pruning
EUR_SCZ,postnatal,rs741896,ENST00000468189.5|FHIT|chr3:59751407-59752321|-,0.0634654725713279,2149,Distance_pruning
EUR_SCZ,interaction,rs741896,ENST00000468189.5|FHIT|chr3:59751407-59752321|-,0.0581621086724518,2149,Distance_pruning
