GWAS_ID,QTL_ID,Locus,Phenotype,PP4,n_snps,identification_method
EUR_MDD,prenatal,rs2339515,ENST00000486442.6|KLHL29|chr2:23706481-23708606|+,0.162597559756906,216,Distance_pruning
EUR_MDD,interaction,rs2339515,ENST00000486442.6|KLHL29|chr2:23706481-23708606|+,0.0773755615156611,216,Distance_pruning
EUR_MDD,postnatal,rs2339515,ENST00000486442.6|KLHL29|chr2:23706481-23708606|+,0.0491215690432299,216,Distance_pruning
