GWAS_ID,QTL_ID,Locus,Phenotype,PP4,n_snps,identification_method
EUR_MDD,postnatal,rs11040291,ENST00000418331.7|PTPRJ|chr11:48167204-48170839|+,0.0895119433198578,619,Distance_pruning
EUR_MDD,prenatal,rs11040291,ENST00000615445.4|PTPRJ|chr11:48167204-48167762|+,0.0877544311551362,619,Distance_pruning
EUR_MDD,postnatal,rs11040291,ENST00000613246.4|PTPRJ|chr11:48167204-48170841|+,0.0847294232314539,619,Distance_pruning
EUR_MDD,prenatal,rs11040291,ENST00000526870.1|NUP160|chr11:47839501-47840588|-,0.0823688338640901,95,Distance_pruning
EUR_MDD,prenatal,rs11040291,ENST00000378460.6|NUP160|chr11:47778087-47779194|-,0.0801118321701371,95,Distance_pruning
EUR_MDD,postnatal,rs11040291,ENST00000615445.4|PTPRJ|chr11:48167204-48167762|+,0.0788110725515735,619,Distance_pruning
EUR_MDD,prenatal,rs11040291,ENST00000418331.7|PTPRJ|chr11:48167204-48170839|+,0.0778626647113172,619,Distance_pruning
EUR_MDD,prenatal,rs11040291,ENST00000613246.4|PTPRJ|chr11:48167204-48170841|+,0.0777182458259024,619,Distance_pruning
EUR_MDD,postnatal,rs11040291,ENST00000378460.6|NUP160|chr11:47778087-47779194|-,0.0762682053578195,95,Distance_pruning
EUR_MDD,interaction,rs11040291,ENST00000615445.4|PTPRJ|chr11:48167204-48167762|+,0.0731768292117085,619,Distance_pruning
EUR_MDD,interaction,rs11040291,ENST00000418331.7|PTPRJ|chr11:48167204-48170839|+,0.0705619822884926,619,Distance_pruning
EUR_MDD,interaction,rs11040291,ENST00000613246.4|PTPRJ|chr11:48167204-48170841|+,0.0700023820616761,619,Distance_pruning
EUR_MDD,postnatal,rs11040291,ENST00000526870.1|NUP160|chr11:47839501-47840588|-,0.0586706807923057,95,Distance_pruning
EUR_MDD,interaction,rs11040291,ENST00000526870.1|NUP160|chr11:47839501-47840588|-,0.0552189082885885,95,Distance_pruning
EUR_MDD,interaction,rs11040291,ENST00000378460.6|NUP160|chr11:47778087-47779194|-,0.0544018798840788,95,Distance_pruning
