GWAS_ID,QTL_ID,Locus,Gene,PP4,n_snps
EUR_SCZ,stage1_apa,rs7422205,NM_052920.2|KLHL29|chr2:23706481-23708606|+,0.00342371370267336,133
EUR_SCZ,stage4_apa,rs7422205,NM_052920.2|KLHL29|chr2:23706481-23708606|+,0.00134696029217468,121
EUR_SCZ,stage2_apa,rs7422205,NM_052920.2|KLHL29|chr2:23706481-23708606|+,0.00111095259210214,133
EUR_SCZ,stage3_apa,rs7422205,NM_052920.2|KLHL29|chr2:23706481-23708606|+,0.00085458669121612,133
