GWAS_ID,QTL_ID,Locus,Phenotype,PP4,n_snps,identification_method
EUR_SCZ,prenatal,rs6925964,ENST00000302103.6|FUT9|chr6:96203148-96215612|+,0.103741627382968,1914,Distance_pruning
EUR_SCZ,prenatal,rs6925964,ENST00000369278.5|UFL1|chr6:96553285-96555276|+,0.0890001712959333,1870,Distance_pruning
EUR_SCZ,interaction,rs6925964,ENST00000369278.5|UFL1|chr6:96553285-96555276|+,0.0804607061404502,1865,Distance_pruning
EUR_SCZ,interaction,rs6925964,ENST00000229955.4|GPR63|chr6:96795821-96799881|-,0.0747486376476706,1371,Distance_pruning
EUR_SCZ,prenatal,rs6925964,ENST00000229955.4|GPR63|chr6:96795821-96799881|-,0.0730079649133075,1376,Distance_pruning
EUR_SCZ,prenatal,rs6925964,ENST00000316149.8|NDUFAF4|chr6:96889315-96891391|-,0.0721439963008443,1199,Distance_pruning
EUR_SCZ,interaction,rs6925964,ENST00000302103.6|FUT9|chr6:96203148-96215612|+,0.0651908117676739,1909,Distance_pruning
EUR_SCZ,interaction,rs6925964,ENST00000316149.8|NDUFAF4|chr6:96889315-96891391|-,0.056082773646184,1194,Distance_pruning
EUR_SCZ,postnatal,rs6925964,ENST00000229955.4|GPR63|chr6:96795821-96799881|-,0.0546742853659441,1376,Distance_pruning
EUR_SCZ,postnatal,rs6925964,ENST00000302103.6|FUT9|chr6:96203148-96215612|+,0.0536109513821829,1914,Distance_pruning
EUR_SCZ,postnatal,rs6925964,ENST00000316149.8|NDUFAF4|chr6:96889315-96891391|-,0.0535951487215716,1199,Distance_pruning
EUR_SCZ,postnatal,rs6925964,ENST00000369278.5|UFL1|chr6:96553285-96555276|+,0.0528607275969707,1870,Distance_pruning
EUR_SCZ,prenatal,rs6925964,ENST00000369261.9|KLHL32|chr6:97139121-97140753|+,0.0013183497995026,535,Distance_pruning
EUR_SCZ,prenatal,rs6925964,ENST00000536676.5|KLHL32|chr6:97139121-97140754|+,0.0013183497995026,535,Distance_pruning
EUR_SCZ,interaction,rs6925964,ENST00000369261.9|KLHL32|chr6:97139121-97140753|+,0.00104243291596012,534,Distance_pruning
EUR_SCZ,interaction,rs6925964,ENST00000536676.5|KLHL32|chr6:97139121-97140754|+,0.00104243291596012,534,Distance_pruning
EUR_SCZ,postnatal,rs6925964,ENST00000369261.9|KLHL32|chr6:97139121-97140753|+,0.000872013605448212,535,Distance_pruning
EUR_SCZ,postnatal,rs6925964,ENST00000536676.5|KLHL32|chr6:97139121-97140754|+,0.000872013605448212,535,Distance_pruning
