GWAS_ID,QTL_ID,Locus,Gene,PP4,n_snps
EUR_SCZ,stage3_apa,rs1881046,XM_047443963.1|GPD2|chr2:156582793-156586403|+,0.148740301534632,1071
EUR_SCZ,stage4_apa,rs1881046,XM_047443963.1|GPD2|chr2:156582793-156586403|+,0.0974154826577172,874
EUR_SCZ,stage4_apa,rs1881046,XM_047444557.1|NR4A2|chr2:156324437-156326000|-,0.0969131158867472,1048
EUR_SCZ,stage1_apa,rs1881046,XM_047443963.1|GPD2|chr2:156582793-156586403|+,0.0906509018536369,1071
EUR_SCZ,stage2_apa,rs1881046,XM_047444557.1|NR4A2|chr2:156324437-156326000|-,0.0758647655295902,1271
EUR_SCZ,stage2_apa,rs1881046,XM_047443963.1|GPD2|chr2:156582793-156586403|+,0.0663073019913093,1071
EUR_SCZ,stage1_apa,rs1881046,XM_047444557.1|NR4A2|chr2:156324437-156326000|-,0.0654629001902603,1271
EUR_SCZ,stage3_apa,rs1881046,XM_047444557.1|NR4A2|chr2:156324437-156326000|-,0.0629739988824492,1271
EUR_SCZ,stage2_apa,rs1881046,NM_020711.3|ERMN|chr2:157318631-157321791|-,0.00238065858308282,135
EUR_SCZ,stage1_apa,rs1881046,NM_020711.3|ERMN|chr2:157318631-157321791|-,0.00212507356443087,135
EUR_SCZ,stage3_apa,rs1881046,NM_020711.3|ERMN|chr2:157318631-157321791|-,0.0019476117335949,135
EUR_SCZ,stage4_apa,rs1881046,NM_020711.3|ERMN|chr2:157318631-157321791|-,0.00144897143631021,135
EUR_SCZ,stage1_apa,rs1881046,NM_001260509.2|KCNJ3|chr2:154709603-154709850|+,0.0011501608401123,429
EUR_SCZ,stage1_apa,rs1881046,NM_001260508.2|KCNJ3|chr2:154854727-154858354|+,0.0011395114585699,573
EUR_SCZ,stage2_apa,rs1881046,NM_001260508.2|KCNJ3|chr2:154854727-154858354|+,0.00113447116388366,573
EUR_SCZ,stage3_apa,rs1881046,NM_001260508.2|KCNJ3|chr2:154854727-154858354|+,0.00108766986687331,573
EUR_SCZ,stage2_apa,rs1881046,NM_001260509.2|KCNJ3|chr2:154709603-154709850|+,0.000847291846948462,429
EUR_SCZ,stage1_apa,rs1881046,NM_001260510.2|KCNJ3|chr2:154698695-154699591|+,0.000675258124667413,421
EUR_SCZ,stage2_apa,rs1881046,NM_001260510.2|KCNJ3|chr2:154698695-154699591|+,0.000668489843581255,421
EUR_SCZ,stage3_apa,rs1881046,NM_001260509.2|KCNJ3|chr2:154709603-154709850|+,0.000661420446019302,429
EUR_SCZ,stage4_apa,rs1881046,NM_001260509.2|KCNJ3|chr2:154709603-154709850|+,0.00065063902779423,336
EUR_SCZ,stage4_apa,rs1881046,NM_001260508.2|KCNJ3|chr2:154854727-154858354|+,0.000619755826751134,438
EUR_SCZ,stage3_apa,rs1881046,NM_001260510.2|KCNJ3|chr2:154698695-154699591|+,0.000564728587977278,421
EUR_SCZ,stage4_apa,rs1881046,NM_001260510.2|KCNJ3|chr2:154698695-154699591|+,0.000425096003913856,328
