GWAS_ID,QTL_ID,Locus,Phenotype,PP4,n_snps,identification_method
EUR_MDD,interaction,rs1950829,ENST00000298119.9|LRFN5|chr14:41904158-41904549|+,0.159326892907369,1307,Distance_pruning
EUR_MDD,postnatal,rs1950829,ENST00000298119.9|LRFN5|chr14:41904158-41904549|+,0.0885044718629515,1338,Distance_pruning
EUR_MDD,prenatal,rs1950829,ENST00000298119.9|LRFN5|chr14:41904158-41904549|+,0.0832569496432093,1338,Distance_pruning
