GWAS_ID,QTL_ID,Locus,Gene,PP4,n_snps
EUR_SCZ,stage2_apa,rs17049247,NM_001438890.1|FANCL|chr2:58159920-58160179|-,0.0660788329609429,1770
EUR_SCZ,stage1_apa,rs17049247,NM_001438890.1|FANCL|chr2:58159920-58160179|-,0.0609250209122203,1770
EUR_SCZ,stage3_apa,rs17049247,NM_001438890.1|FANCL|chr2:58159920-58160179|-,0.0596990253517241,1770
EUR_SCZ,stage4_apa,rs17049247,NM_001438890.1|FANCL|chr2:58159920-58160179|-,0.0566347758841545,1455
