GWAS_ID,QTL_ID,Locus,Gene,PP4,n_snps
EUR_SCZ,stage4_apa,rs12991836,XM_047445846.1|QTMAN|chr2:143938068-143947135|-,0.176815485159114,602
EUR_SCZ,stage1_apa,rs12991836,NM_001354358.1|QTMAN|chr2:144005753-144007535|-,0.153608098722512,733
EUR_SCZ,stage4_apa,rs12991836,NM_001006636.5|QTMAN|chr2:143944414-143947135|-,0.129279969111031,602
EUR_SCZ,stage3_apa,rs12991836,NM_014795.4|ZEB2|chr2:144384081-144390028|-,0.0965631233150897,733
EUR_SCZ,stage1_apa,rs12991836,NM_001006636.5|QTMAN|chr2:143944414-143947135|-,0.0911770667200255,733
EUR_SCZ,stage2_apa,rs12991836,NM_001354358.1|QTMAN|chr2:144005753-144007535|-,0.0897659001638509,733
EUR_SCZ,stage2_apa,rs12991836,NR_033258.2|ZEB2|chr2:144511385-144513797|-,0.0842796771481612,733
EUR_SCZ,stage2_apa,rs12991836,NM_001376328.1|QTMAN|chr2:143946014-143947135|-,0.0837011863435792,733
EUR_SCZ,stage1_apa,rs12991836,NM_001376328.1|QTMAN|chr2:143946014-143947135|-,0.0822985183966553,733
EUR_SCZ,stage1_apa,rs12991836,NR_033258.2|ZEB2|chr2:144511385-144513797|-,0.0819915561582928,733
EUR_SCZ,stage2_apa,rs12991836,XM_047445846.1|QTMAN|chr2:143938068-143947135|-,0.0814250352016627,733
EUR_SCZ,stage1_apa,rs12991836,NM_014795.4|ZEB2|chr2:144384081-144390028|-,0.0799132916610938,733
EUR_SCZ,stage2_apa,rs12991836,NM_014795.4|ZEB2|chr2:144384081-144390028|-,0.0770630926795869,733
EUR_SCZ,stage2_apa,rs12991836,NM_001006636.5|QTMAN|chr2:143944414-143947135|-,0.0767124729660029,733
EUR_SCZ,stage3_apa,rs12991836,NR_033258.2|ZEB2|chr2:144511385-144513797|-,0.0692409802848519,733
EUR_SCZ,stage3_apa,rs12991836,NM_001376328.1|QTMAN|chr2:143946014-143947135|-,0.0686460138093187,733
EUR_SCZ,stage3_apa,rs12991836,NM_001354358.1|QTMAN|chr2:144005753-144007535|-,0.0678580521239025,733
EUR_SCZ,stage4_apa,rs12991836,NM_001376328.1|QTMAN|chr2:143946014-143947135|-,0.0602314986803423,602
EUR_SCZ,stage4_apa,rs12991836,NM_001354358.1|QTMAN|chr2:144005753-144007535|-,0.0601732263808353,602
EUR_SCZ,stage1_apa,rs12991836,XM_047445846.1|QTMAN|chr2:143938068-143947135|-,0.05192075411694,733
EUR_SCZ,stage4_apa,rs12991836,NM_014795.4|ZEB2|chr2:144384081-144390028|-,0.0460721361044843,602
EUR_SCZ,stage4_apa,rs12991836,NR_033258.2|ZEB2|chr2:144511385-144513797|-,0.043286588348941,602
EUR_SCZ,stage3_apa,rs12991836,NM_001006636.5|QTMAN|chr2:143944414-143947135|-,1.11235162305681e-05,733
EUR_SCZ,stage3_apa,rs12991836,XM_047445846.1|QTMAN|chr2:143938068-143947135|-,7.82286026490221e-08,733
