GWAS_ID,QTL_ID,Locus,Gene,PP4,n_snps
EUR_BIP,stage1_apa,rs57681866,NM_001438890.1|FANCL|chr2:58159920-58160179|-,0.0803719430907975,1948
EUR_BIP,stage2_apa,rs57681866,NM_001438890.1|FANCL|chr2:58159920-58160179|-,0.0730024153931695,1948
EUR_BIP,stage3_apa,rs57681866,NM_001438890.1|FANCL|chr2:58159920-58160179|-,0.0691451047119116,1948
EUR_BIP,stage4_apa,rs57681866,NM_001438890.1|FANCL|chr2:58159920-58160179|-,0.0508328952313976,1575
EUR_BIP,stage3_apa,rs57681866,NM_001080433.2|CCDC85A|chr2:56384266-56386172|+,0.00122111120293393,387
EUR_BIP,stage3_apa,rs57681866,XM_024452642.2|CCDC85A|chr2:56384266-56386174|+,0.00120517600850996,387
EUR_BIP,stage2_apa,rs57681866,NM_001080433.2|CCDC85A|chr2:56384266-56386172|+,0.00117087743976969,387
EUR_BIP,stage2_apa,rs57681866,XM_024452642.2|CCDC85A|chr2:56384266-56386174|+,0.00115056452182206,387
EUR_BIP,stage1_apa,rs57681866,XM_024452642.2|CCDC85A|chr2:56384266-56386174|+,0.00110436796775844,387
EUR_BIP,stage1_apa,rs57681866,NM_001080433.2|CCDC85A|chr2:56384266-56386172|+,0.00109627299947671,387
EUR_BIP,stage4_apa,rs57681866,XM_024452642.2|CCDC85A|chr2:56384266-56386174|+,0.000551733202388633,294
EUR_BIP,stage4_apa,rs57681866,NM_001080433.2|CCDC85A|chr2:56384266-56386172|+,0.000551641762804337,294
