GWAS_ID,QTL_ID,Locus,Gene,PP4,n_snps
EUR_SCZ,stage3_apa,rs6767352,NM_001407132.1|TGFBR2|chr3:30691420-30694142|+,0.0884548120119387,1231
EUR_SCZ,stage2_apa,rs6767352,NM_001407132.1|TGFBR2|chr3:30691420-30694142|+,0.0808798832830779,1231
EUR_SCZ,stage1_apa,rs6767352,NM_014483.4|RBMS3|chr3:29991082-29991318|+,0.0747688492901551,2392
EUR_SCZ,stage1_apa,rs6767352,NM_001407132.1|TGFBR2|chr3:30691420-30694142|+,0.0719297077674935,1231
EUR_SCZ,stage2_apa,rs6767352,NM_014483.4|RBMS3|chr3:29991082-29991318|+,0.0718482843760925,2392
EUR_SCZ,stage3_apa,rs6767352,NM_014483.4|RBMS3|chr3:29991082-29991318|+,0.0668577877152743,2392
EUR_SCZ,stage4_apa,rs6767352,NM_001407132.1|TGFBR2|chr3:30691420-30694142|+,0.0488336862798183,997
EUR_SCZ,stage4_apa,rs6767352,NM_014483.4|RBMS3|chr3:29991082-29991318|+,0.0481975019744643,2036
EUR_SCZ,stage2_apa,rs6767352,NM_001331190.2|CMC1|chr3:28319509-28321047|+,0.000157312398657099,151
EUR_SCZ,stage1_apa,rs6767352,NM_001331190.2|CMC1|chr3:28319509-28321047|+,0.000151971767203405,151
EUR_SCZ,stage3_apa,rs6767352,NM_001331190.2|CMC1|chr3:28319509-28321047|+,0.000147154044362455,151
EUR_SCZ,stage4_apa,rs6767352,NM_001331190.2|CMC1|chr3:28319509-28321047|+,8.81691064221979e-05,118
