GWAS_ID,QTL_ID,Locus,Gene,PP4,n_snps
EUR_SCZ,stage3_apa,rs505061,XM_047422912.1|ELAVL2|chr9:23690104-23692884|-,0.0701331187639659,926
EUR_SCZ,stage2_apa,rs505061,NM_002451.4|MTAP|chr9:21861976-21867081|+,0.0687867570310002,1044
EUR_SCZ,stage2_apa,rs505061,XM_047422912.1|ELAVL2|chr9:23690104-23692884|-,0.0681540603287648,926
EUR_SCZ,stage2_apa,rs505061,XM_017014426.2|ELAVL2|chr9:23690104-23692887|-,0.0679772699615896,926
EUR_SCZ,stage1_apa,rs505061,XM_017014426.2|ELAVL2|chr9:23690104-23692887|-,0.0678834795958532,926
EUR_SCZ,stage1_apa,rs505061,XM_047422912.1|ELAVL2|chr9:23690104-23692884|-,0.066873182040167,926
EUR_SCZ,stage3_apa,rs505061,XM_017014426.2|ELAVL2|chr9:23690104-23692887|-,0.064301014235249,926
EUR_SCZ,stage1_apa,rs505061,NM_002451.4|MTAP|chr9:21861976-21867081|+,0.0603597450813542,1044
EUR_SCZ,stage4_apa,rs505061,XM_047422912.1|ELAVL2|chr9:23690104-23692884|-,0.0525717066969701,645
EUR_SCZ,stage3_apa,rs505061,NM_002451.4|MTAP|chr9:21861976-21867081|+,0.0507597154204366,1044
EUR_SCZ,stage4_apa,rs505061,XM_017014426.2|ELAVL2|chr9:23690104-23692887|-,0.0501475463081095,645
EUR_SCZ,stage4_apa,rs505061,NM_002451.4|MTAP|chr9:21861976-21867081|+,0.0460526357359449,790
EUR_SCZ,stage2_apa,rs505061,NM_018847.4|KLHL9|chr9:21329665-21335404|-,0.000145236290629833,68
EUR_SCZ,stage1_apa,rs505061,NM_018847.4|KLHL9|chr9:21329665-21335404|-,0.00013738138968708,68
EUR_SCZ,stage3_apa,rs505061,NM_018847.4|KLHL9|chr9:21329665-21335404|-,0.000121107754144135,68
EUR_SCZ,stage4_apa,rs505061,NM_018847.4|KLHL9|chr9:21329665-21335404|-,1.55386409437962e-05,11
