GWAS_ID,QTL_ID,Locus,Gene,PP4,n_snps
EUR_BIP,stage4_apa,rs10076901,NM_015946.5|PELO|chr5:52801409-52804044|+,0.00517422261712303,1682
EUR_BIP,stage4_apa,rs10076901,NM_004531.5|MOCS2|chr5:53095679-53098667|-,0.00325069383489734,1277
EUR_BIP,stage4_apa,rs10076901,NM_001318051.2|NDUFS4|chr5:53683118-53683338|+,0.00126759636427186,420
