GWAS_ID,QTL_ID,Locus,Phenotype,PP4,n_snps,identification_method
EUR_ADHD,postnatal,rs1162202,ENST00000584337.5|CDH8|chr16:61725166-61727215|-,0.382252774987892,1201,Distance_pruning
EUR_ADHD,prenatal,rs1162202,ENST00000584337.5|CDH8|chr16:61725166-61727215|-,0.0985120797816881,1201,Distance_pruning
EUR_ADHD,postnatal,rs1162202,ENST00000577390.6|CDH8|chr16:61647250-61654101|-,0.0868163210393332,1201,Distance_pruning
EUR_ADHD,postnatal,rs1162202,ENST00000577730.5|CDH8|chr16:61647242-61652962|-,0.0825502120702698,1201,Distance_pruning
EUR_ADHD,interaction,rs1162202,ENST00000577390.6|CDH8|chr16:61647250-61654101|-,0.0814064844945152,1201,Distance_pruning
EUR_ADHD,prenatal,rs1162202,ENST00000577390.6|CDH8|chr16:61647250-61654101|-,0.063352483821172,1201,Distance_pruning
EUR_ADHD,interaction,rs1162202,ENST00000577730.5|CDH8|chr16:61647242-61652962|-,0.0631528194644909,1201,Distance_pruning
EUR_ADHD,prenatal,rs1162202,ENST00000577730.5|CDH8|chr16:61647242-61652962|-,0.0627930209891218,1201,Distance_pruning
EUR_ADHD,interaction,rs1162202,ENST00000584337.5|CDH8|chr16:61725166-61727215|-,0.0452569336650815,1201,Distance_pruning
