GWAS_ID,QTL_ID,Locus,Gene,PP4,n_snps
EUR_SCZ,stage3_apa,rs2204275,NM_001350121.2|SEMA3C|chr7:80742538-80745307|-,0.137878542282632,655
EUR_SCZ,stage4_apa,rs2204275,NM_001350121.2|SEMA3C|chr7:80742538-80745307|-,0.107381590643341,573
EUR_SCZ,stage2_apa,rs2204275,NR_038345.1|MAGI2-AS3|chr7:79470783-79471208|+,0.0967536616887442,1746
EUR_SCZ,stage2_apa,rs2204275,NM_002069.6|GNAI1|chr7:80217303-80226181|+,0.0863641416507447,1746
EUR_SCZ,stage3_apa,rs2204275,NR_038345.1|MAGI2-AS3|chr7:79470783-79471208|+,0.0844831353175826,1746
EUR_SCZ,stage2_apa,rs2204275,NM_001350121.2|SEMA3C|chr7:80742538-80745307|-,0.0753798461712756,655
EUR_SCZ,stage1_apa,rs2204275,NM_002069.6|GNAI1|chr7:80217303-80226181|+,0.073895740208377,1746
EUR_SCZ,stage1_apa,rs2204275,NM_001350121.2|SEMA3C|chr7:80742538-80745307|-,0.070462443543463,655
EUR_SCZ,stage2_apa,rs2204275,NR_038343.2|MAGI2-AS3|chr7:79459536-79467470|+,0.070193581141029,1746
EUR_SCZ,stage4_apa,rs2204275,NR_038345.1|MAGI2-AS3|chr7:79470783-79471208|+,0.0699096249126257,1634
EUR_SCZ,stage1_apa,rs2204275,NR_038345.1|MAGI2-AS3|chr7:79470783-79471208|+,0.065808530032914,1746
EUR_SCZ,stage3_apa,rs2204275,NR_038343.2|MAGI2-AS3|chr7:79459536-79467470|+,0.064350703642612,1746
EUR_SCZ,stage1_apa,rs2204275,NR_038343.2|MAGI2-AS3|chr7:79459536-79467470|+,0.0642707327027225,1746
EUR_SCZ,stage4_apa,rs2204275,NR_038343.2|MAGI2-AS3|chr7:79459536-79467470|+,0.0624014097847196,1634
EUR_SCZ,stage3_apa,rs2204275,NM_002069.6|GNAI1|chr7:80217303-80226181|+,0.061668094373632,1746
EUR_SCZ,stage4_apa,rs2204275,NM_002069.6|GNAI1|chr7:80217303-80226181|+,0.053582913917574,1634
