GWAS_ID,QTL_ID,Locus,Gene,PP4,n_snps
EUR_SCZ,stage3_apa,rs6549963,NM_001407132.1|TGFBR2|chr3:30691420-30694142|+,0.0851586655125134,1818
EUR_SCZ,stage2_apa,rs6549963,NM_001407132.1|TGFBR2|chr3:30691420-30694142|+,0.0773578948743853,1818
EUR_SCZ,stage1_apa,rs6549963,NM_014483.4|RBMS3|chr3:29991082-29991318|+,0.0752372368081622,2259
EUR_SCZ,stage2_apa,rs6549963,NM_014483.4|RBMS3|chr3:29991082-29991318|+,0.0723200611543768,2259
EUR_SCZ,stage3_apa,rs6549963,NM_014483.4|RBMS3|chr3:29991082-29991318|+,0.0683894352546068,2259
EUR_SCZ,stage1_apa,rs6549963,NM_001407132.1|TGFBR2|chr3:30691420-30694142|+,0.0680326056175704,1818
EUR_SCZ,stage4_apa,rs6549963,NM_014483.4|RBMS3|chr3:29991082-29991318|+,0.0485364013615441,1887
EUR_SCZ,stage4_apa,rs6549963,NM_001407132.1|TGFBR2|chr3:30691420-30694142|+,0.0470633855333084,1474
