GWAS_ID,QTL_ID,Locus,Gene,PP4,n_snps
EUR_SCZ,stage2_apa,rs10803138,NR_046761.1|AKT3-IT1|chr1:243793205-243793580|-,0.00280115772480155,165
EUR_SCZ,stage4_apa,rs10803138,XM_011544014.3|AKT3|chr1:243500091-243505334|-,0.00179781148477765,141
EUR_SCZ,stage3_apa,rs10803138,XM_047435495.1|CEP170|chr1:243124428-243126738|-,0.00177162398249818,165
EUR_SCZ,stage1_apa,rs10803138,XM_047435495.1|CEP170|chr1:243124428-243126738|-,0.00167698659171218,165
EUR_SCZ,stage1_apa,rs10803138,XM_011544014.3|AKT3|chr1:243500091-243505334|-,0.00166297311229956,165
EUR_SCZ,stage2_apa,rs10803138,XM_047435495.1|CEP170|chr1:243124428-243126738|-,0.00156253927883639,165
EUR_SCZ,stage2_apa,rs10803138,XM_011544014.3|AKT3|chr1:243500091-243505334|-,0.00154946236072749,165
EUR_SCZ,stage1_apa,rs10803138,NR_046761.1|AKT3-IT1|chr1:243793205-243793580|-,0.0014633250341935,165
EUR_SCZ,stage3_apa,rs10803138,XM_011544014.3|AKT3|chr1:243500091-243505334|-,0.00132931559167759,165
EUR_SCZ,stage3_apa,rs10803138,NR_046761.1|AKT3-IT1|chr1:243793205-243793580|-,0.00132135218272103,165
EUR_SCZ,stage4_apa,rs10803138,XM_047435495.1|CEP170|chr1:243124428-243126738|-,0.0010192942770826,141
EUR_SCZ,stage4_apa,rs10803138,NR_046761.1|AKT3-IT1|chr1:243793205-243793580|-,0.000942514720602848,141
