GWAS_ID,QTL_ID,Locus,Phenotype,PP4,n_snps,identification_method
EUR_MDD,postnatal,rs28711200,ENST00000577390.6|CDH8|chr16:61647250-61654101|-,0.183466760837233,819,Distance_pruning
EUR_MDD,interaction,rs28711200,ENST00000577390.6|CDH8|chr16:61647250-61654101|-,0.130996114681286,819,Distance_pruning
EUR_MDD,interaction,rs28711200,ENST00000584337.5|CDH8|chr16:61725166-61727215|-,0.115169544917349,819,Distance_pruning
EUR_MDD,prenatal,rs28711200,ENST00000584337.5|CDH8|chr16:61725166-61727215|-,0.0900622404330977,819,Distance_pruning
EUR_MDD,postnatal,rs28711200,ENST00000584337.5|CDH8|chr16:61725166-61727215|-,0.0736280790572078,819,Distance_pruning
EUR_MDD,prenatal,rs28711200,ENST00000577390.6|CDH8|chr16:61647250-61654101|-,0.0711347581348784,819,Distance_pruning
EUR_MDD,prenatal,rs28711200,ENST00000577730.5|CDH8|chr16:61647242-61652962|-,0.0696991985401991,819,Distance_pruning
EUR_MDD,postnatal,rs28711200,ENST00000577730.5|CDH8|chr16:61647242-61652962|-,0.0689718626486539,819,Distance_pruning
EUR_MDD,interaction,rs28711200,ENST00000577730.5|CDH8|chr16:61647242-61652962|-,0.0629888814295439,819,Distance_pruning
