GWAS_ID,QTL_ID,Locus,Phenotype,PP4,n_snps,identification_method
EUR_SCZ,interaction,rs11693094,ENST00000302277.7|ZNF804A|chr2:184935783-184939492|+,0.109493949661244,899,Distance_pruning
EUR_SCZ,prenatal,rs11693094,ENST00000302277.7|ZNF804A|chr2:184935783-184939492|+,0.077136354968933,899,Distance_pruning
EUR_SCZ,postnatal,rs11693094,ENST00000658772.1|RP11-335G13.1|chr2:185950469-185950758|-,0.0671088641823369,161,Distance_pruning
EUR_SCZ,prenatal,rs11693094,ENST00000658772.1|RP11-335G13.1|chr2:185950469-185950758|-,0.0662723273356355,161,Distance_pruning
EUR_SCZ,postnatal,rs11693094,ENST00000302277.7|ZNF804A|chr2:184935783-184939492|+,0.0569898913893242,899,Distance_pruning
EUR_SCZ,interaction,rs11693094,ENST00000658772.1|RP11-335G13.1|chr2:185950469-185950758|-,0.0492165883372267,161,Distance_pruning
