GWAS_ID,QTL_ID,Locus,Phenotype,PP4,n_snps,identification_method
EUR_MDD,prenatal,rs1429428,ENST00000658772.1|RP11-335G13.1|chr2:185950469-185950758|-,0.0773274971824251,590,Distance_pruning
EUR_MDD,prenatal,rs1429428,ENST00000302277.7|ZNF804A|chr2:184935783-184939492|+,0.0717554776307686,992,Distance_pruning
EUR_MDD,postnatal,rs1429428,ENST00000302277.7|ZNF804A|chr2:184935783-184939492|+,0.0588457282387176,992,Distance_pruning
EUR_MDD,postnatal,rs1429428,ENST00000658772.1|RP11-335G13.1|chr2:185950469-185950758|-,0.0571835391714265,590,Distance_pruning
EUR_MDD,interaction,rs1429428,ENST00000658772.1|RP11-335G13.1|chr2:185950469-185950758|-,0.0561196621233486,590,Distance_pruning
EUR_MDD,interaction,rs1429428,ENST00000302277.7|ZNF804A|chr2:184935783-184939492|+,0.0551370200207891,992,Distance_pruning
