GWAS_ID,QTL_ID,Locus,Phenotype,PP4,n_snps,identification_method
EUR_MDD,postnatal,rs7147873,ENST00000399232.8|MDGA2|chr14:46840092-46842019|-,0.346943149211204,1179,Distance_pruning
EUR_MDD,prenatal,rs7147873,ENST00000357362.7|MDGA2|chr14:46841785-46842019|-,0.0765957734566947,1179,Distance_pruning
EUR_MDD,interaction,rs7147873,ENST00000399232.8|MDGA2|chr14:46840092-46842019|-,0.070388470914788,1178,Distance_pruning
EUR_MDD,prenatal,rs7147873,ENST00000426342.7|MDGA2|chr14:46839629-46842019|-,0.0650576318404549,1179,Distance_pruning
EUR_MDD,interaction,rs7147873,ENST00000357362.7|MDGA2|chr14:46841785-46842019|-,0.0650107789935271,1178,Distance_pruning
EUR_MDD,postnatal,rs7147873,ENST00000426342.7|MDGA2|chr14:46839629-46842019|-,0.0646283966837842,1179,Distance_pruning
EUR_MDD,prenatal,rs7147873,ENST00000399232.8|MDGA2|chr14:46840092-46842019|-,0.0631938918755131,1179,Distance_pruning
EUR_MDD,postnatal,rs7147873,ENST00000357362.7|MDGA2|chr14:46841785-46842019|-,0.0580839086613438,1179,Distance_pruning
EUR_MDD,interaction,rs7147873,ENST00000426342.7|MDGA2|chr14:46839629-46842019|-,0.0552618909757939,1178,Distance_pruning
