GWAS_ID,QTL_ID,Locus,Phenotype,PP4,n_snps,identification_method
EUR_MDD,postnatal,rs9538492,ENST00000377894.6|TDRD3|chr13:60573616-60573877|+,0.0829410698130382,891,Distance_pruning
EUR_MDD,postnatal,rs9538492,ENST00000648252.1|TDRD3|chr13:60573616-60573864|+,0.0808758025267905,891,Distance_pruning
EUR_MDD,postnatal,rs9538492,ENST00000377881.8|TDRD3|chr13:60573616-60573871|+,0.0802825445864231,891,Distance_pruning
EUR_MDD,postnatal,rs9538492,ENST00000196169.7|TDRD3|chr13:60573613-60573878|+,0.0769215919377804,891,Distance_pruning
EUR_MDD,postnatal,rs9538492,ENST00000621840.4|TDRD3|chr13:60573613-60573870|+,0.0769143138953674,891,Distance_pruning
EUR_MDD,prenatal,rs9538492,ENST00000648252.1|TDRD3|chr13:60573616-60573864|+,0.0720931932369258,891,Distance_pruning
EUR_MDD,prenatal,rs9538492,ENST00000377881.8|TDRD3|chr13:60573616-60573871|+,0.0717483610309539,891,Distance_pruning
EUR_MDD,prenatal,rs9538492,ENST00000377894.6|TDRD3|chr13:60573616-60573877|+,0.0716665296991983,891,Distance_pruning
EUR_MDD,prenatal,rs9538492,ENST00000621840.4|TDRD3|chr13:60573613-60573870|+,0.0715983972479648,891,Distance_pruning
EUR_MDD,prenatal,rs9538492,ENST00000196169.7|TDRD3|chr13:60573613-60573878|+,0.0710902502849693,891,Distance_pruning
EUR_MDD,interaction,rs9538492,ENST00000648252.1|TDRD3|chr13:60573616-60573864|+,0.0624617796708006,891,Distance_pruning
EUR_MDD,interaction,rs9538492,ENST00000377894.6|TDRD3|chr13:60573616-60573877|+,0.0618422879688234,891,Distance_pruning
EUR_MDD,interaction,rs9538492,ENST00000377881.8|TDRD3|chr13:60573616-60573871|+,0.0615871859999628,891,Distance_pruning
EUR_MDD,interaction,rs9538492,ENST00000621840.4|TDRD3|chr13:60573613-60573870|+,0.0614117290127617,891,Distance_pruning
EUR_MDD,interaction,rs9538492,ENST00000196169.7|TDRD3|chr13:60573613-60573878|+,0.059910842011751,891,Distance_pruning
