GWAS_ID,QTL_ID,Locus,Gene,PP4,n_snps
EUR_BIP,stage4_apa,rs6074741,XM_017027874.3|ESF1|chr20:13714325-13715167|-,0.109508046439393,789
EUR_BIP,stage1_apa,rs6074741,NM_001352403.2|NDUFAF5|chr20:13817118-13821580|+,0.102042606609815,1069
EUR_BIP,stage2_apa,rs6074741,NM_001352403.2|NDUFAF5|chr20:13817118-13821580|+,0.0797851428958643,1069
EUR_BIP,stage1_apa,rs6074741,XM_017027874.3|ESF1|chr20:13714325-13715167|-,0.0794387715329213,920
EUR_BIP,stage3_apa,rs6074741,XM_017027874.3|ESF1|chr20:13714325-13715167|-,0.0756357395513066,920
EUR_BIP,stage2_apa,rs6074741,XM_017027874.3|ESF1|chr20:13714325-13715167|-,0.0742678445075976,920
EUR_BIP,stage2_apa,rs6074741,XM_011529204.3|FLRT3|chr20:14322985-14327558|-,0.0700928200968461,1308
EUR_BIP,stage1_apa,rs6074741,XM_011529204.3|FLRT3|chr20:14322985-14327558|-,0.0667338799240572,1308
EUR_BIP,stage3_apa,rs6074741,NM_001352403.2|NDUFAF5|chr20:13817118-13821580|+,0.0618854389985494,1069
EUR_BIP,stage3_apa,rs6074741,XM_011529204.3|FLRT3|chr20:14322985-14327558|-,0.0613664024905353,1308
EUR_BIP,stage4_apa,rs6074741,NM_001352403.2|NDUFAF5|chr20:13817118-13821580|+,0.0579205987845492,936
EUR_BIP,stage2_apa,rs6074741,XM_047440267.1|TASP1|chr20:13389394-13390452|-,0.0569818804875667,485
EUR_BIP,stage4_apa,rs6074741,XM_011529204.3|FLRT3|chr20:14322985-14327558|-,0.0522291122090181,1119
EUR_BIP,stage3_apa,rs6074741,XM_047440267.1|TASP1|chr20:13389394-13390452|-,0.0477772775121155,485
EUR_BIP,stage1_apa,rs6074741,XM_047440267.1|TASP1|chr20:13389394-13390452|-,0.0460809330788704,485
EUR_BIP,stage4_apa,rs6074741,XM_047440267.1|TASP1|chr20:13389394-13390452|-,0.040959143347417,463
