GWAS_ID,QTL_ID,Locus,Phenotype,PP4,n_snps,identification_method
EUR_SCZ,prenatal,rs11941714,ENST00000543491.2|PCDH7|chr4:30720853-30725309|+,0.0629907850428257,2190,Distance_pruning
EUR_SCZ,postnatal,rs11941714,ENST00000543491.2|PCDH7|chr4:30720853-30725309|+,0.0584208825940978,2189,Distance_pruning
EUR_SCZ,interaction,rs11941714,ENST00000543491.2|PCDH7|chr4:30720853-30725309|+,0.0505840715761954,2190,Distance_pruning
