GWAS_ID,QTL_ID,Locus,Gene,PP4,n_snps
EUR_SCZ,stage2_apa,rs710616,XM_047421811.1|ASAP1|chr8:130052104-130054805|-,0.16018158410429,1662
EUR_SCZ,stage2_apa,rs710616,NM_001353264.2|CYRIB|chr8:129839593-129842205|-,0.0948879781570238,1662
EUR_SCZ,stage1_apa,rs710616,XR_007061113.1|LOC124902025|chr8:129988046-129988331|-,0.079600252944056,1662
EUR_SCZ,stage3_apa,rs710616,NM_001115.3|ADCY8|chr8:130780301-130780877|-,0.0786669893432931,814
EUR_SCZ,stage1_apa,rs710616,NM_001353264.2|CYRIB|chr8:129839593-129842205|-,0.0760029124581631,1662
EUR_SCZ,stage2_apa,rs710616,NM_001115.3|ADCY8|chr8:130780301-130780877|-,0.0735353740792774,814
EUR_SCZ,stage3_apa,rs710616,NM_001353264.2|CYRIB|chr8:129839593-129842205|-,0.0706277254093342,1662
EUR_SCZ,stage3_apa,rs710616,XM_047421811.1|ASAP1|chr8:130052104-130054805|-,0.0671176854771231,1662
EUR_SCZ,stage1_apa,rs710616,NM_001115.3|ADCY8|chr8:130780301-130780877|-,0.0635806282494346,814
EUR_SCZ,stage2_apa,rs710616,XR_007061113.1|LOC124902025|chr8:129988046-129988331|-,0.0628280175238207,1662
EUR_SCZ,stage4_apa,rs710616,XR_007061113.1|LOC124902025|chr8:129988046-129988331|-,0.0603914589375711,1390
EUR_SCZ,stage1_apa,rs710616,XM_047421811.1|ASAP1|chr8:130052104-130054805|-,0.0578446715530017,1662
EUR_SCZ,stage3_apa,rs710616,XR_007061113.1|LOC124902025|chr8:129988046-129988331|-,0.0517872208235586,1662
EUR_SCZ,stage4_apa,rs710616,NM_001115.3|ADCY8|chr8:130780301-130780877|-,0.0481355754705707,641
EUR_SCZ,stage4_apa,rs710616,XM_047421811.1|ASAP1|chr8:130052104-130054805|-,0.0447778037396413,1390
EUR_SCZ,stage4_apa,rs710616,NM_001353264.2|CYRIB|chr8:129839593-129842205|-,0.0416196237900538,1390
