GWAS_ID,QTL_ID,Locus,Gene,PP4,n_snps
EUR_SCZ,stage1_apa,rs10781248,NR_135282.1|CARNMT1|chr9:74980794-74983868|-,0.234735594742845,1438
EUR_SCZ,stage1_apa,rs10781248,NM_001320497.2|CARNMT1|chr9:74980790-74983868|-,0.228542904527703,1438
EUR_SCZ,stage2_apa,rs10781248,XM_006717055.4|OSTF1|chr9:75146683-75147265|+,0.0828484915722035,1438
EUR_SCZ,stage1_apa,rs10781248,NM_017998.3|C9orf40|chr9:74946583-74948206|-,0.066561036307112,1438
EUR_SCZ,stage2_apa,rs10781248,NM_001320497.2|CARNMT1|chr9:74980790-74983868|-,0.0645501204063235,1438
EUR_SCZ,stage2_apa,rs10781248,NR_135282.1|CARNMT1|chr9:74980794-74983868|-,0.0639899785665476,1438
EUR_SCZ,stage3_apa,rs10781248,XM_006717055.4|OSTF1|chr9:75146683-75147265|+,0.0627675706153493,1438
EUR_SCZ,stage2_apa,rs10781248,NM_017998.3|C9orf40|chr9:74946583-74948206|-,0.0623908317394731,1438
EUR_SCZ,stage4_apa,rs10781248,NR_135282.1|CARNMT1|chr9:74980794-74983868|-,0.0623600893397798,1042
EUR_SCZ,stage1_apa,rs10781248,XM_047423550.1|NMRK1|chr9:75060577-75061567|-,0.0618321234675541,1438
EUR_SCZ,stage2_apa,rs10781248,NM_006914.4|RORB|chr9:74685463-74693177|+,0.061788845111364,1438
EUR_SCZ,stage4_apa,rs10781248,NM_001320497.2|CARNMT1|chr9:74980790-74983868|-,0.0615055388449927,1042
EUR_SCZ,stage2_apa,rs10781248,XM_047423550.1|NMRK1|chr9:75060577-75061567|-,0.0607316910474998,1438
EUR_SCZ,stage1_apa,rs10781248,XM_006717055.4|OSTF1|chr9:75146683-75147265|+,0.058638197000431,1438
EUR_SCZ,stage3_apa,rs10781248,NM_017998.3|C9orf40|chr9:74946583-74948206|-,0.0585343777954242,1438
EUR_SCZ,stage3_apa,rs10781248,NM_006914.4|RORB|chr9:74685463-74693177|+,0.0578473140283163,1438
EUR_SCZ,stage1_apa,rs10781248,NM_006914.4|RORB|chr9:74685463-74693177|+,0.0574489708353968,1438
EUR_SCZ,stage3_apa,rs10781248,NR_135282.1|CARNMT1|chr9:74980794-74983868|-,0.048178360178991,1438
EUR_SCZ,stage3_apa,rs10781248,NM_001320497.2|CARNMT1|chr9:74980790-74983868|-,0.0480882048806654,1438
EUR_SCZ,stage4_apa,rs10781248,NM_017998.3|C9orf40|chr9:74946583-74948206|-,0.0455313644525122,1042
EUR_SCZ,stage4_apa,rs10781248,XM_006717055.4|OSTF1|chr9:75146683-75147265|+,0.0419435399729468,1042
EUR_SCZ,stage4_apa,rs10781248,NM_006914.4|RORB|chr9:74685463-74693177|+,0.0416171442210269,1042
EUR_SCZ,stage4_apa,rs10781248,XM_047423550.1|NMRK1|chr9:75060577-75061567|-,0.00310875621924891,1042
EUR_SCZ,stage3_apa,rs10781248,XM_047423550.1|NMRK1|chr9:75060577-75061567|-,2.81962628654692e-05,1438
