GWAS_ID,QTL_ID,Locus,Gene,PP4,n_snps
EUR_SCZ,stage2_apa,rs2176546,NM_001438890.1|FANCL|chr2:58159920-58160179|-,0.0661738607349925,1755
EUR_SCZ,stage1_apa,rs2176546,NM_001438890.1|FANCL|chr2:58159920-58160179|-,0.0609511452624122,1755
EUR_SCZ,stage3_apa,rs2176546,NM_001438890.1|FANCL|chr2:58159920-58160179|-,0.0598562572468534,1755
EUR_SCZ,stage4_apa,rs2176546,NM_001438890.1|FANCL|chr2:58159920-58160179|-,0.0567564081179647,1445
