GWAS_ID,QTL_ID,Locus,Phenotype,PP4,n_snps,identification_method
EUR_MDD,postnatal,rs2680293,ENST00000328224.7|KCNA4|chr11:30009730-30013460|-,0.111574795279635,1318,Distance_pruning
EUR_MDD,interaction,rs2680293,ENST00000328224.7|KCNA4|chr11:30009730-30013460|-,0.0710444571440869,1318,Distance_pruning
EUR_MDD,prenatal,rs2680293,ENST00000358117.10|MPPED2|chr11:30410224-30411586|-,0.0637508312451123,1127,Distance_pruning
EUR_MDD,prenatal,rs2680293,ENST00000282032.4|ARL14EP|chr11:30336567-30338223|+,0.0621410201568283,1224,Distance_pruning
EUR_MDD,prenatal,rs2680293,ENST00000328224.7|KCNA4|chr11:30009730-30013460|-,0.0600650919166129,1318,Distance_pruning
EUR_MDD,postnatal,rs2680293,ENST00000282032.4|ARL14EP|chr11:30336567-30338223|+,0.0546874009395343,1224,Distance_pruning
EUR_MDD,postnatal,rs2680293,ENST00000358117.10|MPPED2|chr11:30410224-30411586|-,0.0542543910171373,1127,Distance_pruning
EUR_MDD,interaction,rs2680293,ENST00000282032.4|ARL14EP|chr11:30336567-30338223|+,0.0507880662956929,1224,Distance_pruning
EUR_MDD,interaction,rs2680293,ENST00000358117.10|MPPED2|chr11:30410224-30411586|-,0.0429786986516957,1127,Distance_pruning
EUR_MDD,prenatal,rs2680293,ENST00000406787.7|METTL15|chr11:28330396-28333507|+,0.000738915956048595,92,Distance_pruning
EUR_MDD,interaction,rs2680293,ENST00000406787.7|METTL15|chr11:28330396-28333507|+,0.000141992819687462,92,Distance_pruning
EUR_MDD,postnatal,rs2680293,ENST00000406787.7|METTL15|chr11:28330396-28333507|+,0.000110850857730507,92,Distance_pruning
