GWAS_ID,QTL_ID,Locus,Gene,PP4,n_snps
EUR_SCZ,stage4_apa,rs7597593,NM_194250.2|ZNF804A|chr2:184935783-184939492|+,0.130990780839672,812
EUR_SCZ,stage1_apa,rs7597593,NM_194250.2|ZNF804A|chr2:184935783-184939492|+,0.0886191902640149,1015
EUR_SCZ,stage2_apa,rs7597593,NM_194250.2|ZNF804A|chr2:184935783-184939492|+,0.0657101287066543,1015
EUR_SCZ,stage3_apa,rs7597593,NM_194250.2|ZNF804A|chr2:184935783-184939492|+,0.0639891919916276,1015
EUR_SCZ,stage2_apa,rs7597593,XR_007087332.1|LOC124906103|chr2:183179226-183215414|+,7.93134259566515e-05,107
EUR_SCZ,stage1_apa,rs7597593,XR_007087332.1|LOC124906103|chr2:183179226-183215414|+,5.79257452674779e-05,107
EUR_SCZ,stage3_apa,rs7597593,XR_007087332.1|LOC124906103|chr2:183179226-183215414|+,4.88175704006728e-05,107
EUR_SCZ,stage4_apa,rs7597593,XR_007087332.1|LOC124906103|chr2:183179226-183215414|+,3.845395484503e-05,107
