GWAS_ID,QTL_ID,Locus,Phenotype,PP4,n_snps,identification_method
EUR_MDD,prenatal,rs7995526,ENST00000434073.1|PCDH9-AS3|chr13:66985497-66985776|+,0.124304613638783,1121,Distance_pruning
EUR_MDD,postnatal,rs7995526,ENST00000377861.4|PCDH9|chr13:67201015-67228575|-,0.0901704437329097,1121,Distance_pruning
EUR_MDD,prenatal,rs7995526,ENST00000648561.1|RP11-576O3.1|chr13:67155991-67156624|+,0.0751437875892788,1121,Distance_pruning
EUR_MDD,postnatal,rs7995526,ENST00000456367.5|PCDH9|chr13:66303345-66305028|-,0.0670032165634771,1121,Distance_pruning
EUR_MDD,prenatal,rs7995526,ENST00000377865.7|PCDH9|chr13:66302834-66305028|-,0.0641764557706817,1121,Distance_pruning
EUR_MDD,postnatal,rs7995526,ENST00000377865.7|PCDH9|chr13:66302834-66305028|-,0.0641579509024967,1121,Distance_pruning
EUR_MDD,prenatal,rs7995526,ENST00000377861.4|PCDH9|chr13:67201015-67228575|-,0.0637426846865293,1121,Distance_pruning
EUR_MDD,prenatal,rs7995526,ENST00000456367.5|PCDH9|chr13:66303345-66305028|-,0.0621320366442163,1121,Distance_pruning
EUR_MDD,interaction,rs7995526,ENST00000377865.7|PCDH9|chr13:66302834-66305028|-,0.0555787861039404,1120,Distance_pruning
EUR_MDD,postnatal,rs7995526,ENST00000648561.1|RP11-576O3.1|chr13:67155991-67156624|+,0.0530793474387934,1121,Distance_pruning
EUR_MDD,interaction,rs7995526,ENST00000434073.1|PCDH9-AS3|chr13:66985497-66985776|+,0.051980305247119,1120,Distance_pruning
EUR_MDD,postnatal,rs7995526,ENST00000434073.1|PCDH9-AS3|chr13:66985497-66985776|+,0.051978051088755,1121,Distance_pruning
EUR_MDD,interaction,rs7995526,ENST00000456367.5|PCDH9|chr13:66303345-66305028|-,0.0517025248344902,1120,Distance_pruning
EUR_MDD,interaction,rs7995526,ENST00000377861.4|PCDH9|chr13:67201015-67228575|-,0.0476400864103493,1120,Distance_pruning
EUR_MDD,interaction,rs7995526,ENST00000648561.1|RP11-576O3.1|chr13:67155991-67156624|+,0.0470633172349382,1120,Distance_pruning
