GWAS_ID,QTL_ID,Locus,Gene,PP4,n_snps
EUR_SCZ,stage2_apa,rs1915019,XM_024447154.2|MMP16|chr8:88032011-88041795|-,0.0806339956168876,1165
EUR_SCZ,stage1_apa,rs1915019,XM_024447154.2|MMP16|chr8:88032011-88041795|-,0.0703238206828239,1165
EUR_SCZ,stage4_apa,rs1915019,XM_024447154.2|MMP16|chr8:88032011-88041795|-,0.0644958998109056,921
EUR_SCZ,stage3_apa,rs1915019,XM_024447154.2|MMP16|chr8:88032011-88041795|-,0.0632335573913121,1165
