GWAS_ID,QTL_ID,Locus,Phenotype,PP4,n_snps,identification_method
EUR_SCZ,postnatal,rs12771371,ENST00000331173.6|CSTF2T|chr10:51695486-51699595|-,0.074765136414141,1778,Distance_pruning
EUR_SCZ,prenatal,rs12771371,ENST00000373976.9|PRKG1|chr10:52062537-52062856|+,0.0693392873533251,2115,Distance_pruning
EUR_SCZ,prenatal,rs12771371,ENST00000331173.6|CSTF2T|chr10:51695486-51699595|-,0.0637793610908257,1778,Distance_pruning
EUR_SCZ,prenatal,rs12771371,ENST00000643582.1|PRKG1|chr10:51907507-51911205|+,0.0630602567348721,2115,Distance_pruning
EUR_SCZ,postnatal,rs12771371,ENST00000373976.9|PRKG1|chr10:52062537-52062856|+,0.0594565559447528,2115,Distance_pruning
EUR_SCZ,interaction,rs12771371,ENST00000373976.9|PRKG1|chr10:52062537-52062856|+,0.0537765293258767,2115,Distance_pruning
EUR_SCZ,interaction,rs12771371,ENST00000331173.6|CSTF2T|chr10:51695486-51699595|-,0.0487099469900185,1778,Distance_pruning
EUR_SCZ,interaction,rs12771371,ENST00000643582.1|PRKG1|chr10:51907507-51911205|+,0.0484306507723329,2115,Distance_pruning
EUR_SCZ,postnatal,rs12771371,ENST00000643582.1|PRKG1|chr10:51907507-51911205|+,0.0479832610116918,2115,Distance_pruning
