GWAS_ID,QTL_ID,Locus,Gene,PP4,n_snps
EUR_SCZ,stage4_apa,rs10067132,NM_016640.4|MRPS30|chr5:44814913-44815514|+,0.20535058279025,255
EUR_SCZ,stage4_apa,rs10067132,NM_021072.4|HCN1|chr5:45254948-45262810|-,0.157362719680612,1050
EUR_SCZ,stage2_apa,rs10067132,NM_021072.4|HCN1|chr5:45254948-45262810|-,0.122106529524987,1068
EUR_SCZ,stage1_apa,rs10067132,NM_016640.4|MRPS30|chr5:44814913-44815514|+,0.119693194699678,257
EUR_SCZ,stage3_apa,rs10067132,NM_021072.4|HCN1|chr5:45254948-45262810|-,0.0958266137203528,1068
EUR_SCZ,stage2_apa,rs10067132,NR_109863.1|MRPS30-DT|chr5:44744328-44745404|-,0.0757093989324611,153
EUR_SCZ,stage2_apa,rs10067132,NR_109862.1|MRPS30-DT|chr5:44744328-44745408|-,0.0745566976485493,153
EUR_SCZ,stage2_apa,rs10067132,NM_016640.4|MRPS30|chr5:44814913-44815514|+,0.0729166105566203,257
EUR_SCZ,stage1_apa,rs10067132,NR_109863.1|MRPS30-DT|chr5:44744328-44745404|-,0.0722630818441244,153
EUR_SCZ,stage1_apa,rs10067132,NR_109862.1|MRPS30-DT|chr5:44744328-44745408|-,0.0704357456562141,153
EUR_SCZ,stage1_apa,rs10067132,NM_021072.4|HCN1|chr5:45254948-45262810|-,0.0671561113500824,1068
EUR_SCZ,stage3_apa,rs10067132,NM_016640.4|MRPS30|chr5:44814913-44815514|+,0.0602923369434453,257
EUR_SCZ,stage3_apa,rs10067132,NR_109863.1|MRPS30-DT|chr5:44744328-44745404|-,0.0583178757006647,153
EUR_SCZ,stage3_apa,rs10067132,NR_109862.1|MRPS30-DT|chr5:44744328-44745408|-,0.0577296640266615,153
EUR_SCZ,stage4_apa,rs10067132,NR_109863.1|MRPS30-DT|chr5:44744328-44745404|-,0.046149558374167,152
EUR_SCZ,stage4_apa,rs10067132,NR_109862.1|MRPS30-DT|chr5:44744328-44745408|-,0.045410311122913,152
