GWAS_ID,QTL_ID,Locus,Phenotype,PP4,n_snps,identification_method
EUR_SCZ,prenatal,rs4627212,ENST00000377918.8|PCDH17|chr13:57724612-57729311|+,0.104751807971381,1598,Distance_pruning
EUR_SCZ,interaction,rs4627212,ENST00000377918.8|PCDH17|chr13:57724612-57729311|+,0.0535007189973996,1590,Distance_pruning
EUR_SCZ,postnatal,rs4627212,ENST00000377918.8|PCDH17|chr13:57724612-57729311|+,0.0425307926424525,1598,Distance_pruning
