GWAS_ID,QTL_ID,Locus,Gene,PP4,n_snps
EUR_SCZ,stage2_apa,rs16825349,NR_033258.2|ZEB2|chr2:144511385-144513797|-,0.0241291779478501,375
EUR_SCZ,stage1_apa,rs16825349,NR_033258.2|ZEB2|chr2:144511385-144513797|-,0.023453588186987,375
EUR_SCZ,stage3_apa,rs16825349,NR_033258.2|ZEB2|chr2:144511385-144513797|-,0.0222594296331652,375
EUR_SCZ,stage2_apa,rs16825349,NM_014795.4|ZEB2|chr2:144384081-144390028|-,0.0203252921160597,253
EUR_SCZ,stage1_apa,rs16825349,NM_014795.4|ZEB2|chr2:144384081-144390028|-,0.0174865566159681,253
EUR_SCZ,stage3_apa,rs16825349,NM_014795.4|ZEB2|chr2:144384081-144390028|-,0.0169486793945132,253
EUR_SCZ,stage4_apa,rs16825349,NR_033258.2|ZEB2|chr2:144511385-144513797|-,0.0156576309094537,331
EUR_SCZ,stage4_apa,rs16825349,NM_014795.4|ZEB2|chr2:144384081-144390028|-,0.0138109676095092,217
