GWAS_ID,QTL_ID,Locus,Phenotype,PP4,n_snps,identification_method
EUR_SCZ,interaction,rs634940,ENST00000680190.1|EPHA7|chr6:93240038-93243540|-,0.255616636366278,887,Distance_pruning
EUR_SCZ,interaction,rs634940,ENST00000369303.9|EPHA7|chr6:93240020-93243540|-,0.249958067030913,887,Distance_pruning
EUR_SCZ,prenatal,rs634940,ENST00000680190.1|EPHA7|chr6:93240038-93243540|-,0.136405706696133,888,Distance_pruning
EUR_SCZ,prenatal,rs634940,ENST00000369303.9|EPHA7|chr6:93240020-93243540|-,0.133185322453661,888,Distance_pruning
EUR_SCZ,prenatal,rs634940,ENST00000369297.1|EPHA7|chr6:93409654-93411170|-,0.0961487091582096,888,Distance_pruning
EUR_SCZ,postnatal,rs634940,ENST00000369297.1|EPHA7|chr6:93409654-93411170|-,0.0611235035465243,888,Distance_pruning
EUR_SCZ,postnatal,rs634940,ENST00000680190.1|EPHA7|chr6:93240038-93243540|-,0.0580379566908354,888,Distance_pruning
EUR_SCZ,postnatal,rs634940,ENST00000369303.9|EPHA7|chr6:93240020-93243540|-,0.0574776935298016,888,Distance_pruning
EUR_SCZ,interaction,rs634940,ENST00000369297.1|EPHA7|chr6:93409654-93411170|-,0.0478577755093169,887,Distance_pruning
