GWAS_ID,QTL_ID,Locus,Phenotype,PP4,n_snps,identification_method
EUR_BIP,prenatal,rs263771,ENST00000658772.1|RP11-335G13.1|chr2:185950469-185950758|-,0.0833780443456013,786,Distance_pruning
EUR_BIP,prenatal,rs263771,ENST00000302277.7|ZNF804A|chr2:184935783-184939492|+,0.0691636103200356,1098,Distance_pruning
EUR_BIP,interaction,rs263771,ENST00000302277.7|ZNF804A|chr2:184935783-184939492|+,0.0562669859709337,1098,Distance_pruning
EUR_BIP,postnatal,rs263771,ENST00000302277.7|ZNF804A|chr2:184935783-184939492|+,0.0554020580063511,1098,Distance_pruning
EUR_BIP,interaction,rs263771,ENST00000658772.1|RP11-335G13.1|chr2:185950469-185950758|-,0.0533003938333872,786,Distance_pruning
EUR_BIP,postnatal,rs263771,ENST00000658772.1|RP11-335G13.1|chr2:185950469-185950758|-,0.0434899959750713,786,Distance_pruning
EUR_BIP,interaction,rs263771,ENST00000337859.11|ZC3H15|chr2:186508543-186509361|+,9.94861173625274e-05,42,Distance_pruning
EUR_BIP,postnatal,rs263771,ENST00000337859.11|ZC3H15|chr2:186508543-186509361|+,3.60025477205236e-05,42,Distance_pruning
EUR_BIP,prenatal,rs263771,ENST00000337859.11|ZC3H15|chr2:186508543-186509361|+,3.57467853618853e-05,42,Distance_pruning
