GWAS_ID,QTL_ID,Locus,Phenotype,PP4,n_snps,identification_method
EUR_MDD,interaction,rs11839325,ENST00000456367.5|PCDH9|chr13:66303345-66305028|-,0.462994946937754,1305,Distance_pruning
EUR_MDD,interaction,rs11839325,ENST00000648561.1|RP11-576O3.1|chr13:67155991-67156624|+,0.232297594656829,392,Distance_pruning
EUR_MDD,interaction,rs11839325,ENST00000377865.7|PCDH9|chr13:66302834-66305028|-,0.169763962379018,1305,Distance_pruning
EUR_MDD,postnatal,rs11839325,ENST00000434073.1|PCDH9-AS3|chr13:66985497-66985776|+,0.142696993520891,786,Distance_pruning
EUR_MDD,prenatal,rs11839325,ENST00000456367.5|PCDH9|chr13:66303345-66305028|-,0.121344857697054,1305,Distance_pruning
EUR_MDD,prenatal,rs11839325,ENST00000648561.1|RP11-576O3.1|chr13:67155991-67156624|+,0.105497412255984,392,Distance_pruning
EUR_MDD,prenatal,rs11839325,ENST00000377865.7|PCDH9|chr13:66302834-66305028|-,0.0961412084397055,1305,Distance_pruning
EUR_MDD,interaction,rs11839325,ENST00000434073.1|PCDH9-AS3|chr13:66985497-66985776|+,0.0895404593351524,786,Distance_pruning
EUR_MDD,postnatal,rs11839325,ENST00000648561.1|RP11-576O3.1|chr13:67155991-67156624|+,0.0870536288985732,392,Distance_pruning
EUR_MDD,postnatal,rs11839325,ENST00000456367.5|PCDH9|chr13:66303345-66305028|-,0.0846671291343787,1305,Distance_pruning
EUR_MDD,postnatal,rs11839325,ENST00000377865.7|PCDH9|chr13:66302834-66305028|-,0.0738898072571322,1305,Distance_pruning
EUR_MDD,prenatal,rs11839325,ENST00000377861.4|PCDH9|chr13:67201015-67228575|-,0.0723038468674053,1305,Distance_pruning
EUR_MDD,prenatal,rs11839325,ENST00000434073.1|PCDH9-AS3|chr13:66985497-66985776|+,0.0675635237159962,786,Distance_pruning
EUR_MDD,postnatal,rs11839325,ENST00000377861.4|PCDH9|chr13:67201015-67228575|-,0.0553167258931043,1305,Distance_pruning
EUR_MDD,interaction,rs11839325,ENST00000377861.4|PCDH9|chr13:67201015-67228575|-,0.0441584352518388,1305,Distance_pruning
