GWAS_ID,QTL_ID,Locus,Gene,PP4,n_snps
EUR_SCZ,stage4_apa,rs13016542,XM_047445846.1|QTMAN|chr2:143938068-143947135|-,0.180405003209499,558
EUR_SCZ,stage1_apa,rs13016542,NM_001354358.1|QTMAN|chr2:144005753-144007535|-,0.156498776532969,693
EUR_SCZ,stage4_apa,rs13016542,NM_001006636.5|QTMAN|chr2:143944414-143947135|-,0.129335549269115,558
EUR_SCZ,stage3_apa,rs13016542,NM_014795.4|ZEB2|chr2:144384081-144390028|-,0.0969760699330001,693
EUR_SCZ,stage1_apa,rs13016542,NM_001006636.5|QTMAN|chr2:143944414-143947135|-,0.0916910478645851,693
EUR_SCZ,stage2_apa,rs13016542,NM_001354358.1|QTMAN|chr2:144005753-144007535|-,0.0901135015653924,693
EUR_SCZ,stage2_apa,rs13016542,NR_033258.2|ZEB2|chr2:144511385-144513797|-,0.0845669172405071,693
EUR_SCZ,stage2_apa,rs13016542,NM_001376328.1|QTMAN|chr2:143946014-143947135|-,0.0839266396518846,693
EUR_SCZ,stage1_apa,rs13016542,NM_001376328.1|QTMAN|chr2:143946014-143947135|-,0.0824133807012979,693
EUR_SCZ,stage1_apa,rs13016542,NR_033258.2|ZEB2|chr2:144511385-144513797|-,0.0820462830857459,693
EUR_SCZ,stage2_apa,rs13016542,XM_047445846.1|QTMAN|chr2:143938068-143947135|-,0.0816844308472077,693
EUR_SCZ,stage1_apa,rs13016542,NM_014795.4|ZEB2|chr2:144384081-144390028|-,0.0799990619817113,693
EUR_SCZ,stage2_apa,rs13016542,NM_014795.4|ZEB2|chr2:144384081-144390028|-,0.077241993461875,693
EUR_SCZ,stage2_apa,rs13016542,NM_001006636.5|QTMAN|chr2:143944414-143947135|-,0.0769551529931889,693
EUR_SCZ,stage3_apa,rs13016542,NR_033258.2|ZEB2|chr2:144511385-144513797|-,0.0693387479295725,693
EUR_SCZ,stage3_apa,rs13016542,NM_001376328.1|QTMAN|chr2:143946014-143947135|-,0.0685843684061407,693
EUR_SCZ,stage3_apa,rs13016542,NM_001354358.1|QTMAN|chr2:144005753-144007535|-,0.0677737429781378,693
EUR_SCZ,stage4_apa,rs13016542,NM_001354358.1|QTMAN|chr2:144005753-144007535|-,0.0600669116206591,558
EUR_SCZ,stage4_apa,rs13016542,NM_001376328.1|QTMAN|chr2:143946014-143947135|-,0.0600572161486396,558
EUR_SCZ,stage1_apa,rs13016542,XM_047445846.1|QTMAN|chr2:143938068-143947135|-,0.0496235920864163,693
EUR_SCZ,stage4_apa,rs13016542,NM_014795.4|ZEB2|chr2:144384081-144390028|-,0.0458945360413305,558
EUR_SCZ,stage4_apa,rs13016542,NR_033258.2|ZEB2|chr2:144511385-144513797|-,0.043139806908032,558
EUR_SCZ,stage3_apa,rs13016542,NM_001006636.5|QTMAN|chr2:143944414-143947135|-,9.71288443341576e-06,693
EUR_SCZ,stage3_apa,rs13016542,XM_047445846.1|QTMAN|chr2:143938068-143947135|-,7.69293847498749e-08,693
