GWAS_ID,QTL_ID,Locus,Gene,PP4,n_snps
EUR_PD,stage4_apa,rs12654306,NM_174889.5|NDUFAF2|chr5:61152704-61153026|+,0.604762162076102,691
EUR_PD,stage4_apa,rs12654306,NM_001007234.3|ERCC8|chr5:60903360-60903716|-,0.149350373064397,691
EUR_PD,stage4_apa,rs12654306,NR_028509.1|PART1|chr5:60521020-60526418|+,0.136449015686964,691
EUR_PD,stage4_apa,rs12654306,NR_028508.1|PART1|chr5:60489661-60491265|+,0.106619415977694,691
EUR_PD,stage4_apa,rs12654306,NM_020928.2|ZSWIM6|chr5:61543455-61546172|+,0.0989170594045658,534
EUR_PD,stage4_apa,rs12654306,XR_001742414.2|LOC107986350|chr5:59832812-59847199|-,0.0840527105485905,447
EUR_PD,stage4_apa,rs12654306,NM_001048249.4|SMIM15|chr5:61157704-61160199|-,0.0634307819641254,691
EUR_PD,stage4_apa,rs12654306,XM_011543651.4|ELOVL7|chr5:60751791-60754833|-,0.0515161058650368,691
EUR_PD,stage4_apa,rs12654306,XR_001742409.2|LOC107986347|chr5:59558557-59558793|-,0.00181896333841073,166
