GWAS_ID,QTL_ID,Locus,Phenotype,PP4,n_snps,identification_method
EUR_MDD,prenatal,rs6930109,ENST00000684068.1|GRIK2|chr6:102068347-102069006|+,0.0823552865717555,1693,Distance_pruning
EUR_MDD,postnatal,rs6930109,ENST00000684068.1|GRIK2|chr6:102068347-102069006|+,0.0801993686478647,1693,Distance_pruning
EUR_MDD,interaction,rs6930109,ENST00000684068.1|GRIK2|chr6:102068347-102069006|+,0.0672377958827329,1685,Distance_pruning
EUR_MDD,prenatal,rs6930109,ENST00000682090.1|GRIK2|chr6:102068347-102070069|+,0.0632924678245382,1693,Distance_pruning
EUR_MDD,prenatal,rs6930109,ENST00000421544.6|GRIK2|chr6:102068347-102070083|+,0.0630900802341758,1693,Distance_pruning
EUR_MDD,interaction,rs6930109,ENST00000421544.6|GRIK2|chr6:102068347-102070083|+,0.0533701097729139,1685,Distance_pruning
EUR_MDD,interaction,rs6930109,ENST00000682090.1|GRIK2|chr6:102068347-102070069|+,0.0528269421916426,1685,Distance_pruning
EUR_MDD,postnatal,rs6930109,ENST00000421544.6|GRIK2|chr6:102068347-102070083|+,0.0515634948737442,1693,Distance_pruning
EUR_MDD,postnatal,rs6930109,ENST00000682090.1|GRIK2|chr6:102068347-102070069|+,0.0507266727101794,1693,Distance_pruning
