GWAS_ID,QTL_ID,Locus,Gene,PP4,n_snps
EUR_SCZ,stage3_apa,rs1427633,NM_001430594.1|SPOCK3|chr4:166733384-166735090|-,0.0945844672754598,1517
EUR_SCZ,stage1_apa,rs1427633,NM_001204358.2|SPOCK3|chr4:166754086-166754729|-,0.0710795324130099,1517
EUR_SCZ,stage2_apa,rs1427633,NM_001430594.1|SPOCK3|chr4:166733384-166735090|-,0.0710493479466385,1517
EUR_SCZ,stage2_apa,rs1427633,NM_001204358.2|SPOCK3|chr4:166754086-166754729|-,0.0680230867945923,1517
EUR_SCZ,stage1_apa,rs1427633,NM_001430594.1|SPOCK3|chr4:166733384-166735090|-,0.0658538780686566,1517
EUR_SCZ,stage3_apa,rs1427633,NM_001204358.2|SPOCK3|chr4:166754086-166754729|-,0.0550889324082687,1517
EUR_SCZ,stage4_apa,rs1427633,NM_001204358.2|SPOCK3|chr4:166754086-166754729|-,0.0519582502728863,1314
EUR_SCZ,stage4_apa,rs1427633,NM_001430594.1|SPOCK3|chr4:166733384-166735090|-,0.0359696846806972,1314
