GWAS_ID,QTL_ID,Locus,Phenotype,PP4,n_snps,identification_method
EUR_SCZ,interaction,rs187557,ENST00000619412.4|FBXL17|chr5:107859053-107861860|-,0.0652878903825482,1582,Distance_pruning
EUR_SCZ,prenatal,rs187557,ENST00000619412.4|FBXL17|chr5:107859053-107861860|-,0.0651599519886433,1582,Distance_pruning
EUR_SCZ,prenatal,rs187557,ENST00000333274.11|EFNA5|chr5:107376894-107381376|-,0.0643324439980727,1582,Distance_pruning
EUR_SCZ,prenatal,rs187557,ENST00000542267.7|FBXL17|chr5:107859035-107861860|-,0.0641216257206108,1582,Distance_pruning
EUR_SCZ,interaction,rs187557,ENST00000542267.7|FBXL17|chr5:107859035-107861860|-,0.0609636101191593,1582,Distance_pruning
EUR_SCZ,postnatal,rs187557,ENST00000333274.11|EFNA5|chr5:107376894-107381376|-,0.057505339066911,1582,Distance_pruning
EUR_SCZ,interaction,rs187557,ENST00000333274.11|EFNA5|chr5:107376894-107381376|-,0.0531146867016541,1582,Distance_pruning
EUR_SCZ,postnatal,rs187557,ENST00000542267.7|FBXL17|chr5:107859035-107861860|-,0.0529796263857011,1582,Distance_pruning
EUR_SCZ,postnatal,rs187557,ENST00000619412.4|FBXL17|chr5:107859053-107861860|-,0.0483763144166856,1582,Distance_pruning
