GWAS_ID,QTL_ID,Locus,Phenotype,PP4,n_snps,identification_method
EUR_PTSD,postnatal,rs9651062,ENST00000367462.5|BRINP3|chr1:190097658-190099134|-,0.141266627837931,349,Distance_pruning
EUR_PTSD,postnatal,rs9651062,ENST00000424735.1|LINC01351|chr1:190480345-190480735|+,0.0895040150654907,998,Distance_pruning
EUR_PTSD,interaction,rs9651062,ENST00000424735.1|LINC01351|chr1:190480345-190480735|+,0.0761380251066376,997,Distance_pruning
EUR_PTSD,prenatal,rs9651062,ENST00000424735.1|LINC01351|chr1:190480345-190480735|+,0.0679786121884012,998,Distance_pruning
EUR_PTSD,prenatal,rs9651062,ENST00000367462.5|BRINP3|chr1:190097658-190099134|-,0.0567991830527741,349,Distance_pruning
EUR_PTSD,interaction,rs9651062,ENST00000367462.5|BRINP3|chr1:190097658-190099134|-,0.0423455080920221,349,Distance_pruning
EUR_PTSD,postnatal,rs9651062,ENST00000235382.7|RGS2|chr1:192811402-192812275|+,7.62222349962551e-05,211,Distance_pruning
EUR_PTSD,prenatal,rs9651062,ENST00000235382.7|RGS2|chr1:192811402-192812275|+,7.1790191245803e-05,211,Distance_pruning
EUR_PTSD,interaction,rs9651062,ENST00000235382.7|RGS2|chr1:192811402-192812275|+,6.35806865397119e-05,211,Distance_pruning
