GWAS_ID,QTL_ID,Locus,Phenotype,PP4,n_snps,identification_method
EUR_MDD,prenatal,rs780024,ENST00000431078.1|CNTNAP5|chr2:124914092-124915287|+,0.0836264297277212,1397,Distance_pruning
EUR_MDD,prenatal,rs780024,ENST00000682447.1|CNTNAP5|chr2:124914092-124921219|+,0.063755336656035,1397,Distance_pruning
EUR_MDD,interaction,rs780024,ENST00000431078.1|CNTNAP5|chr2:124914092-124915287|+,0.0524371033135301,1395,Distance_pruning
EUR_MDD,postnatal,rs780024,ENST00000431078.1|CNTNAP5|chr2:124914092-124915287|+,0.0454162305988538,1397,Distance_pruning
EUR_MDD,interaction,rs780024,ENST00000682447.1|CNTNAP5|chr2:124914092-124921219|+,0.0431986209119513,1395,Distance_pruning
EUR_MDD,postnatal,rs780024,ENST00000682447.1|CNTNAP5|chr2:124914092-124921219|+,0.0389226428824717,1397,Distance_pruning
