GWAS_ID,QTL_ID,Locus,Gene,PP4,n_snps
EUR_SCZ,stage4_apa,rs13145415,NM_032457.4|PCDH7|chr4:31142473-31146800|+,0.196621075051424,2010
EUR_SCZ,stage1_apa,rs13145415,NM_032457.4|PCDH7|chr4:31142473-31146800|+,0.124915239992344,2320
EUR_SCZ,stage2_apa,rs13145415,NM_032457.4|PCDH7|chr4:31142473-31146800|+,0.0687920643196485,2320
EUR_SCZ,stage3_apa,rs13145415,NM_032457.4|PCDH7|chr4:31142473-31146800|+,0.0620269464147282,2320
