GWAS_ID,QTL_ID,Locus,Gene,PP4,n_snps
EUR_SCZ,stage4_apa,rs10103330,XR_941369.3|LOC105377790|chr8:3867831-3869342|+,0.103866685223631,4152
EUR_SCZ,stage1_apa,rs10103330,XR_941369.3|LOC105377790|chr8:3867831-3869342|+,0.0856194959958849,4970
EUR_SCZ,stage2_apa,rs10103330,XR_941369.3|LOC105377790|chr8:3867831-3869342|+,0.0535557874652711,4970
EUR_SCZ,stage3_apa,rs10103330,XR_941369.3|LOC105377790|chr8:3867831-3869342|+,0.0491228003431651,4970
EUR_SCZ,stage2_apa,rs10103330,XM_011534754.2|CSMD1|chr8:2935361-2938744|-,0.00154010494317589,561
EUR_SCZ,stage1_apa,rs10103330,XM_011534754.2|CSMD1|chr8:2935361-2938744|-,0.00145806650692162,561
EUR_SCZ,stage3_apa,rs10103330,XM_011534754.2|CSMD1|chr8:2935361-2938744|-,0.00122151497105372,561
EUR_SCZ,stage4_apa,rs10103330,XM_011534754.2|CSMD1|chr8:2935361-2938744|-,0.00100223840394997,482
