GWAS_ID,QTL_ID,Locus,Gene,PP4,n_snps
EUR_SCZ,stage3_apa,rs10035564,NR_109862.1|MRPS30-DT|chr5:44744328-44745408|-,0.207952224357898,690
EUR_SCZ,stage3_apa,rs10035564,NR_109863.1|MRPS30-DT|chr5:44744328-44745404|-,0.197323784576354,690
EUR_SCZ,stage2_apa,rs10035564,NM_021072.4|HCN1|chr5:45254948-45262810|-,0.139466466985906,700
EUR_SCZ,stage4_apa,rs10035564,NR_109862.1|MRPS30-DT|chr5:44744328-44745408|-,0.109442186875347,623
EUR_SCZ,stage4_apa,rs10035564,NR_109863.1|MRPS30-DT|chr5:44744328-44745404|-,0.104499228537248,623
EUR_SCZ,stage1_apa,rs10035564,NM_021072.4|HCN1|chr5:45254948-45262810|-,0.0962093292369208,700
EUR_SCZ,stage4_apa,rs10035564,NM_016640.4|MRPS30|chr5:44814913-44815514|+,0.086351171846301,632
EUR_SCZ,stage1_apa,rs10035564,NM_016640.4|MRPS30|chr5:44814913-44815514|+,0.0808716445267711,700
EUR_SCZ,stage2_apa,rs10035564,NR_109863.1|MRPS30-DT|chr5:44744328-44745404|-,0.0803648059517158,690
EUR_SCZ,stage2_apa,rs10035564,NR_109862.1|MRPS30-DT|chr5:44744328-44745408|-,0.0788869303334596,690
EUR_SCZ,stage2_apa,rs10035564,NM_016640.4|MRPS30|chr5:44814913-44815514|+,0.0760676819147989,700
EUR_SCZ,stage3_apa,rs10035564,NM_021072.4|HCN1|chr5:45254948-45262810|-,0.072726722372776,700
EUR_SCZ,stage1_apa,rs10035564,NR_109863.1|MRPS30-DT|chr5:44744328-44745404|-,0.0672990111328275,690
EUR_SCZ,stage1_apa,rs10035564,NR_109862.1|MRPS30-DT|chr5:44744328-44745408|-,0.0670200006811162,690
EUR_SCZ,stage3_apa,rs10035564,NM_016640.4|MRPS30|chr5:44814913-44815514|+,0.0571921944760409,700
EUR_SCZ,stage4_apa,rs10035564,NM_021072.4|HCN1|chr5:45254948-45262810|-,0.0556158597850596,632
