GWAS_ID,QTL_ID,Locus,Gene,PP4,n_snps
EUR_SCZ,stage3_apa,rs12092858,NM_003838.5|FPGT|chr1:74204391-74208702|+,0.224519693177163,731
EUR_SCZ,stage4_apa,rs12092858,NM_003838.5|FPGT|chr1:74204391-74208702|+,0.162174563163285,682
EUR_SCZ,stage4_apa,rs12092858,NM_001199329.3|FPGT|chr1:74205208-74208702|+,0.106116737040769,681
EUR_SCZ,stage3_apa,rs12092858,NM_001199329.3|FPGT|chr1:74205208-74208702|+,0.102419530955521,730
EUR_SCZ,stage2_apa,rs12092858,NM_001199329.3|FPGT|chr1:74205208-74208702|+,0.0921447842005362,730
EUR_SCZ,stage2_apa,rs12092858,NM_001002912.5|ERICH3|chr1:74568123-74570439|-,0.0920370527595364,263
EUR_SCZ,stage1_apa,rs12092858,NM_001199329.3|FPGT|chr1:74205208-74208702|+,0.0790669999340485,730
EUR_SCZ,stage1_apa,rs12092858,NM_001002912.5|ERICH3|chr1:74568123-74570439|-,0.0773991804229145,263
EUR_SCZ,stage1_apa,rs12092858,XM_017000276.2|ERICH3|chr1:74571099-74573491|-,0.0763453293603997,262
EUR_SCZ,stage2_apa,rs12092858,NM_003838.5|FPGT|chr1:74204391-74208702|+,0.0763281119061045,731
EUR_SCZ,stage2_apa,rs12092858,XM_017000276.2|ERICH3|chr1:74571099-74573491|-,0.0745109760969394,262
EUR_SCZ,stage1_apa,rs12092858,NM_003838.5|FPGT|chr1:74204391-74208702|+,0.0686372824459921,731
EUR_SCZ,stage3_apa,rs12092858,XM_017000276.2|ERICH3|chr1:74571099-74573491|-,0.0658180885352168,262
EUR_SCZ,stage3_apa,rs12092858,NM_001002912.5|ERICH3|chr1:74568123-74570439|-,0.0558333099082626,263
EUR_SCZ,stage4_apa,rs12092858,NM_001002912.5|ERICH3|chr1:74568123-74570439|-,0.0512729236607613,245
EUR_SCZ,stage4_apa,rs12092858,XM_017000276.2|ERICH3|chr1:74571099-74573491|-,0.0464810510154243,244
EUR_SCZ,stage3_apa,rs12092858,XM_011540747.3|CRYZ|chr1:74705486-74706457|-,2.58005564300487e-05,11
EUR_SCZ,stage2_apa,rs12092858,XM_011540747.3|CRYZ|chr1:74705486-74706457|-,8.77921701453776e-06,11
EUR_SCZ,stage1_apa,rs12092858,XM_011540747.3|CRYZ|chr1:74705486-74706457|-,8.10453874427295e-06,11
EUR_SCZ,stage4_apa,rs12092858,XM_011540747.3|CRYZ|chr1:74705486-74706457|-,5.85922740487135e-06,11
