GWAS_ID,QTL_ID,Locus,Phenotype,PP4,n_snps,identification_method
EUR_SCZ,postnatal,rs13011472,ENST00000607540.1|RP11-482H16.1|chr2:56384266-56386171|+,0.000406973668255109,465,Distance_pruning
EUR_SCZ,postnatal,rs13011472,ENST00000407595.3|CCDC85A|chr2:56384266-56386172|+,0.000404181784826779,465,Distance_pruning
EUR_SCZ,interaction,rs13011472,ENST00000607540.1|RP11-482H16.1|chr2:56384266-56386171|+,0.000336057785232837,464,Distance_pruning
EUR_SCZ,interaction,rs13011472,ENST00000407595.3|CCDC85A|chr2:56384266-56386172|+,0.000334530726108414,464,Distance_pruning
EUR_SCZ,prenatal,rs13011472,ENST00000407595.3|CCDC85A|chr2:56384266-56386172|+,0.000331919558013451,465,Distance_pruning
EUR_SCZ,prenatal,rs13011472,ENST00000607540.1|RP11-482H16.1|chr2:56384266-56386171|+,0.000330984761491218,465,Distance_pruning
