GWAS_ID,QTL_ID,Locus,Phenotype,PP4,n_snps,identification_method
EUR_SCZ,postnatal,rs1510136,ENST00000510377.5|USP38|chr4:143213581-143215577|+,0.124093465016393,1245,Distance_pruning
EUR_SCZ,prenatal,rs1510136,ENST00000510377.5|USP38|chr4:143213581-143215577|+,0.0951889171888231,1245,Distance_pruning
EUR_SCZ,postnatal,rs1510136,ENST00000262995.8|GAB1|chr4:143469031-143474568|+,0.0849425328311866,1237,Distance_pruning
EUR_SCZ,prenatal,rs1510136,ENST00000666597.1|RP11-364L4.4|chr4:143351515-143352721|-,0.0712613888490934,1245,Distance_pruning
EUR_SCZ,postnatal,rs1510136,ENST00000283131.4|SMARCA5|chr4:143553119-143557486|+,0.0710600327808691,1114,Distance_pruning
EUR_SCZ,prenatal,rs1510136,ENST00000262995.8|GAB1|chr4:143469031-143474568|+,0.0700761985058276,1237,Distance_pruning
EUR_SCZ,prenatal,rs1510136,ENST00000262994.8|GAB1|chr4:143469031-143469450|+,0.070002222536943,1237,Distance_pruning
EUR_SCZ,postnatal,rs1510136,ENST00000262994.8|GAB1|chr4:143469031-143469450|+,0.0699757828992242,1237,Distance_pruning
EUR_SCZ,prenatal,rs1510136,ENST00000505913.5|GAB1|chr4:143469031-143469567|+,0.0682643620429669,1237,Distance_pruning
EUR_SCZ,prenatal,rs1510136,ENST00000283131.4|SMARCA5|chr4:143553119-143557486|+,0.0673207862586228,1114,Distance_pruning
EUR_SCZ,interaction,rs1510136,ENST00000262994.8|GAB1|chr4:143469031-143469450|+,0.0595946542244478,1237,Distance_pruning
EUR_SCZ,interaction,rs1510136,ENST00000666597.1|RP11-364L4.4|chr4:143351515-143352721|-,0.0581190382599098,1245,Distance_pruning
EUR_SCZ,postnatal,rs1510136,ENST00000505913.5|GAB1|chr4:143469031-143469567|+,0.056724797659819,1237,Distance_pruning
EUR_SCZ,postnatal,rs1510136,ENST00000666597.1|RP11-364L4.4|chr4:143351515-143352721|-,0.0565392074196109,1245,Distance_pruning
EUR_SCZ,interaction,rs1510136,ENST00000262995.8|GAB1|chr4:143469031-143474568|+,0.0524854621214345,1237,Distance_pruning
EUR_SCZ,interaction,rs1510136,ENST00000505913.5|GAB1|chr4:143469031-143469567|+,0.050452882759205,1237,Distance_pruning
EUR_SCZ,interaction,rs1510136,ENST00000283131.4|SMARCA5|chr4:143553119-143557486|+,0.0502270098954633,1114,Distance_pruning
EUR_SCZ,interaction,rs1510136,ENST00000510377.5|USP38|chr4:143213581-143215577|+,0.0500493876438471,1245,Distance_pruning
