GWAS_ID,QTL_ID,Locus,Gene,PP4,n_snps
EUR_SCZ,stage3_apa,rs12883788,NM_004274.5|AKAP6|chr14:32829848-32837684|+,0.235127563974984,2038
EUR_SCZ,stage1_apa,rs12883788,NM_001173.3|ARHGAP5|chr14:32154621-32159728|+,0.171539126126457,1721
EUR_SCZ,stage4_apa,rs12883788,XM_017021585.2|NPAS3|chr14:33799734-33804173|+,0.120262255617986,1009
EUR_SCZ,stage1_apa,rs12883788,NM_004274.5|AKAP6|chr14:32829848-32837684|+,0.100709978502311,2038
EUR_SCZ,stage1_apa,rs12883788,XM_017021585.2|NPAS3|chr14:33799734-33804173|+,0.0941214715425899,1097
EUR_SCZ,stage4_apa,rs12883788,NM_001173.3|ARHGAP5|chr14:32154621-32159728|+,0.0915193215926703,1437
EUR_SCZ,stage2_apa,rs12883788,XM_017021585.2|NPAS3|chr14:33799734-33804173|+,0.0743571557003575,1097
EUR_SCZ,stage2_apa,rs12883788,NM_004274.5|AKAP6|chr14:32829848-32837684|+,0.0735535240952677,2038
EUR_SCZ,stage2_apa,rs12883788,NM_001173.3|ARHGAP5|chr14:32154621-32159728|+,0.0688602226371626,1721
EUR_SCZ,stage3_apa,rs12883788,XM_017021585.2|NPAS3|chr14:33799734-33804173|+,0.063786878174769,1097
EUR_SCZ,stage3_apa,rs12883788,NM_022073.4|EGLN3|chr14:33924227-33925922|-,0.0557378172662647,744
EUR_SCZ,stage3_apa,rs12883788,NM_001173.3|ARHGAP5|chr14:32154621-32159728|+,0.0555163108191122,1721
EUR_SCZ,stage2_apa,rs12883788,NM_022073.4|EGLN3|chr14:33924227-33925922|-,0.0504323694146846,744
EUR_SCZ,stage4_apa,rs12883788,NM_004274.5|AKAP6|chr14:32829848-32837684|+,0.0456528838962738,1737
EUR_SCZ,stage1_apa,rs12883788,NM_022073.4|EGLN3|chr14:33924227-33925922|-,0.0404396110215866,744
EUR_SCZ,stage4_apa,rs12883788,NM_022073.4|EGLN3|chr14:33924227-33925922|-,0.0248563459455697,693
EUR_SCZ,stage1_apa,rs12883788,NM_080664.3|DTD2|chr14:31446036-31448454|-,0.000372297778387524,258
EUR_SCZ,stage2_apa,rs12883788,NM_080664.3|DTD2|chr14:31446036-31448454|-,0.000314192489573253,258
EUR_SCZ,stage3_apa,rs12883788,NM_080664.3|DTD2|chr14:31446036-31448454|-,0.000242642327223492,258
EUR_SCZ,stage4_apa,rs12883788,NM_080664.3|DTD2|chr14:31446036-31448454|-,0.000224988188320983,211
