GWAS_ID,QTL_ID,Locus,Phenotype,PP4,n_snps,identification_method
EUR_SCZ,prenatal,rs12712510,ENST00000486442.6|KLHL29|chr2:23706481-23708606|+,0.00440133206675929,481,Distance_pruning
EUR_SCZ,interaction,rs12712510,ENST00000486442.6|KLHL29|chr2:23706481-23708606|+,0.00275370563762245,480,Distance_pruning
EUR_SCZ,postnatal,rs12712510,ENST00000486442.6|KLHL29|chr2:23706481-23708606|+,0.00204223180664451,481,Distance_pruning
EUR_SCZ,interaction,rs12712510,ENST00000404924.5|UBXN2A|chr2:23999672-24000203|+,0.000642453281922996,83,Distance_pruning
EUR_SCZ,postnatal,rs12712510,ENST00000404924.5|UBXN2A|chr2:23999672-24000203|+,0.000287850817083447,83,Distance_pruning
EUR_SCZ,postnatal,rs12712510,ENST00000309033.5|UBXN2A|chr2:23999672-24004909|+,0.000173023733868604,83,Distance_pruning
EUR_SCZ,prenatal,rs12712510,ENST00000404924.5|UBXN2A|chr2:23999672-24000203|+,9.33346875846839e-05,83,Distance_pruning
EUR_SCZ,prenatal,rs12712510,ENST00000309033.5|UBXN2A|chr2:23999672-24004909|+,8.40486400070399e-05,83,Distance_pruning
EUR_SCZ,interaction,rs12712510,ENST00000309033.5|UBXN2A|chr2:23999672-24004909|+,8.08162911285403e-05,83,Distance_pruning
