GWAS_ID,QTL_ID,Locus,Phenotype,PP4,n_snps,identification_method
EUR_SCZ,postnatal,rs6549963,ENST00000295754.10|TGFBR2|chr3:30691420-30694142|+,0.152117973632401,1780,Distance_pruning
EUR_SCZ,prenatal,rs6549963,ENST00000273139.13|RBMS3|chr3:29991082-29991318|+,0.0741602235893027,2222,Distance_pruning
EUR_SCZ,prenatal,rs6549963,ENST00000295754.10|TGFBR2|chr3:30691420-30694142|+,0.0684096933911784,1781,Distance_pruning
EUR_SCZ,postnatal,rs6549963,ENST00000273139.13|RBMS3|chr3:29991082-29991318|+,0.067886547104598,2221,Distance_pruning
EUR_SCZ,interaction,rs6549963,ENST00000295754.10|TGFBR2|chr3:30691420-30694142|+,0.0552021702581214,1775,Distance_pruning
EUR_SCZ,interaction,rs6549963,ENST00000273139.13|RBMS3|chr3:29991082-29991318|+,0.0503411534445913,2216,Distance_pruning
