GWAS_ID,QTL_ID,Locus,Gene,PP4,n_snps
EUR_BIP,stage1_apa,rs765090,NM_018010.4|IFT57|chr3:108160812-108162655|-,0.113523811408826,1215
EUR_BIP,stage2_apa,rs765090,NM_001276286.2|BBX|chr3:107805370-107811339|+,0.112131373778246,1215
EUR_BIP,stage2_apa,rs765090,NM_001777.4|CD47|chr3:108043091-108047292|-,0.0803659839806213,1215
EUR_BIP,stage4_apa,rs765090,NM_018010.4|IFT57|chr3:108160812-108162655|-,0.0790517586917045,1081
EUR_BIP,stage2_apa,rs765090,XM_047449258.1|DZIP3|chr3:108647943-108648961|+,0.0786013967789557,1184
EUR_BIP,stage2_apa,rs765090,NR_028301.1|DUBR|chr3:107246008-107248872|+,0.0715946824395767,779
EUR_BIP,stage1_apa,rs765090,NR_028301.1|DUBR|chr3:107246008-107248872|+,0.0715468139800612,779
EUR_BIP,stage2_apa,rs765090,NM_018010.4|IFT57|chr3:108160812-108162655|-,0.0702536326640888,1215
EUR_BIP,stage2_apa,rs765090,XM_005247917.4|DZIP3|chr3:108693360-108694840|+,0.0699513530429344,1165
EUR_BIP,stage1_apa,rs765090,NM_001276286.2|BBX|chr3:107805370-107811339|+,0.0699121681746194,1215
EUR_BIP,stage1_apa,rs765090,XM_005247917.4|DZIP3|chr3:108693360-108694840|+,0.0697941795458098,1165
EUR_BIP,stage1_apa,rs765090,NM_001777.4|CD47|chr3:108043091-108047292|-,0.0693358161876979,1215
EUR_BIP,stage4_apa,rs765090,NR_028301.1|DUBR|chr3:107246008-107248872|+,0.0658116757086465,648
EUR_BIP,stage3_apa,rs765090,NR_028301.1|DUBR|chr3:107246008-107248872|+,0.0656602228568935,779
EUR_BIP,stage3_apa,rs765090,XM_005247917.4|DZIP3|chr3:108693360-108694840|+,0.060543268758064,1165
EUR_BIP,stage1_apa,rs765090,XM_047449258.1|DZIP3|chr3:108647943-108648961|+,0.059871500874987,1184
EUR_BIP,stage3_apa,rs765090,NM_001276286.2|BBX|chr3:107805370-107811339|+,0.0595940054603641,1215
EUR_BIP,stage3_apa,rs765090,XM_047449258.1|DZIP3|chr3:108647943-108648961|+,0.0594666926500595,1184
EUR_BIP,stage3_apa,rs765090,NM_001777.4|CD47|chr3:108043091-108047292|-,0.0572973496336422,1215
EUR_BIP,stage3_apa,rs765090,NM_018010.4|IFT57|chr3:108160812-108162655|-,0.0570684012527482,1215
EUR_BIP,stage4_apa,rs765090,NM_001777.4|CD47|chr3:108043091-108047292|-,0.0525271453137123,1081
EUR_BIP,stage4_apa,rs765090,NM_001276286.2|BBX|chr3:107805370-107811339|+,0.0511465514595578,1081
EUR_BIP,stage4_apa,rs765090,XM_005247917.4|DZIP3|chr3:108693360-108694840|+,0.0510256183076945,1080
EUR_BIP,stage4_apa,rs765090,XM_047449258.1|DZIP3|chr3:108647943-108648961|+,0.0492699967143006,1081
