GWAS_ID,QTL_ID,Locus,Phenotype,PP4,n_snps,identification_method
EUR_MDD,interaction,rs35838063,ENST00000619412.4|FBXL17|chr5:107859053-107861860|-,0.822571167647567,1461,Distance_pruning
EUR_MDD,interaction,rs35838063,ENST00000542267.7|FBXL17|chr5:107859035-107861860|-,0.802616075164709,1461,Distance_pruning
EUR_MDD,prenatal,rs35838063,ENST00000542267.7|FBXL17|chr5:107859035-107861860|-,0.129916200505812,1461,Distance_pruning
EUR_MDD,prenatal,rs35838063,ENST00000619412.4|FBXL17|chr5:107859053-107861860|-,0.126662532197226,1461,Distance_pruning
EUR_MDD,postnatal,rs35838063,ENST00000619412.4|FBXL17|chr5:107859053-107861860|-,0.0914006795515655,1461,Distance_pruning
EUR_MDD,postnatal,rs35838063,ENST00000542267.7|FBXL17|chr5:107859035-107861860|-,0.0876853305263484,1461,Distance_pruning
EUR_MDD,postnatal,rs35838063,ENST00000333274.11|EFNA5|chr5:107376894-107381376|-,0.0839687520721389,1461,Distance_pruning
EUR_MDD,interaction,rs35838063,ENST00000333274.11|EFNA5|chr5:107376894-107381376|-,0.0752361354485365,1461,Distance_pruning
EUR_MDD,prenatal,rs35838063,ENST00000333274.11|EFNA5|chr5:107376894-107381376|-,0.0728134537499924,1461,Distance_pruning
