GWAS_ID,QTL_ID,Locus,Phenotype,PP4,n_snps,identification_method
EUR_PTSD,postnatal,rs2899991,ENST00000399232.8|MDGA2|chr14:46840092-46842019|-,0.234883813795149,1132,Distance_pruning
EUR_PTSD,postnatal,rs2899991,ENST00000426342.7|MDGA2|chr14:46839629-46842019|-,0.0885825255389436,1132,Distance_pruning
EUR_PTSD,prenatal,rs2899991,ENST00000357362.7|MDGA2|chr14:46841785-46842019|-,0.084425941411846,1132,Distance_pruning
EUR_PTSD,interaction,rs2899991,ENST00000357362.7|MDGA2|chr14:46841785-46842019|-,0.0712742874204367,1131,Distance_pruning
EUR_PTSD,interaction,rs2899991,ENST00000426342.7|MDGA2|chr14:46839629-46842019|-,0.0690470985798661,1131,Distance_pruning
EUR_PTSD,prenatal,rs2899991,ENST00000426342.7|MDGA2|chr14:46839629-46842019|-,0.0662654521179461,1132,Distance_pruning
EUR_PTSD,prenatal,rs2899991,ENST00000399232.8|MDGA2|chr14:46840092-46842019|-,0.0632740843701138,1132,Distance_pruning
EUR_PTSD,postnatal,rs2899991,ENST00000357362.7|MDGA2|chr14:46841785-46842019|-,0.0613372009633186,1132,Distance_pruning
EUR_PTSD,interaction,rs2899991,ENST00000399232.8|MDGA2|chr14:46840092-46842019|-,0.0592560742700259,1131,Distance_pruning
