GWAS_ID,QTL_ID,Locus,Phenotype,PP4,n_snps,identification_method
EUR_MDD,interaction,rs11682175,ENST00000607540.1|RP11-482H16.1|chr2:56384266-56386171|+,0.00191829442660892,308,Distance_pruning
EUR_MDD,interaction,rs11682175,ENST00000407595.3|CCDC85A|chr2:56384266-56386172|+,0.00189093065857652,308,Distance_pruning
EUR_MDD,postnatal,rs11682175,ENST00000607540.1|RP11-482H16.1|chr2:56384266-56386171|+,0.00160605247562212,309,Distance_pruning
EUR_MDD,postnatal,rs11682175,ENST00000407595.3|CCDC85A|chr2:56384266-56386172|+,0.00158424214196579,309,Distance_pruning
EUR_MDD,prenatal,rs11682175,ENST00000607540.1|RP11-482H16.1|chr2:56384266-56386171|+,0.00136637602383326,309,Distance_pruning
EUR_MDD,prenatal,rs11682175,ENST00000407595.3|CCDC85A|chr2:56384266-56386172|+,0.00134829941152132,309,Distance_pruning
