GWAS_ID,QTL_ID,Locus,Gene,PP4,n_snps
EUR_SCZ,stage3_apa,rs12129573,NM_003838.5|FPGT|chr1:74204391-74208702|+,0.22254335445948,868
EUR_SCZ,stage4_apa,rs12129573,NM_003838.5|FPGT|chr1:74204391-74208702|+,0.161213977196169,804
EUR_SCZ,stage4_apa,rs12129573,NM_001199329.3|FPGT|chr1:74205208-74208702|+,0.105587656853072,803
EUR_SCZ,stage3_apa,rs12129573,NM_001199329.3|FPGT|chr1:74205208-74208702|+,0.101617228444291,867
EUR_SCZ,stage2_apa,rs12129573,NM_001199329.3|FPGT|chr1:74205208-74208702|+,0.0911053128452908,867
EUR_SCZ,stage2_apa,rs12129573,NM_001002912.5|ERICH3|chr1:74568123-74570439|-,0.0910675298285049,400
EUR_SCZ,stage1_apa,rs12129573,NM_001199329.3|FPGT|chr1:74205208-74208702|+,0.0782628154930921,867
EUR_SCZ,stage1_apa,rs12129573,NM_001002912.5|ERICH3|chr1:74568123-74570439|-,0.0770376196089655,400
EUR_SCZ,stage2_apa,rs12129573,NM_003838.5|FPGT|chr1:74204391-74208702|+,0.0757134427196437,868
EUR_SCZ,stage1_apa,rs12129573,XM_017000276.2|ERICH3|chr1:74571099-74573491|-,0.0755856381800782,399
EUR_SCZ,stage2_apa,rs12129573,XM_017000276.2|ERICH3|chr1:74571099-74573491|-,0.0744932243269269,399
EUR_SCZ,stage1_apa,rs12129573,NM_003838.5|FPGT|chr1:74204391-74208702|+,0.0680387966528449,868
EUR_SCZ,stage3_apa,rs12129573,XM_017000276.2|ERICH3|chr1:74571099-74573491|-,0.0657038169610543,399
EUR_SCZ,stage3_apa,rs12129573,NM_001002912.5|ERICH3|chr1:74568123-74570439|-,0.0564071824500397,400
EUR_SCZ,stage4_apa,rs12129573,NM_001002912.5|ERICH3|chr1:74568123-74570439|-,0.0519314433429062,367
EUR_SCZ,stage4_apa,rs12129573,XM_017000276.2|ERICH3|chr1:74571099-74573491|-,0.0470496704091224,366
EUR_SCZ,stage3_apa,rs12129573,XM_011540747.3|CRYZ|chr1:74705486-74706457|-,0.00441550710753626,148
EUR_SCZ,stage2_apa,rs12129573,XM_011540747.3|CRYZ|chr1:74705486-74706457|-,0.00329661833530712,148
EUR_SCZ,stage1_apa,rs12129573,XM_011540747.3|CRYZ|chr1:74705486-74706457|-,0.00327462015142005,148
EUR_SCZ,stage4_apa,rs12129573,XM_011540747.3|CRYZ|chr1:74705486-74706457|-,0.00208156087197068,133
EUR_SCZ,stage1_apa,rs12129573,NM_001162916.2|TYW3|chr1:74763894-74766677|+,0.000718583958131744,47
EUR_SCZ,stage2_apa,rs12129573,NM_001162916.2|TYW3|chr1:74763894-74766677|+,0.000318487956148634,47
EUR_SCZ,stage3_apa,rs12129573,NM_001162916.2|TYW3|chr1:74763894-74766677|+,0.000290252203815789,47
EUR_SCZ,stage4_apa,rs12129573,NM_001162916.2|TYW3|chr1:74763894-74766677|+,0.000272908887732574,42
