GWAS_ID,QTL_ID,Locus,Phenotype,PP4,n_snps,identification_method
EUR_SCZ,postnatal,rs72943392,ENST00000329203.5|FAM181B|chr11:82729940-82733864|-,0.000928466312534727,511,Distance_pruning
EUR_SCZ,interaction,rs72943392,ENST00000329203.5|FAM181B|chr11:82729940-82733864|-,0.000916180821435551,511,Distance_pruning
EUR_SCZ,prenatal,rs72943392,ENST00000329203.5|FAM181B|chr11:82729940-82733864|-,0.000764517477939466,511,Distance_pruning
EUR_SCZ,prenatal,rs72943392,ENST00000680524.1|PRCP|chr11:82824367-82825122|-,0.000263174001971589,253,Distance_pruning
EUR_SCZ,prenatal,rs72943392,ENST00000681883.1|PRCP|chr11:82823044-82825122|-,0.000261835600690508,253,Distance_pruning
EUR_SCZ,prenatal,rs72943392,ENST00000393399.6|PRCP|chr11:82824368-82825122|-,0.00026150601621245,253,Distance_pruning
EUR_SCZ,prenatal,rs72943392,ENST00000313010.8|PRCP|chr11:82822936-82825122|-,0.000254307372029797,253,Distance_pruning
EUR_SCZ,interaction,rs72943392,ENST00000680524.1|PRCP|chr11:82824367-82825122|-,0.00022765658462192,253,Distance_pruning
EUR_SCZ,interaction,rs72943392,ENST00000393399.6|PRCP|chr11:82824368-82825122|-,0.000225266102195654,253,Distance_pruning
EUR_SCZ,postnatal,rs72943392,ENST00000680524.1|PRCP|chr11:82824367-82825122|-,0.000224182908632418,253,Distance_pruning
EUR_SCZ,postnatal,rs72943392,ENST00000393399.6|PRCP|chr11:82824368-82825122|-,0.000219318643048502,253,Distance_pruning
EUR_SCZ,postnatal,rs72943392,ENST00000681883.1|PRCP|chr11:82823044-82825122|-,0.000207731402103828,253,Distance_pruning
EUR_SCZ,postnatal,rs72943392,ENST00000313010.8|PRCP|chr11:82822936-82825122|-,0.000203314966152566,253,Distance_pruning
EUR_SCZ,interaction,rs72943392,ENST00000681883.1|PRCP|chr11:82823044-82825122|-,0.000193517223758527,253,Distance_pruning
EUR_SCZ,interaction,rs72943392,ENST00000313010.8|PRCP|chr11:82822936-82825122|-,0.000179956358414337,253,Distance_pruning
