GWAS_ID,QTL_ID,Locus,Gene,PP4,n_snps
EUR_SCZ,stage1_apa,rs4627212,XM_047430276.1|PCDH17|chr13:57724612-57729311|+,0.0902064188835434,1710
EUR_SCZ,stage2_apa,rs4627212,XM_047430276.1|PCDH17|chr13:57724612-57729311|+,0.0671388043359511,1710
EUR_SCZ,stage4_apa,rs4627212,XM_047430276.1|PCDH17|chr13:57724612-57729311|+,0.0568538439794847,1475
EUR_SCZ,stage3_apa,rs4627212,XM_047430276.1|PCDH17|chr13:57724612-57729311|+,0.0494189168963584,1710
