GWAS_ID,QTL_ID,Locus,Gene,PP4,n_snps
EUR_SCZ,stage1_apa,rs17016552,NM_178839.5|LRRTM1|chr2:80301878-80303878|-,0.00883523890053455,790
EUR_SCZ,stage2_apa,rs17016552,NM_178839.5|LRRTM1|chr2:80301878-80303878|-,0.00876869885701456,790
EUR_SCZ,stage3_apa,rs17016552,NM_178839.5|LRRTM1|chr2:80301878-80303878|-,0.00871969079702132,790
EUR_SCZ,stage4_apa,rs17016552,NM_178839.5|LRRTM1|chr2:80301878-80303878|-,0.0073226732209676,700
EUR_SCZ,stage2_apa,rs17016552,XR_001739569.2|LOC107985903|chr2:80230629-80230864|+,0.00701288093847247,933
EUR_SCZ,stage1_apa,rs17016552,XR_001739569.2|LOC107985903|chr2:80230629-80230864|+,0.0068105683649755,933
EUR_SCZ,stage3_apa,rs17016552,XR_001739569.2|LOC107985903|chr2:80230629-80230864|+,0.00586297704962128,933
EUR_SCZ,stage1_apa,rs17016552,NM_001399737.1|CTNNA2|chr2:80647585-80648780|+,0.00549226620501751,154
EUR_SCZ,stage4_apa,rs17016552,XR_001739569.2|LOC107985903|chr2:80230629-80230864|+,0.00437577817411842,824
EUR_SCZ,stage3_apa,rs17016552,NM_001399737.1|CTNNA2|chr2:80647585-80648780|+,0.00346135768708346,154
EUR_SCZ,stage2_apa,rs17016552,NM_001399737.1|CTNNA2|chr2:80647585-80648780|+,0.00342161686153896,154
EUR_SCZ,stage4_apa,rs17016552,NM_001399737.1|CTNNA2|chr2:80647585-80648780|+,0.0030529016716893,131
