GWAS_ID,QTL_ID,Locus,Gene,PP4,n_snps
EUR_SCZ,stage2_apa,rs2333321,NM_001378106.1|WDR17|chr4:176179460-176182815|+,0.127204742120562,1707
EUR_SCZ,stage4_apa,rs2333321,NM_021928.4|SPCS3|chr4:176328198-176332245|+,0.116711591278254,1408
EUR_SCZ,stage1_apa,rs2333321,NR_125901.1|GPM6A-DT|chr4:175811860-175812189|+,0.11231135579117,1707
EUR_SCZ,stage4_apa,rs2333321,NR_125901.1|GPM6A-DT|chr4:175811860-175812189|+,0.107874832967611,1408
EUR_SCZ,stage1_apa,rs2333321,NM_021928.4|SPCS3|chr4:176328198-176332245|+,0.0831976805882769,1707
EUR_SCZ,stage2_apa,rs2333321,NM_001388091.1|GPM6A|chr4:175632937-175635057|-,0.0765238635917906,1707
EUR_SCZ,stage3_apa,rs2333321,NM_021928.4|SPCS3|chr4:176328198-176332245|+,0.0751861374396598,1707
EUR_SCZ,stage2_apa,rs2333321,NR_125901.1|GPM6A-DT|chr4:175811860-175812189|+,0.0742887921108289,1707
EUR_SCZ,stage2_apa,rs2333321,NM_021928.4|SPCS3|chr4:176328198-176332245|+,0.0734999072134686,1707
EUR_SCZ,stage1_apa,rs2333321,NM_001378106.1|WDR17|chr4:176179460-176182815|+,0.0717391880290807,1707
EUR_SCZ,stage3_apa,rs2333321,NM_001388091.1|GPM6A|chr4:175632937-175635057|-,0.0683756587422268,1707
EUR_SCZ,stage1_apa,rs2333321,NM_001388091.1|GPM6A|chr4:175632937-175635057|-,0.0664212187173011,1707
EUR_SCZ,stage3_apa,rs2333321,NR_125901.1|GPM6A-DT|chr4:175811860-175812189|+,0.0654654257917619,1707
EUR_SCZ,stage3_apa,rs2333321,NM_001378106.1|WDR17|chr4:176179460-176182815|+,0.0635521251229737,1707
EUR_SCZ,stage4_apa,rs2333321,NM_001378106.1|WDR17|chr4:176179460-176182815|+,0.053854260003829,1408
EUR_SCZ,stage4_apa,rs2333321,NM_001388091.1|GPM6A|chr4:175632937-175635057|-,0.0536535599858273,1408
EUR_SCZ,stage1_apa,rs2333321,XM_047416197.1|GLRA3|chr4:174636920-174644064|-,0.00235966009625388,156
EUR_SCZ,stage2_apa,rs2333321,XM_047416197.1|GLRA3|chr4:174636920-174644064|-,0.0017059132283784,156
EUR_SCZ,stage3_apa,rs2333321,XM_047416197.1|GLRA3|chr4:174636920-174644064|-,0.00138885009322675,156
EUR_SCZ,stage4_apa,rs2333321,XM_047416197.1|GLRA3|chr4:174636920-174644064|-,0.00134879409610461,116
