GWAS_ID,QTL_ID,Locus,Phenotype,PP4,n_snps,identification_method
EUR_BIP,prenatal,rs2339519,ENST00000486442.6|KLHL29|chr2:23706481-23708606|+,0.00636611956289724,247,Distance_pruning
EUR_BIP,interaction,rs2339519,ENST00000486442.6|KLHL29|chr2:23706481-23708606|+,0.00303676978512532,247,Distance_pruning
EUR_BIP,postnatal,rs2339519,ENST00000486442.6|KLHL29|chr2:23706481-23708606|+,0.00175012519131829,247,Distance_pruning
