GWAS_ID,QTL_ID,Locus,Gene,PP4,n_snps
EUR_SCZ,stage3_apa,rs12144370,NM_003838.5|FPGT|chr1:74204391-74208702|+,0.222559003351361,867
EUR_SCZ,stage4_apa,rs12144370,NM_003838.5|FPGT|chr1:74204391-74208702|+,0.161225781232029,803
EUR_SCZ,stage4_apa,rs12144370,NM_001199329.3|FPGT|chr1:74205208-74208702|+,0.105592055623884,802
EUR_SCZ,stage3_apa,rs12144370,NM_001199329.3|FPGT|chr1:74205208-74208702|+,0.101623774382007,866
EUR_SCZ,stage2_apa,rs12144370,NM_001199329.3|FPGT|chr1:74205208-74208702|+,0.0911122951180766,866
EUR_SCZ,stage2_apa,rs12144370,NM_001002912.5|ERICH3|chr1:74568123-74570439|-,0.0910737400861101,399
EUR_SCZ,stage1_apa,rs12144370,NM_001199329.3|FPGT|chr1:74205208-74208702|+,0.0782668197809289,866
EUR_SCZ,stage1_apa,rs12144370,NM_001002912.5|ERICH3|chr1:74568123-74570439|-,0.0770383397777301,399
EUR_SCZ,stage2_apa,rs12144370,NM_003838.5|FPGT|chr1:74204391-74208702|+,0.0757146418777243,867
EUR_SCZ,stage1_apa,rs12144370,XM_017000276.2|ERICH3|chr1:74571099-74573491|-,0.0755986833046418,398
EUR_SCZ,stage2_apa,rs12144370,XM_017000276.2|ERICH3|chr1:74571099-74573491|-,0.0744889428595817,398
EUR_SCZ,stage1_apa,rs12144370,NM_003838.5|FPGT|chr1:74204391-74208702|+,0.068041650073298,867
EUR_SCZ,stage3_apa,rs12144370,XM_017000276.2|ERICH3|chr1:74571099-74573491|-,0.0657071216022684,398
EUR_SCZ,stage3_apa,rs12144370,NM_001002912.5|ERICH3|chr1:74568123-74570439|-,0.0564065822647255,399
EUR_SCZ,stage4_apa,rs12144370,NM_001002912.5|ERICH3|chr1:74568123-74570439|-,0.0519285281590582,366
EUR_SCZ,stage4_apa,rs12144370,XM_017000276.2|ERICH3|chr1:74571099-74573491|-,0.0470470673688469,365
EUR_SCZ,stage3_apa,rs12144370,XM_011540747.3|CRYZ|chr1:74705486-74706457|-,0.00441502357079565,147
EUR_SCZ,stage2_apa,rs12144370,XM_011540747.3|CRYZ|chr1:74705486-74706457|-,0.00329581039459063,147
EUR_SCZ,stage1_apa,rs12144370,XM_011540747.3|CRYZ|chr1:74705486-74706457|-,0.00327401947017391,147
EUR_SCZ,stage4_apa,rs12144370,XM_011540747.3|CRYZ|chr1:74705486-74706457|-,0.0020812055650376,132
EUR_SCZ,stage1_apa,rs12144370,NM_001162916.2|TYW3|chr1:74763894-74766677|+,0.000718121752019275,46
EUR_SCZ,stage2_apa,rs12144370,NM_001162916.2|TYW3|chr1:74763894-74766677|+,0.000317460522455184,46
EUR_SCZ,stage3_apa,rs12144370,NM_001162916.2|TYW3|chr1:74763894-74766677|+,0.000289577313970981,46
EUR_SCZ,stage4_apa,rs12144370,NM_001162916.2|TYW3|chr1:74763894-74766677|+,0.000272229288499747,41
