GWAS_ID,QTL_ID,Locus,Gene,PP4,n_snps
EUR_SCZ,stage3_apa,rs9910403,XM_024450860.2|ELAC2|chr17:12991643-12993045|-,0.15065704404543,2115
EUR_SCZ,stage2_apa,rs9910403,XM_011524002.4|ZNF18|chr17:11977439-11978744|-,0.0807105471716748,921
EUR_SCZ,stage2_apa,rs9910403,XM_024450860.2|ELAC2|chr17:12991643-12993045|-,0.0803749241400942,2115
EUR_SCZ,stage1_apa,rs9910403,XM_011524002.4|ZNF18|chr17:11977439-11978744|-,0.0796099356814046,921
EUR_SCZ,stage3_apa,rs9910403,XM_011524002.4|ZNF18|chr17:11977439-11978744|-,0.0794465148245773,921
EUR_SCZ,stage1_apa,rs9910403,NM_003010.4|MAP2K4|chr17:12141147-12143828|+,0.0786277256531388,1293
EUR_SCZ,stage2_apa,rs9910403,NM_003010.4|MAP2K4|chr17:12141147-12143828|+,0.0785576037944653,1293
EUR_SCZ,stage3_apa,rs9910403,NM_003010.4|MAP2K4|chr17:12141147-12143828|+,0.0780258590994109,1293
EUR_SCZ,stage3_apa,rs9910403,NM_001321168.2|ARHGAP44|chr17:12990032-12991612|+,0.0721759435323583,2115
EUR_SCZ,stage2_apa,rs9910403,NM_001321168.2|ARHGAP44|chr17:12990032-12991612|+,0.0701766148972594,2115
EUR_SCZ,stage1_apa,rs9910403,NM_001321168.2|ARHGAP44|chr17:12990032-12991612|+,0.0684268213235045,2115
EUR_SCZ,stage4_apa,rs9910403,XM_011524002.4|ZNF18|chr17:11977439-11978744|-,0.0579401164893483,783
EUR_SCZ,stage4_apa,rs9910403,NM_003010.4|MAP2K4|chr17:12141147-12143828|+,0.0543363957449029,1098
EUR_SCZ,stage4_apa,rs9910403,XM_024450860.2|ELAC2|chr17:12991643-12993045|-,0.051037108293706,1774
EUR_SCZ,stage4_apa,rs9910403,NM_001321168.2|ARHGAP44|chr17:12990032-12991612|+,0.0460425119502779,1774
EUR_SCZ,stage1_apa,rs9910403,XM_024450860.2|ELAC2|chr17:12991643-12993045|-,0.00489248865437075,2115
EUR_SCZ,stage2_apa,rs9910403,NM_001303.4|COX10|chr17:14206810-14208677|+,0.000676916974174444,643
EUR_SCZ,stage1_apa,rs9910403,NM_001303.4|COX10|chr17:14206810-14208677|+,0.000654327080202559,643
EUR_SCZ,stage3_apa,rs9910403,NM_001303.4|COX10|chr17:14206810-14208677|+,0.000627423834267446,643
EUR_SCZ,stage4_apa,rs9910403,NM_001303.4|COX10|chr17:14206810-14208677|+,0.000430781268974211,572
EUR_SCZ,stage1_apa,rs9910403,NM_001173461.2|SHISA6|chr17:11557754-11564063|+,0.000144850999244153,110
EUR_SCZ,stage3_apa,rs9910403,NM_001173461.2|SHISA6|chr17:11557754-11564063|+,0.000139670129497412,110
EUR_SCZ,stage2_apa,rs9910403,NM_001173461.2|SHISA6|chr17:11557754-11564063|+,0.000132045312616186,110
EUR_SCZ,stage4_apa,rs9910403,NM_001173461.2|SHISA6|chr17:11557754-11564063|+,9.85714938894522e-05,91
