GWAS_ID,QTL_ID,Locus,Phenotype,PP4,n_snps,identification_method
EUR_MDD,interaction,rs9964679,ENST00000676445.1|CDH2|chr18:27951655-27952359|-,0.259662466119453,760,Distance_pruning
EUR_MDD,interaction,rs9964679,ENST00000423367.1|AC015933.2|chr18:27963386-27963687|+,0.215185056824322,774,Distance_pruning
EUR_MDD,prenatal,rs9964679,ENST00000676445.1|CDH2|chr18:27951655-27952359|-,0.145277495720635,761,Distance_pruning
EUR_MDD,prenatal,rs9964679,ENST00000423367.1|AC015933.2|chr18:27963386-27963687|+,0.101504081379142,775,Distance_pruning
EUR_MDD,postnatal,rs9964679,ENST00000423367.1|AC015933.2|chr18:27963386-27963687|+,0.0965745956584646,775,Distance_pruning
EUR_MDD,postnatal,rs9964679,ENST00000269141.8|CDH2|chr18:27950966-27952359|-,0.0784940310260868,761,Distance_pruning
EUR_MDD,postnatal,rs9964679,ENST00000399380.7|CDH2|chr18:27951081-27952359|-,0.0759543753555696,761,Distance_pruning
EUR_MDD,prenatal,rs9964679,ENST00000269141.8|CDH2|chr18:27950966-27952359|-,0.0728246952847225,761,Distance_pruning
EUR_MDD,prenatal,rs9964679,ENST00000399380.7|CDH2|chr18:27951081-27952359|-,0.0691679559167694,761,Distance_pruning
EUR_MDD,postnatal,rs9964679,ENST00000676445.1|CDH2|chr18:27951655-27952359|-,0.060835783492942,761,Distance_pruning
EUR_MDD,interaction,rs9964679,ENST00000269141.8|CDH2|chr18:27950966-27952359|-,0.0500972842620205,760,Distance_pruning
EUR_MDD,interaction,rs9964679,ENST00000399380.7|CDH2|chr18:27951081-27952359|-,0.0497982063486668,760,Distance_pruning
