GWAS_ID,QTL_ID,Locus,Phenotype,PP4,n_snps,identification_method
EUR_SCZ,interaction,rs1915019,ENST00000658265.1|RP11-37B2.1|chr8:89586160-89588050|-,0.146019270570206,131,Distance_pruning
EUR_SCZ,interaction,rs1915019,ENST00000661105.1|RP11-37B2.1|chr8:89585872-89588050|-,0.131773993583279,131,Distance_pruning
EUR_SCZ,prenatal,rs1915019,ENST00000661105.1|RP11-37B2.1|chr8:89585872-89588050|-,0.113983875081001,131,Distance_pruning
EUR_SCZ,prenatal,rs1915019,ENST00000658265.1|RP11-37B2.1|chr8:89586160-89588050|-,0.10989237332968,131,Distance_pruning
EUR_SCZ,postnatal,rs1915019,ENST00000658265.1|RP11-37B2.1|chr8:89586160-89588050|-,0.0928314874899485,131,Distance_pruning
EUR_SCZ,postnatal,rs1915019,ENST00000661105.1|RP11-37B2.1|chr8:89585872-89588050|-,0.0877747666210014,131,Distance_pruning
EUR_SCZ,postnatal,rs1915019,ENST00000286614.11|MMP16|chr8:88032011-88041795|-,0.0847369809491877,1141,Distance_pruning
EUR_SCZ,interaction,rs1915019,ENST00000286614.11|MMP16|chr8:88032011-88041795|-,0.0814329675580896,1141,Distance_pruning
EUR_SCZ,prenatal,rs1915019,ENST00000286614.11|MMP16|chr8:88032011-88041795|-,0.0696891150320237,1141,Distance_pruning
