GWAS_ID,QTL_ID,Locus,Phenotype,PP4,n_snps,identification_method
EUR_SCZ,interaction,rs10035564,ENST00000634658.1|HCN1|chr5:45641701-45645608|-,0.15576304519094,667,Distance_pruning
EUR_SCZ,interaction,rs10035564,ENST00000507110.6|MRPS30|chr5:44814913-44815514|+,0.119422352713266,667,Distance_pruning
EUR_SCZ,prenatal,rs10035564,ENST00000634658.1|HCN1|chr5:45641701-45645608|-,0.104211832349962,684,Distance_pruning
EUR_SCZ,prenatal,rs10035564,ENST00000507110.6|MRPS30|chr5:44814913-44815514|+,0.0979652621786986,684,Distance_pruning
EUR_SCZ,prenatal,rs10035564,ENST00000303230.6|HCN1|chr5:45254948-45262810|-,0.0880277621695862,684,Distance_pruning
EUR_SCZ,prenatal,rs10035564,ENST00000607056.1|RP11-53O19.3|chr5:44826076-44828592|+,0.0764966448861169,684,Distance_pruning
EUR_SCZ,prenatal,rs10035564,ENST00000656315.1|MRPS30-DT|chr5:44742420-44745408|-,0.0731761066365765,674,Distance_pruning
EUR_SCZ,postnatal,rs10035564,ENST00000634658.1|HCN1|chr5:45641701-45645608|-,0.0720751269013245,684,Distance_pruning
EUR_SCZ,prenatal,rs10035564,ENST00000659161.1|MRPS30-DT|chr5:44744913-44745408|-,0.0680798486696685,674,Distance_pruning
EUR_SCZ,postnatal,rs10035564,ENST00000303230.6|HCN1|chr5:45254948-45262810|-,0.0624008186855621,684,Distance_pruning
EUR_SCZ,postnatal,rs10035564,ENST00000659161.1|MRPS30-DT|chr5:44744913-44745408|-,0.0615038570901092,674,Distance_pruning
EUR_SCZ,interaction,rs10035564,ENST00000607056.1|RP11-53O19.3|chr5:44826076-44828592|+,0.0552955577187003,667,Distance_pruning
EUR_SCZ,postnatal,rs10035564,ENST00000656315.1|MRPS30-DT|chr5:44742420-44745408|-,0.0534958259658771,674,Distance_pruning
EUR_SCZ,postnatal,rs10035564,ENST00000607056.1|RP11-53O19.3|chr5:44826076-44828592|+,0.0513943541904132,684,Distance_pruning
EUR_SCZ,postnatal,rs10035564,ENST00000507110.6|MRPS30|chr5:44814913-44815514|+,0.0502069666637403,684,Distance_pruning
EUR_SCZ,interaction,rs10035564,ENST00000659161.1|MRPS30-DT|chr5:44744913-44745408|-,0.0473596372520629,657,Distance_pruning
EUR_SCZ,interaction,rs10035564,ENST00000303230.6|HCN1|chr5:45254948-45262810|-,0.0466178497372253,667,Distance_pruning
EUR_SCZ,interaction,rs10035564,ENST00000656315.1|MRPS30-DT|chr5:44742420-44745408|-,0.0462120161805059,657,Distance_pruning
