GWAS_ID,QTL_ID,Locus,Gene,PP4,n_snps
EUR_SCZ,stage4_apa,rs9810089,NM_006153.6|NCK1|chr3:136948259-136951606|+,0.152462398560743,262
EUR_SCZ,stage4_apa,rs9810089,NM_001145417.2|MSL2|chr3:136148917-136152738|-,0.0529135510070345,289
EUR_SCZ,stage4_apa,rs9810089,NM_001190447.2|PPP2R3A|chr3:136145043-136147894|+,0.0517846303019147,289
EUR_SCZ,stage4_apa,rs9810089,NR_183729.1|IL20RB-AS1|chr3:136945986-136946331|-,0.0510375733403099,263
EUR_SCZ,stage4_apa,rs9810089,NM_004441.5|EPHB1|chr3:135259012-135260467|+,0.0496474469480896,163
EUR_SCZ,stage4_apa,rs9810089,NM_000532.5|PCCB|chr3:136329905-136330169|+,0.0486395654801901,289
EUR_SCZ,stage4_apa,rs9810089,XM_017005525.2|STAG1|chr3:136336236-136338277|-,0.048580463547651,289
EUR_SCZ,stage4_apa,rs9810089,NM_001097600.2|SLC35G2|chr3:136854443-136855888|+,0.0485081036867767,274
