GWAS_ID,QTL_ID,Locus,Phenotype,PP4,n_snps,identification_method
EUR_PTSD,prenatal,rs13387644,ENST00000486442.6|KLHL29|chr2:23706481-23708606|+,8.80624036265997e-05,11,Distance_pruning
EUR_PTSD,interaction,rs13387644,ENST00000486442.6|KLHL29|chr2:23706481-23708606|+,3.32888195658566e-05,11,Distance_pruning
EUR_PTSD,postnatal,rs13387644,ENST00000486442.6|KLHL29|chr2:23706481-23708606|+,2.6104255190633e-05,11,Distance_pruning
