GWAS_ID,QTL_ID,Locus,Gene,PP4,n_snps
EUR_BIP,stage3_apa,rs7127487,XM_047426766.1|CHORDC1|chr11:90200429-90202551|-,0.182435327718649,603
EUR_BIP,stage4_apa,rs7127487,XM_047426766.1|CHORDC1|chr11:90200429-90202551|-,0.102187674457773,567
EUR_BIP,stage3_apa,rs7127487,XM_011542792.2|GRM5|chr11:88504642-88509504|-,0.0892681042248759,1823
EUR_BIP,stage2_apa,rs7127487,XM_017017043.3|NAALAD2|chr11:90191558-90192894|+,0.0780084972436049,631
EUR_BIP,stage2_apa,rs7127487,XM_011542792.2|GRM5|chr11:88504642-88509504|-,0.0706524113348519,1823
EUR_BIP,stage1_apa,rs7127487,XM_047426766.1|CHORDC1|chr11:90200429-90202551|-,0.0692643806161488,603
EUR_BIP,stage1_apa,rs7127487,XM_017017043.3|NAALAD2|chr11:90191558-90192894|+,0.0628465975539093,631
EUR_BIP,stage3_apa,rs7127487,XM_017017043.3|NAALAD2|chr11:90191558-90192894|+,0.0613906944060403,631
EUR_BIP,stage1_apa,rs7127487,XM_011542792.2|GRM5|chr11:88504642-88509504|-,0.0610206510606009,1823
EUR_BIP,stage2_apa,rs7127487,XM_047426766.1|CHORDC1|chr11:90200429-90202551|-,0.0604048681765499,603
EUR_BIP,stage4_apa,rs7127487,XM_011542792.2|GRM5|chr11:88504642-88509504|-,0.0581990006222499,1459
EUR_BIP,stage4_apa,rs7127487,XM_017017043.3|NAALAD2|chr11:90191558-90192894|+,0.0527426029288099,594
