GWAS_ID,QTL_ID,Locus,Gene,PP4,n_snps
EUR_SCZ,stage3_apa,rs72943392,NM_175885.4|FAM181B|chr11:82729940-82733864|-,0.000973169876288264,519
EUR_SCZ,stage4_apa,rs72943392,NM_175885.4|FAM181B|chr11:82729940-82733864|-,0.000796040371132668,505
EUR_SCZ,stage2_apa,rs72943392,NM_175885.4|FAM181B|chr11:82729940-82733864|-,0.000777479612443756,519
EUR_SCZ,stage1_apa,rs72943392,NM_175885.4|FAM181B|chr11:82729940-82733864|-,0.000764035481501345,519
EUR_SCZ,stage2_apa,rs72943392,NM_199418.4|PRCP|chr11:82822936-82825122|-,0.000331959351851375,261
EUR_SCZ,stage1_apa,rs72943392,NM_199418.4|PRCP|chr11:82822936-82825122|-,0.000287486594430926,261
EUR_SCZ,stage3_apa,rs72943392,NM_199418.4|PRCP|chr11:82822936-82825122|-,0.000256852154962714,261
EUR_SCZ,stage4_apa,rs72943392,NM_199418.4|PRCP|chr11:82822936-82825122|-,0.00017237609810784,249
