GWAS_ID,QTL_ID,Locus,Gene,PP4,n_snps
EUR_SCZ,stage3_apa,rs308697,XM_024453380.2|SPTSSB|chr3:161344798-161346355|-,0.117254777006405,2204
EUR_SCZ,stage4_apa,rs308697,NM_139245.4|PPM1L|chr3:161068811-161078902|+,0.102421212663476,1380
EUR_SCZ,stage4_apa,rs308697,NM_002268.5|KPNA4|chr3:160495007-160502202|-,0.0997868267229459,328
EUR_SCZ,stage1_apa,rs308697,NM_139245.4|PPM1L|chr3:161068811-161078902|+,0.0884418188240096,1726
EUR_SCZ,stage2_apa,rs308697,NM_139245.4|PPM1L|chr3:161068811-161078902|+,0.0852024123708586,1726
EUR_SCZ,stage2_apa,rs308697,XM_005247511.3|NMD3|chr3:161250780-161252307|+,0.0729306145773822,2191
EUR_SCZ,stage1_apa,rs308697,NM_002268.5|KPNA4|chr3:160495007-160502202|-,0.0711508243478477,452
EUR_SCZ,stage2_apa,rs308697,XM_047449135.1|B3GALNT1|chr3:161083883-161086788|-,0.0702551808705194,1743
EUR_SCZ,stage2_apa,rs308697,XM_024453380.2|SPTSSB|chr3:161344798-161346355|-,0.069513333546202,2204
EUR_SCZ,stage3_apa,rs308697,NR_003001.1|SCARNA7|chr3:160514907-160515236|-,0.069072267655808,485
EUR_SCZ,stage3_apa,rs308697,NM_139245.4|PPM1L|chr3:161068811-161078902|+,0.0679815037209996,1726
EUR_SCZ,stage3_apa,rs308697,XM_047449135.1|B3GALNT1|chr3:161083883-161086788|-,0.0651200768579184,1743
EUR_SCZ,stage1_apa,rs308697,XM_024453380.2|SPTSSB|chr3:161344798-161346355|-,0.063779393391297,2204
EUR_SCZ,stage4_apa,rs308697,XM_024453380.2|SPTSSB|chr3:161344798-161346355|-,0.062673973146201,1808
EUR_SCZ,stage1_apa,rs308697,XM_005247511.3|NMD3|chr3:161250780-161252307|+,0.0625330577849913,2191
EUR_SCZ,stage1_apa,rs308697,XM_047449135.1|B3GALNT1|chr3:161083883-161086788|-,0.0614256380840317,1743
EUR_SCZ,stage3_apa,rs308697,XM_005247511.3|NMD3|chr3:161250780-161252307|+,0.0599058049125789,2191
EUR_SCZ,stage2_apa,rs308697,NM_002268.5|KPNA4|chr3:160495007-160502202|-,0.0564587329005835,452
EUR_SCZ,stage4_apa,rs308697,NR_003001.1|SCARNA7|chr3:160514907-160515236|-,0.055618329245645,360
EUR_SCZ,stage4_apa,rs308697,XM_047449135.1|B3GALNT1|chr3:161083883-161086788|-,0.0546009586450919,1397
EUR_SCZ,stage1_apa,rs308697,NR_003001.1|SCARNA7|chr3:160514907-160515236|-,0.0537449076423823,485
EUR_SCZ,stage3_apa,rs308697,NM_002268.5|KPNA4|chr3:160495007-160502202|-,0.0537117761716042,452
EUR_SCZ,stage4_apa,rs308697,XM_005247511.3|NMD3|chr3:161250780-161252307|+,0.0487246755115797,1796
