GWAS_ID,QTL_ID,Locus,Gene,PP4,n_snps
EUR_SCZ,stage1_apa,rs6974218,XM_047420928.1|IMMP2L|chr7:110662644-110663721|-,0.0982174569273713,1724
EUR_SCZ,stage2_apa,rs6974218,XM_047420928.1|IMMP2L|chr7:110662644-110663721|-,0.0787646688439545,1724
EUR_SCZ,stage4_apa,rs6974218,XM_047420928.1|IMMP2L|chr7:110662644-110663721|-,0.0748001842661576,1465
EUR_SCZ,stage2_apa,rs6974218,NM_018334.5|LRRN3|chr7:111122415-111125454|+,0.0688703096674482,1224
EUR_SCZ,stage1_apa,rs6974218,NM_018334.5|LRRN3|chr7:111122415-111125454|+,0.0679528570623898,1224
EUR_SCZ,stage3_apa,rs6974218,XM_047420928.1|IMMP2L|chr7:110662644-110663721|-,0.0618428211039232,1724
EUR_SCZ,stage3_apa,rs6974218,NM_018334.5|LRRN3|chr7:111122415-111125454|+,0.0590584528225351,1224
EUR_SCZ,stage4_apa,rs6974218,NM_018334.5|LRRN3|chr7:111122415-111125454|+,0.0523878373085375,967
EUR_SCZ,stage2_apa,rs6974218,XM_017012820.2|DOCK4|chr7:111726110-111728720|-,0.00100474836808435,256
EUR_SCZ,stage1_apa,rs6974218,XM_017012820.2|DOCK4|chr7:111726110-111728720|-,0.000931999376509755,256
EUR_SCZ,stage3_apa,rs6974218,XM_017012820.2|DOCK4|chr7:111726110-111728720|-,0.00084858144913584,256
EUR_SCZ,stage1_apa,rs6974218,NR_103806.1|DOCK4-AS1|chr7:111819378-111821779|+,0.000642070752861094,108
EUR_SCZ,stage2_apa,rs6974218,NR_103806.1|DOCK4-AS1|chr7:111819378-111821779|+,0.000587757627849349,108
EUR_SCZ,stage3_apa,rs6974218,NR_103806.1|DOCK4-AS1|chr7:111819378-111821779|+,0.000528602709336538,108
EUR_SCZ,stage4_apa,rs6974218,XM_017012820.2|DOCK4|chr7:111726110-111728720|-,0.000443024431296744,198
EUR_SCZ,stage4_apa,rs6974218,NR_103806.1|DOCK4-AS1|chr7:111819378-111821779|+,0.00039519351113622,101
