GWAS_ID,QTL_ID,Locus,Gene,PP4,n_snps
Intelligence,stage4_apa,rs3128341,NM_005455.5|ZRANB2|chr1:71063291-71065137|-,0.290775883322113,350
Intelligence,stage1_apa,rs3128341,NM_005455.5|ZRANB2|chr1:71063291-71065137|-,0.1112766089006,420
Intelligence,stage1_apa,rs3128341,NM_173808.3|NEGR1|chr1:71395943-71407570|-,0.0820086524756507,724
Intelligence,stage2_apa,rs3128341,NM_173808.3|NEGR1|chr1:71395943-71407570|-,0.0792525469843329,724
Intelligence,stage2_apa,rs3128341,XM_047434733.1|ZRANB2|chr1:71063291-71065752|-,0.0753916943161018,422
Intelligence,stage1_apa,rs3128341,XM_047434733.1|ZRANB2|chr1:71063291-71065752|-,0.0746788689095805,422
Intelligence,stage3_apa,rs3128341,NM_173808.3|NEGR1|chr1:71395943-71407570|-,0.0730408876125341,724
Intelligence,stage2_apa,rs3128341,NM_005455.5|ZRANB2|chr1:71063291-71065137|-,0.0721593693117846,420
Intelligence,stage2_apa,rs3128341,NR_038420.1|ZRANB2-AS1|chr1:71066766-71067184|+,0.0687452098111485,426
Intelligence,stage1_apa,rs3128341,NR_038420.1|ZRANB2-AS1|chr1:71066766-71067184|+,0.0645908147665139,426
Intelligence,stage4_apa,rs3128341,NM_173808.3|NEGR1|chr1:71395943-71407570|-,0.0636610582222503,504
Intelligence,stage3_apa,rs3128341,NR_038420.1|ZRANB2-AS1|chr1:71066766-71067184|+,0.0585647935555283,426
Intelligence,stage3_apa,rs3128341,NM_005455.5|ZRANB2|chr1:71063291-71065137|-,0.0568248476107871,420
Intelligence,stage3_apa,rs3128341,XM_047434733.1|ZRANB2|chr1:71063291-71065752|-,0.052844204247574,422
Intelligence,stage4_apa,rs3128341,XM_047434733.1|ZRANB2|chr1:71063291-71065752|-,0.0461477912162893,352
Intelligence,stage4_apa,rs3128341,NR_038420.1|ZRANB2-AS1|chr1:71066766-71067184|+,0.0450543645821709,356
