GWAS_ID,QTL_ID,Locus,Gene,PP4,n_snps
Intelligence,stage4_apa,rs61957651,XM_047430276.1|PCDH17|chr13:57724612-57729311|+,0.159364381020673,1218
Intelligence,stage3_apa,rs61957651,XM_047430276.1|PCDH17|chr13:57724612-57729311|+,0.0806095923484099,1421
Intelligence,stage2_apa,rs61957651,XM_047430276.1|PCDH17|chr13:57724612-57729311|+,0.0785932961486777,1421
Intelligence,stage1_apa,rs61957651,XM_047430276.1|PCDH17|chr13:57724612-57729311|+,0.0727573443311757,1421
