GWAS_ID,QTL_ID,Locus,Gene,PP4,n_snps
Intelligence,stage1_apa,rs72905254,NM_001381964.1|CADM2|chr3:86066665-86074429|+,0.0841381365113806,1086
Intelligence,stage2_apa,rs72905254,NM_001381964.1|CADM2|chr3:86066665-86074429|+,0.0743932868744762,1086
Intelligence,stage1_apa,rs72905254,XR_007096267.1|LOC124906200|chr3:85041579-85048927|+,0.0703199025099077,1998
Intelligence,stage2_apa,rs72905254,XR_007096267.1|LOC124906200|chr3:85041579-85048927|+,0.0691020939902836,1998
Intelligence,stage3_apa,rs72905254,NM_001381964.1|CADM2|chr3:86066665-86074429|+,0.0679446057831315,1086
Intelligence,stage3_apa,rs72905254,XR_007096267.1|LOC124906200|chr3:85041579-85048927|+,0.0650090335874473,1998
Intelligence,stage4_apa,rs72905254,NM_001381964.1|CADM2|chr3:86066665-86074429|+,0.00485372636448936,788
Intelligence,stage4_apa,rs72905254,XR_007096267.1|LOC124906200|chr3:85041579-85048927|+,0.00398801310614047,1514
