GWAS_ID,QTL_ID,Locus,Gene,PP4,n_snps
Intelligence,stage1_apa,rs10779271,NM_001297754.3|GPATCH2|chr1:217608189-217610192|-,0.0739793468422521,1180
Intelligence,stage2_apa,rs10779271,NM_001297754.3|GPATCH2|chr1:217608189-217610192|-,0.0710745722092705,1180
Intelligence,stage3_apa,rs10779271,NM_001297754.3|GPATCH2|chr1:217608189-217610192|-,0.0615286213415998,1180
Intelligence,stage4_apa,rs10779271,NM_001297754.3|GPATCH2|chr1:217608189-217610192|-,0.0529090089073455,947
Intelligence,stage2_apa,rs10779271,NM_001319294.2|KCTD3|chr1:215620057-215621807|+,0.0017957384894405,499
Intelligence,stage1_apa,rs10779271,NM_001319294.2|KCTD3|chr1:215620057-215621807|+,0.00169510725365018,499
Intelligence,stage4_apa,rs10779271,NM_001319294.2|KCTD3|chr1:215620057-215621807|+,0.00166483046014007,467
Intelligence,stage3_apa,rs10779271,NM_001319294.2|KCTD3|chr1:215620057-215621807|+,0.00136566057513817,499
Intelligence,stage2_apa,rs10779271,NM_001017424.3|KCNK2|chr1:215234828-215237090|+,0.000278850744850312,36
Intelligence,stage1_apa,rs10779271,NM_001017424.3|KCNK2|chr1:215234828-215237090|+,0.000252903069451428,36
Intelligence,stage3_apa,rs10779271,NM_001017424.3|KCNK2|chr1:215234828-215237090|+,0.000227612555032954,36
Intelligence,stage4_apa,rs10779271,NM_001017424.3|KCNK2|chr1:215234828-215237090|+,0.000223872776028164,36
