GWAS_ID,QTL_ID,Locus,Gene,PP4,n_snps
Intelligence,stage2_apa,rs297587,NM_020711.3|ERMN|chr2:157318631-157321791|-,0.118400061305717,704
Intelligence,stage3_apa,rs297587,XM_047444557.1|NR4A2|chr2:156324437-156326000|-,0.10786730986894,1081
Intelligence,stage4_apa,rs297587,XM_047444557.1|NR4A2|chr2:156324437-156326000|-,0.102965294770907,928
Intelligence,stage2_apa,rs297587,XM_047443963.1|GPD2|chr2:156582793-156586403|+,0.076396005283076,1081
Intelligence,stage1_apa,rs297587,XM_047443963.1|GPD2|chr2:156582793-156586403|+,0.0746258401779694,1081
Intelligence,stage1_apa,rs297587,XM_047444557.1|NR4A2|chr2:156324437-156326000|-,0.0721327480003795,1081
Intelligence,stage3_apa,rs297587,XM_047443963.1|GPD2|chr2:156582793-156586403|+,0.0704980649886469,1081
Intelligence,stage2_apa,rs297587,XM_047444557.1|NR4A2|chr2:156324437-156326000|-,0.0702310607937022,1081
Intelligence,stage1_apa,rs297587,NM_020711.3|ERMN|chr2:157318631-157321791|-,0.0669325384082471,704
Intelligence,stage3_apa,rs297587,NM_020711.3|ERMN|chr2:157318631-157321791|-,0.0657661523537801,704
Intelligence,stage4_apa,rs297587,XM_047443963.1|GPD2|chr2:156582793-156586403|+,0.0493217201290403,928
Intelligence,stage4_apa,rs297587,NM_020711.3|ERMN|chr2:157318631-157321791|-,0.0493162864012306,621
Intelligence,stage2_apa,rs297587,NM_001347667.2|ACVR1|chr2:157736446-157737665|-,0.000245039893600085,282
Intelligence,stage1_apa,rs297587,NM_001347667.2|ACVR1|chr2:157736446-157737665|-,0.000236134634968339,282
Intelligence,stage3_apa,rs297587,NM_001347667.2|ACVR1|chr2:157736446-157737665|-,0.000215095080288309,282
Intelligence,stage4_apa,rs297587,NM_001347667.2|ACVR1|chr2:157736446-157737665|-,0.000124357335338332,249
