GWAS_ID,QTL_ID,Locus,Gene,PP4,n_snps
Intelligence,stage3_apa,rs7499361,NM_001796.5|CDH8|chr16:61647250-61654101|-,0.156994000772494,1414
Intelligence,stage2_apa,rs7499361,NM_001796.5|CDH8|chr16:61647250-61654101|-,0.080208508961253,1414
Intelligence,stage1_apa,rs7499361,NM_001410893.1|CDH8|chr16:61725170-61727215|-,0.0734263384144401,1414
Intelligence,stage2_apa,rs7499361,NM_001410893.1|CDH8|chr16:61725170-61727215|-,0.0717450748495173,1414
Intelligence,stage1_apa,rs7499361,NM_001796.5|CDH8|chr16:61647250-61654101|-,0.067888837747702,1414
Intelligence,stage4_apa,rs7499361,NM_001410893.1|CDH8|chr16:61725170-61727215|-,0.0659426799536885,1164
Intelligence,stage4_apa,rs7499361,NM_001796.5|CDH8|chr16:61647250-61654101|-,0.0642280680085851,1164
Intelligence,stage3_apa,rs7499361,NM_001410893.1|CDH8|chr16:61725170-61727215|-,0.0504358764242524,1414
