GWAS_ID,QTL_ID,Locus,Gene,PP4,n_snps
Intelligence,stage4_apa,rs10965787,XM_047422912.1|ELAVL2|chr9:23690104-23692884|-,0.632690669268772,1185
Intelligence,stage4_apa,rs10965787,XM_017014426.2|ELAVL2|chr9:23690104-23692887|-,0.573645169302466,1185
Intelligence,stage1_apa,rs10965787,XM_047422912.1|ELAVL2|chr9:23690104-23692884|-,0.291453236994443,1664
Intelligence,stage1_apa,rs10965787,XM_017014426.2|ELAVL2|chr9:23690104-23692887|-,0.239983076796029,1664
Intelligence,stage2_apa,rs10965787,XM_047422912.1|ELAVL2|chr9:23690104-23692884|-,0.110786915397544,1664
Intelligence,stage2_apa,rs10965787,XM_017014426.2|ELAVL2|chr9:23690104-23692887|-,0.10584913518915,1664
Intelligence,stage3_apa,rs10965787,XM_017014426.2|ELAVL2|chr9:23690104-23692887|-,0.0546274288427327,1664
Intelligence,stage3_apa,rs10965787,XM_047422912.1|ELAVL2|chr9:23690104-23692884|-,0.052896706315921,1664
Intelligence,stage3_apa,rs10965787,NM_002451.4|MTAP|chr9:21861976-21867081|+,3.92852298263723e-05,43
Intelligence,stage2_apa,rs10965787,NM_002451.4|MTAP|chr9:21861976-21867081|+,3.48832822263072e-05,43
Intelligence,stage1_apa,rs10965787,NM_002451.4|MTAP|chr9:21861976-21867081|+,3.19484286072062e-05,43
Intelligence,stage4_apa,rs10965787,NM_002451.4|MTAP|chr9:21861976-21867081|+,1.99751568617527e-05,43
