GWAS_ID,QTL_ID,Locus,Gene,PP4,n_snps
Intelligence,stage1_apa,rs7647140,NM_001381964.1|CADM2|chr3:86066665-86074429|+,0.087410856618266,567
Intelligence,stage2_apa,rs7647140,NM_001381964.1|CADM2|chr3:86066665-86074429|+,0.0776424118338434,567
Intelligence,stage1_apa,rs7647140,XR_007096267.1|LOC124906200|chr3:85041579-85048927|+,0.0718979702224683,1695
Intelligence,stage2_apa,rs7647140,XR_007096267.1|LOC124906200|chr3:85041579-85048927|+,0.071123291222901,1695
Intelligence,stage3_apa,rs7647140,NM_001381964.1|CADM2|chr3:86066665-86074429|+,0.0706250973842981,567
Intelligence,stage3_apa,rs7647140,XR_007096267.1|LOC124906200|chr3:85041579-85048927|+,0.0667423044920376,1695
Intelligence,stage4_apa,rs7647140,NM_001381964.1|CADM2|chr3:86066665-86074429|+,0.00342689627794669,412
Intelligence,stage4_apa,rs7647140,XR_007096267.1|LOC124906200|chr3:85041579-85048927|+,0.00314422225436808,1334
