GWAS_ID,QTL_ID,Locus,Gene,PP4,n_snps
Intelligence,stage4_apa,rs6699744,NM_005455.5|ZRANB2|chr1:71063291-71065137|-,0.291459065706702,291
Intelligence,stage1_apa,rs6699744,NM_005455.5|ZRANB2|chr1:71063291-71065137|-,0.111938112904886,345
Intelligence,stage1_apa,rs6699744,NM_173808.3|NEGR1|chr1:71395943-71407570|-,0.0824755431748306,649
Intelligence,stage2_apa,rs6699744,NM_173808.3|NEGR1|chr1:71395943-71407570|-,0.0797902064034767,649
Intelligence,stage2_apa,rs6699744,XM_047434733.1|ZRANB2|chr1:71063291-71065752|-,0.0757347452763736,347
Intelligence,stage1_apa,rs6699744,XM_047434733.1|ZRANB2|chr1:71063291-71065752|-,0.0753058703534695,347
Intelligence,stage3_apa,rs6699744,NM_173808.3|NEGR1|chr1:71395943-71407570|-,0.0734937954834845,649
Intelligence,stage2_apa,rs6699744,NM_005455.5|ZRANB2|chr1:71063291-71065137|-,0.0723805396070708,345
Intelligence,stage2_apa,rs6699744,NR_038420.1|ZRANB2-AS1|chr1:71066766-71067184|+,0.0690432378756423,351
Intelligence,stage1_apa,rs6699744,NR_038420.1|ZRANB2-AS1|chr1:71066766-71067184|+,0.0652361599657217,351
Intelligence,stage4_apa,rs6699744,NM_173808.3|NEGR1|chr1:71395943-71407570|-,0.0640502442265534,445
Intelligence,stage3_apa,rs6699744,NR_038420.1|ZRANB2-AS1|chr1:71066766-71067184|+,0.0589665691234588,351
Intelligence,stage3_apa,rs6699744,NM_005455.5|ZRANB2|chr1:71063291-71065137|-,0.057208402373877,345
Intelligence,stage3_apa,rs6699744,XM_047434733.1|ZRANB2|chr1:71063291-71065752|-,0.0532325044086232,347
Intelligence,stage4_apa,rs6699744,XM_047434733.1|ZRANB2|chr1:71063291-71065752|-,0.0464525742394394,293
Intelligence,stage4_apa,rs6699744,NR_038420.1|ZRANB2-AS1|chr1:71066766-71067184|+,0.0453461089030428,297
