GWAS_ID,QTL_ID,Locus,Gene,PP4,n_snps
Intelligence,stage4_apa,rs10477894,NM_014819.5|PJA2|chr5:109334722-109337356|-,0.0986517425220291,614
Intelligence,stage4_apa,rs10477894,XM_005272048.5|FBXL17|chr5:107862642-107881179|-,0.083476158555588,1274
Intelligence,stage4_apa,rs10477894,NM_001163315.3|FBXL17|chr5:107859035-107861860|-,0.074372447110072,1274
Intelligence,stage4_apa,rs10477894,XR_007058895.1|LOC124901038|chr5:107557325-107564490|+,0.0561386402633669,1022
Intelligence,stage4_apa,rs10477894,XM_047416940.1|FER|chr5:109187433-109196841|+,0.050177845738002,802
Intelligence,stage4_apa,rs10477894,XM_011543250.4|EFNA5|chr5:107376894-107381376|-,0.0475885034339669,729
Intelligence,stage4_apa,rs10477894,XM_017009729.3|FBXL17|chr5:108219661-108223381|-,0.0475296053605575,1274
Intelligence,stage4_apa,rs10477894,NR_186543.1|MAN2A1-DT|chr5:109687801-109691099|-,2.93849287162883e-05,62
