GWAS_ID,QTL_ID,Locus,Gene,PP4,n_snps
Intelligence,stage1_apa,rs1840847,XR_007058698.1|LOC124900943|chr5:14347402-14353302|+,0.0194472517685919,511
Intelligence,stage2_apa,rs1840847,XR_007058698.1|LOC124900943|chr5:14347402-14353302|+,0.0188718625068234,511
Intelligence,stage3_apa,rs1840847,XR_007058698.1|LOC124900943|chr5:14347402-14353302|+,0.0148381799862523,511
Intelligence,stage4_apa,rs1840847,XR_007058698.1|LOC124900943|chr5:14347402-14353302|+,0.00778805564057677,445
Intelligence,stage4_apa,rs1840847,XM_047417681.1|TRIO|chr5:14507880-14510204|+,0.000167622171656023,107
Intelligence,stage1_apa,rs1840847,XM_047417681.1|TRIO|chr5:14507880-14510204|+,0.000157077975735571,120
Intelligence,stage3_apa,rs1840847,XM_047417681.1|TRIO|chr5:14507880-14510204|+,0.000110614866074039,120
Intelligence,stage2_apa,rs1840847,XM_047417681.1|TRIO|chr5:14507880-14510204|+,9.893772691571e-05,120
