GWAS_ID,QTL_ID,Locus,Gene,PP4,n_snps
Intelligence,stage3_apa,rs4459994,XM_047449472.1|TSPAN5|chr4:98470367-98472587|-,0.000304526639023185,142
Intelligence,stage1_apa,rs4459994,XM_024454166.2|RAP1GDS1|chr4:98441990-98443858|+,0.000281525595283016,151
Intelligence,stage2_apa,rs4459994,XM_047449472.1|TSPAN5|chr4:98470367-98472587|-,0.000238963500218516,142
Intelligence,stage4_apa,rs4459994,XM_024454166.2|RAP1GDS1|chr4:98441990-98443858|+,0.000226288685945306,109
Intelligence,stage2_apa,rs4459994,XM_024454166.2|RAP1GDS1|chr4:98441990-98443858|+,0.00022047072956446,151
Intelligence,stage1_apa,rs4459994,XM_047449472.1|TSPAN5|chr4:98470367-98472587|-,0.000209800999864293,142
Intelligence,stage3_apa,rs4459994,XM_024454166.2|RAP1GDS1|chr4:98441990-98443858|+,0.00019525353229035,151
Intelligence,stage4_apa,rs4459994,XM_047449472.1|TSPAN5|chr4:98470367-98472587|-,0.00016946353127295,106
