GWAS_ID,QTL_ID,Locus,Gene,PP4,n_snps
Intelligence,stage3_apa,rs67482514,NM_001318761.2|EPHA5|chr4:65319567-65324219|-,0.0686131203280764,2067
Intelligence,stage2_apa,rs67482514,NM_001318761.2|EPHA5|chr4:65319567-65324219|-,0.0657725667861628,2067
Intelligence,stage2_apa,rs67482514,NM_001281767.3|EPHA5|chr4:65330558-65332128|-,0.0626426759546977,2067
Intelligence,stage1_apa,rs67482514,NM_001318761.2|EPHA5|chr4:65319567-65324219|-,0.0594826063966124,2067
Intelligence,stage1_apa,rs67482514,NM_001281767.3|EPHA5|chr4:65330558-65332128|-,0.0580355481911644,2067
Intelligence,stage4_apa,rs67482514,NM_001318761.2|EPHA5|chr4:65319567-65324219|-,0.0471583134857497,1755
Intelligence,stage3_apa,rs67482514,NM_001281767.3|EPHA5|chr4:65330558-65332128|-,0.0465577287455931,2067
Intelligence,stage4_apa,rs67482514,NM_001281767.3|EPHA5|chr4:65330558-65332128|-,0.0377449384545111,1755
