GWAS_ID,QTL_ID,Locus,Gene,PP4,n_snps
Intelligence,stage3_apa,rs75973558,NM_016279.4|CDH9|chr5:26880597-26881623|-,0.0576055419330409,1541
Intelligence,stage4_apa,rs75973558,NM_016279.4|CDH9|chr5:26880597-26881623|-,0.0516957283504141,1099
Intelligence,stage2_apa,rs75973558,NM_016279.4|CDH9|chr5:26880597-26881623|-,0.0181876148378191,1541
Intelligence,stage1_apa,rs75973558,NM_016279.4|CDH9|chr5:26880597-26881623|-,0.0143508025146961,1541
