GWAS_ID,QTL_ID,Locus,Gene,PP4,n_snps
Intelligence,stage4_apa,rs12724444,NM_005455.5|ZRANB2|chr1:71063291-71065137|-,0.293651569398886,210
Intelligence,stage1_apa,rs12724444,NM_005455.5|ZRANB2|chr1:71063291-71065137|-,0.113111484146883,222
Intelligence,stage1_apa,rs12724444,NM_173808.3|NEGR1|chr1:71395943-71407570|-,0.083272260103356,526
Intelligence,stage2_apa,rs12724444,NM_173808.3|NEGR1|chr1:71395943-71407570|-,0.0805576368033102,526
Intelligence,stage1_apa,rs12724444,XM_047434733.1|ZRANB2|chr1:71063291-71065752|-,0.0761956481227914,224
Intelligence,stage2_apa,rs12724444,XM_047434733.1|ZRANB2|chr1:71063291-71065752|-,0.0761842294662359,224
Intelligence,stage3_apa,rs12724444,NM_173808.3|NEGR1|chr1:71395943-71407570|-,0.0739534229847366,526
Intelligence,stage2_apa,rs12724444,NM_005455.5|ZRANB2|chr1:71063291-71065137|-,0.0726477518520991,222
Intelligence,stage2_apa,rs12724444,NR_038420.1|ZRANB2-AS1|chr1:71066766-71067184|+,0.0693910404497754,228
Intelligence,stage1_apa,rs12724444,NR_038420.1|ZRANB2-AS1|chr1:71066766-71067184|+,0.0660350103922806,228
Intelligence,stage4_apa,rs12724444,NM_173808.3|NEGR1|chr1:71395943-71407570|-,0.0640844837709334,364
Intelligence,stage3_apa,rs12724444,NR_038420.1|ZRANB2-AS1|chr1:71066766-71067184|+,0.0594987286252848,228
Intelligence,stage3_apa,rs12724444,NM_005455.5|ZRANB2|chr1:71063291-71065137|-,0.0576523027013775,222
Intelligence,stage3_apa,rs12724444,XM_047434733.1|ZRANB2|chr1:71063291-71065752|-,0.0538118140894476,224
Intelligence,stage4_apa,rs12724444,XM_047434733.1|ZRANB2|chr1:71063291-71065752|-,0.0461881939837071,212
Intelligence,stage4_apa,rs12724444,NR_038420.1|ZRANB2-AS1|chr1:71066766-71067184|+,0.0450877279096418,216
