GWAS_ID,QTL_ID,Locus,Gene,PP4,n_snps
Intelligence,stage3_apa,rs60262711,NM_006773.4|DDX18|chr2:117830582-117832377|+,0.178662816727618,397
Intelligence,stage1_apa,rs60262711,NM_006773.4|DDX18|chr2:117830582-117832377|+,0.0932032577113407,397
Intelligence,stage2_apa,rs60262711,NM_006773.4|DDX18|chr2:117830582-117832377|+,0.0748507541724555,397
Intelligence,stage1_apa,rs60262711,NM_001178034.1|DPP10|chr2:115842211-115844750|+,0.0744204378061789,963
Intelligence,stage2_apa,rs60262711,NM_001178034.1|DPP10|chr2:115842211-115844750|+,0.0699890532805247,963
Intelligence,stage2_apa,rs60262711,NM_001321913.3|DPP10|chr2:115842211-115845780|+,0.0687876533342928,966
Intelligence,stage1_apa,rs60262711,NM_001321913.3|DPP10|chr2:115842211-115845780|+,0.066199021128551,966
Intelligence,stage4_apa,rs60262711,NM_001178034.1|DPP10|chr2:115842211-115844750|+,0.0633703222384805,874
Intelligence,stage3_apa,rs60262711,NM_001321913.3|DPP10|chr2:115842211-115845780|+,0.0536871422750903,966
Intelligence,stage3_apa,rs60262711,NM_001178034.1|DPP10|chr2:115842211-115844750|+,0.0532323047254108,963
Intelligence,stage4_apa,rs60262711,NM_001321913.3|DPP10|chr2:115842211-115845780|+,0.0506503752496837,877
Intelligence,stage4_apa,rs60262711,NM_006773.4|DDX18|chr2:117830582-117832377|+,0.047915549189629,340
Intelligence,stage2_apa,rs60262711,XM_047444816.1|CCDC93|chr2:117915481-117920396|-,0.000959791237463848,289
Intelligence,stage1_apa,rs60262711,XM_047444816.1|CCDC93|chr2:117915481-117920396|-,0.000894668711739965,289
Intelligence,stage3_apa,rs60262711,XM_047444816.1|CCDC93|chr2:117915481-117920396|-,0.00086115422621203,289
Intelligence,stage3_apa,rs60262711,NM_001321330.2|INSIG2|chr2:118108281-118110997|+,0.000382898097712168,195
Intelligence,stage2_apa,rs60262711,NM_001321330.2|INSIG2|chr2:118108281-118110997|+,0.000382526989260421,195
Intelligence,stage1_apa,rs60262711,NM_001321330.2|INSIG2|chr2:118108281-118110997|+,0.000323573591934906,195
Intelligence,stage4_apa,rs60262711,XM_047444816.1|CCDC93|chr2:117915481-117920396|-,0.00027797347351757,232
Intelligence,stage4_apa,rs60262711,NM_001321330.2|INSIG2|chr2:118108281-118110997|+,0.000117778230167701,164
