GWAS_ID,QTL_ID,Locus,Gene,PP4,n_snps
Intelligence,stage2_apa,rs214403,NM_080821.3|FAM210B|chr20:56366071-56368663|+,0.203718760164285,1178
Intelligence,stage1_apa,rs214403,NM_177959.3|DOK5|chr20:54650415-54651169|+,0.111800785382889,764
Intelligence,stage3_apa,rs214403,NM_177959.3|DOK5|chr20:54650415-54651169|+,0.0883187142328508,764
Intelligence,stage1_apa,rs214403,NM_001033521.2|CSTF1|chr20:56403468-56406362|+,0.0806229795860575,1173
Intelligence,stage2_apa,rs214403,NM_177959.3|DOK5|chr20:54650415-54651169|+,0.0738383891316376,764
Intelligence,stage2_apa,rs214403,NM_080617.6|CBLN4|chr20:55997357-55998754|-,0.0734257647905383,1447
Intelligence,stage2_apa,rs214403,NM_001033521.2|CSTF1|chr20:56403468-56406362|+,0.0712710183307815,1173
Intelligence,stage1_apa,rs214403,NM_080617.6|CBLN4|chr20:55997357-55998754|-,0.0696395612426664,1447
Intelligence,stage1_apa,rs214403,NM_080821.3|FAM210B|chr20:56366071-56368663|+,0.0672431239372551,1178
Intelligence,stage3_apa,rs214403,NM_080617.6|CBLN4|chr20:55997357-55998754|-,0.0564003144731603,1447
Intelligence,stage4_apa,rs214403,NM_080617.6|CBLN4|chr20:55997357-55998754|-,0.0548482694452145,1321
Intelligence,stage3_apa,rs214403,NM_080821.3|FAM210B|chr20:56366071-56368663|+,0.0543380171001264,1178
Intelligence,stage4_apa,rs214403,NM_001033521.2|CSTF1|chr20:56403468-56406362|+,0.0532904549731268,1048
Intelligence,stage3_apa,rs214403,NM_001033521.2|CSTF1|chr20:56403468-56406362|+,0.0521609592210329,1173
Intelligence,stage4_apa,rs214403,NM_080821.3|FAM210B|chr20:56366071-56368663|+,0.0480440419993693,1053
Intelligence,stage4_apa,rs214403,NM_177959.3|DOK5|chr20:54650415-54651169|+,0.046641879489679,720
Intelligence,stage1_apa,rs214403,NM_002623.4|PFDN4|chr20:54219019-54219961|+,0.0220993628477275,241
Intelligence,stage2_apa,rs214403,NM_002623.4|PFDN4|chr20:54219019-54219961|+,0.0201124884758849,241
Intelligence,stage4_apa,rs214403,NM_002623.4|PFDN4|chr20:54219019-54219961|+,0.0174751354164478,240
Intelligence,stage3_apa,rs214403,NM_002623.4|PFDN4|chr20:54219019-54219961|+,0.0170357857397668,241
Intelligence,stage1_apa,rs214403,NM_001283037.2|RTF2|chr20:56518087-56519449|+,0.00493734613602775,1006
Intelligence,stage2_apa,rs214403,NM_001283037.2|RTF2|chr20:56518087-56519449|+,0.00393357201897642,1006
Intelligence,stage3_apa,rs214403,NM_001283037.2|RTF2|chr20:56518087-56519449|+,0.00382846254589248,1006
Intelligence,stage4_apa,rs214403,NM_001283037.2|RTF2|chr20:56518087-56519449|+,0.00378799640449379,913
