GWAS_ID,QTL_ID,Locus,Gene,PP4,n_snps
Intelligence,stage4_apa,rs117463770,XM_047420162.1|AUTS2|chr7:70789748-70793506|+,0.149669683482442,578
Intelligence,stage3_apa,rs117463770,XM_047420162.1|AUTS2|chr7:70789748-70793506|+,0.0940066177464428,950
Intelligence,stage2_apa,rs117463770,XM_047420162.1|AUTS2|chr7:70789748-70793506|+,0.091330999865925,950
Intelligence,stage1_apa,rs117463770,XM_047420162.1|AUTS2|chr7:70789748-70793506|+,0.0842913574125941,950
