GWAS_ID,QTL_ID,Locus,Gene,PP4,n_snps
Intelligence,stage1_apa,rs11624411,NM_001366398.2|NOVA1|chr14:26443090-26448963|-,0.0777381174933416,1446
Intelligence,stage4_apa,rs11624411,NM_001366398.2|NOVA1|chr14:26443090-26448963|-,0.0659965275543009,1150
Intelligence,stage2_apa,rs11624411,NM_001366398.2|NOVA1|chr14:26443090-26448963|-,0.0642129386617589,1446
Intelligence,stage3_apa,rs11624411,NM_001366398.2|NOVA1|chr14:26443090-26448963|-,0.0479265898531241,1446
