GWAS_ID,QTL_ID,Locus,Gene,PP4,n_snps
Intelligence,stage3_apa,rs12476120,NM_001330090.2|NRXN1|chr2:50916822-50919268|-,0.119995442298409,2073
Intelligence,stage2_apa,rs12476120,NM_001330092.2|NRXN1|chr2:49918503-49922251|-,0.0818676115934695,1095
Intelligence,stage4_apa,rs12476120,NM_001330092.2|NRXN1|chr2:49918503-49922251|-,0.0772756419624811,815
Intelligence,stage1_apa,rs12476120,NM_001330092.2|NRXN1|chr2:49918503-49922251|-,0.0767601055082992,1095
Intelligence,stage3_apa,rs12476120,NM_001330081.2|NRXN1|chr2:50916822-50920006|-,0.0741107944741521,2073
Intelligence,stage2_apa,rs12476120,NM_001330081.2|NRXN1|chr2:50916822-50920006|-,0.0681803088912916,2073
Intelligence,stage2_apa,rs12476120,NM_001330090.2|NRXN1|chr2:50916822-50919268|-,0.0661481418423261,2073
Intelligence,stage1_apa,rs12476120,NM_001330090.2|NRXN1|chr2:50916822-50919268|-,0.0623889244104649,2073
Intelligence,stage4_apa,rs12476120,NM_001330081.2|NRXN1|chr2:50916822-50920006|-,0.0619729067964275,1669
Intelligence,stage3_apa,rs12476120,NM_001330092.2|NRXN1|chr2:49918503-49922251|-,0.0605888060695912,1095
Intelligence,stage1_apa,rs12476120,NM_001330081.2|NRXN1|chr2:50916822-50920006|-,0.0596500474081586,2073
Intelligence,stage4_apa,rs12476120,NM_001330090.2|NRXN1|chr2:50916822-50919268|-,0.0541219314207107,1669
