GWAS_ID,QTL_ID,Locus,Gene,PP4,n_snps
Intelligence,stage3_apa,rs62266110,NM_001437443.1|ARL13B|chr3:94053187-94055678|+,0.0980194772308458,408
Intelligence,stage2_apa,rs62266110,NM_001437443.1|ARL13B|chr3:94053187-94055678|+,0.0808672574127415,408
Intelligence,stage2_apa,rs62266110,NM_022072.5|NSUN3|chr3:94126211-94131832|+,0.0762052865746686,408
Intelligence,stage3_apa,rs62266110,NM_022072.5|NSUN3|chr3:94126211-94131832|+,0.0759629056248929,408
Intelligence,stage1_apa,rs62266110,NM_022072.5|NSUN3|chr3:94126211-94131832|+,0.0714161476259932,408
Intelligence,stage4_apa,rs62266110,NM_001437443.1|ARL13B|chr3:94053187-94055678|+,0.0704618050408504,294
Intelligence,stage1_apa,rs62266110,NM_001437443.1|ARL13B|chr3:94053187-94055678|+,0.0689739520050699,408
Intelligence,stage4_apa,rs62266110,NM_022072.5|NSUN3|chr3:94126211-94131832|+,0.0685695839921913,294
