GWAS_ID,QTL_ID,Locus,Gene,PP4,n_snps
Intelligence,stage2_apa,rs6903716,XM_011514718.1|CDKAL1|chr6:21230848-21232404|+,0.244625268130081,1186
Intelligence,stage2_apa,rs6903716,XR_926568.4|LOC105374966|chr6:21135979-21138976|-,0.0733813793302831,1024
Intelligence,stage1_apa,rs6903716,NR_015410.2|CASC15|chr6:22194045-22195820|+,0.0646676797640011,1639
Intelligence,stage1_apa,rs6903716,XM_011514718.1|CDKAL1|chr6:21230848-21232404|+,0.0643006342935028,1186
Intelligence,stage1_apa,rs6903716,XR_926568.4|LOC105374966|chr6:21135979-21138976|-,0.0636953874062037,1024
Intelligence,stage2_apa,rs6903716,NR_015410.2|CASC15|chr6:22194045-22195820|+,0.0629390790945574,1639
Intelligence,stage3_apa,rs6903716,XM_011514718.1|CDKAL1|chr6:21230848-21232404|+,0.0550727233601244,1186
Intelligence,stage3_apa,rs6903716,XR_926568.4|LOC105374966|chr6:21135979-21138976|-,0.053486205839554,1024
Intelligence,stage3_apa,rs6903716,NR_015410.2|CASC15|chr6:22194045-22195820|+,0.0531109026972689,1639
Intelligence,stage4_apa,rs6903716,XM_011514718.1|CDKAL1|chr6:21230848-21232404|+,0.0513855564374358,980
Intelligence,stage4_apa,rs6903716,XR_926568.4|LOC105374966|chr6:21135979-21138976|-,0.0453994091770018,833
Intelligence,stage4_apa,rs6903716,NR_015410.2|CASC15|chr6:22194045-22195820|+,0.0432765041809929,1343
Intelligence,stage3_apa,rs6903716,XM_011514324.4|E2F3|chr6:20490168-20493714|+,3.98571306639657e-05,44
Intelligence,stage1_apa,rs6903716,XM_011514324.4|E2F3|chr6:20490168-20493714|+,1.66660842709601e-05,44
Intelligence,stage2_apa,rs6903716,XM_011514324.4|E2F3|chr6:20490168-20493714|+,1.57065642878731e-05,44
Intelligence,stage4_apa,rs6903716,XM_011514324.4|E2F3|chr6:20490168-20493714|+,9.26227526642428e-06,29
