GWAS_ID,QTL_ID,Locus,Gene,PP4,n_snps
Intelligence,stage3_apa,rs17049085,NM_001438890.1|FANCL|chr2:58159920-58160179|-,0.0683309290828863,2146
Intelligence,stage2_apa,rs17049085,NM_001438890.1|FANCL|chr2:58159920-58160179|-,0.064865603530207,2146
Intelligence,stage1_apa,rs17049085,NM_001438890.1|FANCL|chr2:58159920-58160179|-,0.0594181687781168,2146
Intelligence,stage4_apa,rs17049085,NM_001438890.1|FANCL|chr2:58159920-58160179|-,0.0481802057326785,1711
Intelligence,stage3_apa,rs17049085,NM_001080433.2|CCDC85A|chr2:56384266-56386172|+,0.000515750830656428,543
Intelligence,stage2_apa,rs17049085,NM_001080433.2|CCDC85A|chr2:56384266-56386172|+,0.000494944240212736,543
Intelligence,stage3_apa,rs17049085,XM_024452642.2|CCDC85A|chr2:56384266-56386174|+,0.00049493819946309,543
Intelligence,stage2_apa,rs17049085,XM_024452642.2|CCDC85A|chr2:56384266-56386174|+,0.000487866511422385,543
Intelligence,stage1_apa,rs17049085,XM_024452642.2|CCDC85A|chr2:56384266-56386174|+,0.000439040811110848,543
Intelligence,stage1_apa,rs17049085,NM_001080433.2|CCDC85A|chr2:56384266-56386172|+,0.000436973129315709,543
Intelligence,stage4_apa,rs17049085,NM_001080433.2|CCDC85A|chr2:56384266-56386172|+,0.000200900002656903,426
Intelligence,stage4_apa,rs17049085,XM_024452642.2|CCDC85A|chr2:56384266-56386174|+,0.00020022527292674,426
