GWAS_ID,QTL_ID,Locus,Gene,PP4,n_snps
Intelligence,stage2_apa,rs62181012,NM_001278555.2|UBE2E3|chr2:181062791-181063425|+,0.0831703141614536,1153
Intelligence,stage1_apa,rs62181012,NM_001376030.1|CWC22|chr2:179944876-179945715|-,0.0810821064535083,1836
Intelligence,stage2_apa,rs62181012,NM_001352814.2|ZNF385B|chr2:179441982-179443468|-,0.0784172697098576,1453
Intelligence,stage1_apa,rs62181012,NM_001278555.2|UBE2E3|chr2:181062791-181063425|+,0.0762454450802157,1153
Intelligence,stage2_apa,rs62181012,NM_001376030.1|CWC22|chr2:179944876-179945715|-,0.0752071499880912,1836
Intelligence,stage1_apa,rs62181012,NM_001352814.2|ZNF385B|chr2:179441982-179443468|-,0.0741381891551085,1453
Intelligence,stage3_apa,rs62181012,NM_001376030.1|CWC22|chr2:179944876-179945715|-,0.0693740128657568,1836
Intelligence,stage3_apa,rs62181012,NM_001278555.2|UBE2E3|chr2:181062791-181063425|+,0.0691865147298745,1153
Intelligence,stage3_apa,rs62181012,NM_001352814.2|ZNF385B|chr2:179441982-179443468|-,0.0669082698269435,1453
Intelligence,stage4_apa,rs62181012,NM_001278555.2|UBE2E3|chr2:181062791-181063425|+,0.0554934030116437,853
Intelligence,stage4_apa,rs62181012,NM_001376030.1|CWC22|chr2:179944876-179945715|-,0.054238197184153,1474
Intelligence,stage4_apa,rs62181012,NM_001352814.2|ZNF385B|chr2:179441982-179443468|-,0.0385341129429803,1141
Intelligence,stage1_apa,rs62181012,XM_047446275.1|SESTD1|chr2:179101678-179110028|-,0.00533386324972454,796
Intelligence,stage3_apa,rs62181012,XM_047446275.1|SESTD1|chr2:179101678-179110028|-,0.00514873152629277,796
Intelligence,stage2_apa,rs62181012,XM_047446275.1|SESTD1|chr2:179101678-179110028|-,0.00472032242273107,796
Intelligence,stage4_apa,rs62181012,XM_047446275.1|SESTD1|chr2:179101678-179110028|-,0.00271370660570039,691
Intelligence,stage4_apa,rs62181012,XR_007087319.1|LOC124906101|chr2:178737934-178739256|+,0.000480113825814854,241
Intelligence,stage1_apa,rs62181012,XR_007087319.1|LOC124906101|chr2:178737934-178739256|+,0.00031836491170933,259
Intelligence,stage2_apa,rs62181012,XR_007087319.1|LOC124906101|chr2:178737934-178739256|+,0.000246092700349987,259
Intelligence,stage3_apa,rs62181012,XR_007087319.1|LOC124906101|chr2:178737934-178739256|+,0.000236960390657738,259
