GWAS_ID,QTL_ID,Locus,Gene,PP4,n_snps
Intelligence,stage3_apa,rs13253386,NM_001413135.1|DLC1|chr8:13083361-13083862|-,0.00243474291007113,2236
Intelligence,stage4_apa,rs13253386,NM_001413135.1|DLC1|chr8:13083361-13083862|-,0.0019264041024767,1972
Intelligence,stage3_apa,rs13253386,NM_001348083.1|DLC1|chr8:13083363-13085931|-,0.00172909079083296,2238
Intelligence,stage4_apa,rs13253386,NM_001348083.1|DLC1|chr8:13083363-13085931|-,0.00167243379066914,1973
Intelligence,stage3_apa,rs13253386,NM_001164271.2|DLC1|chr8:13083361-13085931|-,0.00165312212905744,2238
Intelligence,stage4_apa,rs13253386,NM_001164271.2|DLC1|chr8:13083361-13085931|-,0.00164392535637501,1973
Intelligence,stage2_apa,rs13253386,NM_001164271.2|DLC1|chr8:13083361-13085931|-,0.00161841726056454,2238
Intelligence,stage2_apa,rs13253386,NM_001348083.1|DLC1|chr8:13083363-13085931|-,0.00159656972949851,2238
Intelligence,stage2_apa,rs13253386,NM_001413135.1|DLC1|chr8:13083361-13083862|-,0.00155975307476039,2236
Intelligence,stage1_apa,rs13253386,NM_001348083.1|DLC1|chr8:13083363-13085931|-,0.00151869352694542,2238
Intelligence,stage1_apa,rs13253386,NM_001164271.2|DLC1|chr8:13083361-13085931|-,0.00151454295827505,2238
Intelligence,stage1_apa,rs13253386,NM_001413135.1|DLC1|chr8:13083361-13083862|-,0.00143283448456264,2236
Intelligence,stage1_apa,rs13253386,NM_020844.3|TRMT9B|chr8:13021008-13029777|+,0.00138875510690684,1938
Intelligence,stage2_apa,rs13253386,NM_020844.3|TRMT9B|chr8:13021008-13029777|+,0.00122124024885076,1938
Intelligence,stage4_apa,rs13253386,NM_020844.3|TRMT9B|chr8:13021008-13029777|+,0.00115057785542653,1724
Intelligence,stage3_apa,rs13253386,NM_020844.3|TRMT9B|chr8:13021008-13029777|+,0.0011343629598043,1938
Intelligence,stage2_apa,rs13253386,XM_011544694.4|LONRF1|chr8:12721906-12723254|-,0.00024697999730888,373
Intelligence,stage3_apa,rs13253386,XM_011544694.4|LONRF1|chr8:12721906-12723254|-,0.000240094713665172,373
Intelligence,stage1_apa,rs13253386,XM_011544694.4|LONRF1|chr8:12721906-12723254|-,0.00023897190114496,373
Intelligence,stage4_apa,rs13253386,XM_011544694.4|LONRF1|chr8:12721906-12723254|-,0.000144151491515225,346
