GWAS_ID,QTL_ID,Locus,Gene,PP4,n_snps
Intelligence,stage1_apa,rs4247018,NM_001366398.2|NOVA1|chr14:26443090-26448963|-,0.0778501117560549,1432
Intelligence,stage4_apa,rs4247018,NM_001366398.2|NOVA1|chr14:26443090-26448963|-,0.0660944364123203,1135
Intelligence,stage2_apa,rs4247018,NM_001366398.2|NOVA1|chr14:26443090-26448963|-,0.0642971194822028,1432
Intelligence,stage3_apa,rs4247018,NM_001366398.2|NOVA1|chr14:26443090-26448963|-,0.047988022616016,1432
