GWAS_ID,QTL_ID,Locus,Gene,PP4,n_snps
Intelligence,stage2_apa,rs6508220,XM_047437311.1|DCC|chr18:53530564-53534195|+,0.102426748738932,1959
Intelligence,stage2_apa,rs6508220,NM_003927.5|MBD2|chr18:54151606-54155311|-,0.0989738914819932,1217
Intelligence,stage3_apa,rs6508220,NM_003927.5|MBD2|chr18:54151606-54155311|-,0.0921778849365832,1217
Intelligence,stage2_apa,rs6508220,NM_001351616.1|POLI|chr18:54293649-54298234|+,0.087349924613299,1033
Intelligence,stage1_apa,rs6508220,XM_047437311.1|DCC|chr18:53530564-53534195|+,0.0771830673833771,1959
Intelligence,stage3_apa,rs6508220,NM_001351616.1|POLI|chr18:54293649-54298234|+,0.0761335502619145,1033
Intelligence,stage1_apa,rs6508220,NM_001351616.1|POLI|chr18:54293649-54298234|+,0.071695659637038,1033
Intelligence,stage1_apa,rs6508220,NM_003927.5|MBD2|chr18:54151606-54155311|-,0.069174771760714,1217
Intelligence,stage4_apa,rs6508220,NM_003927.5|MBD2|chr18:54151606-54155311|-,0.0597159640349121,993
Intelligence,stage4_apa,rs6508220,XM_047437311.1|DCC|chr18:53530564-53534195|+,0.0550310703119404,1652
Intelligence,stage4_apa,rs6508220,NM_001351616.1|POLI|chr18:54293649-54298234|+,0.0510552024460332,860
Intelligence,stage3_apa,rs6508220,XM_047437311.1|DCC|chr18:53530564-53534195|+,0.0509177281352986,1959
