GWAS_ID,QTL_ID,Locus,Gene,PP4,n_snps
Intelligence,stage4_apa,rs62198803,NM_194250.2|ZNF804A|chr2:184935783-184939492|+,0.135422609918193,964
Intelligence,stage1_apa,rs62198803,NM_194250.2|ZNF804A|chr2:184935783-184939492|+,0.0666748703408946,1282
Intelligence,stage3_apa,rs62198803,NM_194250.2|ZNF804A|chr2:184935783-184939492|+,0.0641585309265546,1282
Intelligence,stage2_apa,rs62198803,NM_194250.2|ZNF804A|chr2:184935783-184939492|+,0.0604835640181596,1282
Intelligence,stage3_apa,rs62198803,NM_018471.3|ZC3H15|chr2:186508543-186509361|+,0.000427890546955684,432
Intelligence,stage2_apa,rs62198803,XR_001739147.3|LOC105373785|chr2:186456002-186456851|-,0.000403568460969052,527
Intelligence,stage1_apa,rs62198803,XR_001739147.3|LOC105373785|chr2:186456002-186456851|-,0.000395209009864062,527
Intelligence,stage1_apa,rs62198803,NM_018471.3|ZC3H15|chr2:186508543-186509361|+,0.000377751831868046,432
Intelligence,stage3_apa,rs62198803,XR_001739147.3|LOC105373785|chr2:186456002-186456851|-,0.000334606665299975,527
Intelligence,stage2_apa,rs62198803,NM_018471.3|ZC3H15|chr2:186508543-186509361|+,0.000289712640471882,432
Intelligence,stage2_apa,rs62198803,NM_001145000.3|ITGAV|chr2:186677197-186680901|+,0.000175213112731411,256
Intelligence,stage1_apa,rs62198803,NM_001145000.3|ITGAV|chr2:186677197-186680901|+,0.000168780886216187,256
Intelligence,stage3_apa,rs62198803,NM_001145000.3|ITGAV|chr2:186677197-186680901|+,0.000144956851820114,256
Intelligence,stage1_apa,rs62198803,NM_177454.4|FAM171B|chr2:186761479-186765959|+,0.000112258303311146,147
Intelligence,stage4_apa,rs62198803,NM_018471.3|ZC3H15|chr2:186508543-186509361|+,0.0001071222089627,292
Intelligence,stage2_apa,rs62198803,NM_177454.4|FAM171B|chr2:186761479-186765959|+,9.55522516137498e-05,147
Intelligence,stage3_apa,rs62198803,NM_177454.4|FAM171B|chr2:186761479-186765959|+,9.54966091789769e-05,147
Intelligence,stage4_apa,rs62198803,XR_001739147.3|LOC105373785|chr2:186456002-186456851|-,8.2745816450301e-05,346
Intelligence,stage4_apa,rs62198803,NM_001145000.3|ITGAV|chr2:186677197-186680901|+,4.19579753416564e-05,184
Intelligence,stage4_apa,rs62198803,NM_177454.4|FAM171B|chr2:186761479-186765959|+,3.39390765519602e-05,102
