GWAS_ID,QTL_ID,Locus,Gene,PP4,n_snps
Intelligence,stage4_apa,rs702222,XM_047422912.1|ELAVL2|chr9:23690104-23692884|-,0.630549663080816,1290
Intelligence,stage4_apa,rs702222,XM_017014426.2|ELAVL2|chr9:23690104-23692887|-,0.571317074715324,1290
Intelligence,stage1_apa,rs702222,XM_047422912.1|ELAVL2|chr9:23690104-23692884|-,0.285366859972721,1472
Intelligence,stage1_apa,rs702222,XM_017014426.2|ELAVL2|chr9:23690104-23692887|-,0.236113366471401,1472
Intelligence,stage2_apa,rs702222,XM_047422912.1|ELAVL2|chr9:23690104-23692884|-,0.111331658790917,1472
Intelligence,stage2_apa,rs702222,XM_017014426.2|ELAVL2|chr9:23690104-23692887|-,0.106568380794651,1472
Intelligence,stage3_apa,rs702222,XM_017014426.2|ELAVL2|chr9:23690104-23692887|-,0.0561517489232369,1472
Intelligence,stage3_apa,rs702222,XM_047422912.1|ELAVL2|chr9:23690104-23692884|-,0.0543808833197823,1472
