GWAS_ID,QTL_ID,Locus,Gene,PP4,n_snps
Intelligence,stage1_apa,rs2476729,NM_018011.4|ARGLU1|chr13:106541673-106544160|-,0.0905288746670397,1618
Intelligence,stage2_apa,rs2476729,NM_018011.4|ARGLU1|chr13:106541673-106544160|-,0.0763587860419792,1618
Intelligence,stage4_apa,rs2476729,NM_018011.4|ARGLU1|chr13:106541673-106544160|-,0.0706404030285627,1416
Intelligence,stage2_apa,rs2476729,XM_017020406.3|EFNB2|chr13:106489800-106493428|-,0.068746850548182,1755
Intelligence,stage1_apa,rs2476729,XM_017020406.3|EFNB2|chr13:106489800-106493428|-,0.0674403097601719,1755
Intelligence,stage4_apa,rs2476729,XM_017020406.3|EFNB2|chr13:106489800-106493428|-,0.0652343644718778,1547
Intelligence,stage3_apa,rs2476729,XM_017020406.3|EFNB2|chr13:106489800-106493428|-,0.0650436314971997,1755
Intelligence,stage3_apa,rs2476729,NM_018011.4|ARGLU1|chr13:106541673-106544160|-,0.0604619670511559,1618
Intelligence,stage1_apa,rs2476729,NM_001080396.3|NALF1|chr13:107163510-107170786|-,0.000380775759532183,422
Intelligence,stage4_apa,rs2476729,NM_001080396.3|NALF1|chr13:107163510-107170786|-,0.000358722748489399,382
Intelligence,stage2_apa,rs2476729,NM_001080396.3|NALF1|chr13:107163510-107170786|-,0.000358259112909516,422
Intelligence,stage3_apa,rs2476729,NM_001080396.3|NALF1|chr13:107163510-107170786|-,0.000328969601681394,422
