GWAS_ID,QTL_ID,Locus,Gene,PP4,n_snps
Intelligence,stage2_apa,rs1972860,NM_001375858.1|SMARCAD1|chr4:94289473-94291292|+,0.0658813861484885,1260
Intelligence,stage1_apa,rs1972860,NM_001375858.1|SMARCAD1|chr4:94289473-94291292|+,0.0633729118000071,1260
Intelligence,stage3_apa,rs1972860,NM_001375858.1|SMARCAD1|chr4:94289473-94291292|+,0.0546077949008045,1260
Intelligence,stage1_apa,rs1972860,NM_001256427.2|PDLIM5|chr4:94666025-94668223|+,0.00396486927684141,824
Intelligence,stage2_apa,rs1972860,NM_001256427.2|PDLIM5|chr4:94666025-94668223|+,0.00210351578230346,824
Intelligence,stage2_apa,rs1972860,NM_001256428.2|PDLIM5|chr4:94663978-94668223|+,0.00208598009166701,830
Intelligence,stage3_apa,rs1972860,NM_001256427.2|PDLIM5|chr4:94666025-94668223|+,0.0019879662666656,824
Intelligence,stage1_apa,rs1972860,NM_001256428.2|PDLIM5|chr4:94663978-94668223|+,0.00194896594405629,830
Intelligence,stage3_apa,rs1972860,NM_001256428.2|PDLIM5|chr4:94663978-94668223|+,0.00191437472075155,830
Intelligence,stage2_apa,rs1972860,NM_001203.3|BMPR1B|chr4:95154548-95158448|+,1.16950539692216e-05,10
Intelligence,stage2_apa,rs1972860,XM_011532201.3|BMPR1B|chr4:95154548-95158450|+,1.13176339967929e-05,10
Intelligence,stage1_apa,rs1972860,XM_011532201.3|BMPR1B|chr4:95154548-95158450|+,8.86440911021654e-06,10
Intelligence,stage1_apa,rs1972860,NM_001203.3|BMPR1B|chr4:95154548-95158448|+,8.8575357504914e-06,10
Intelligence,stage3_apa,rs1972860,XM_011532201.3|BMPR1B|chr4:95154548-95158450|+,7.64490345830646e-06,10
Intelligence,stage3_apa,rs1972860,NM_001203.3|BMPR1B|chr4:95154548-95158448|+,7.61832359010938e-06,10
