GWAS_ID,QTL_ID,Locus,Gene,PP4,n_snps
Intelligence,stage2_apa,rs31768,XR_007059036.1|LOC124901126|chr5:167415056-167418108|+,0.00195172078529085,242
Intelligence,stage1_apa,rs31768,XR_007059036.1|LOC124901126|chr5:167415056-167418108|+,0.00168041171884323,242
Intelligence,stage3_apa,rs31768,XR_007059036.1|LOC124901126|chr5:167415056-167418108|+,0.00162878100462676,242
Intelligence,stage4_apa,rs31768,XR_007059036.1|LOC124901126|chr5:167415056-167418108|+,0.00112339856948365,195
