GWAS_ID,QTL_ID,Locus,Gene,PP4,n_snps
Intelligence,stage4_apa,rs2383263,XM_047422912.1|ELAVL2|chr9:23690104-23692884|-,0.633556998040381,1178
Intelligence,stage4_apa,rs2383263,XM_017014426.2|ELAVL2|chr9:23690104-23692887|-,0.574445140730596,1178
Intelligence,stage1_apa,rs2383263,XM_047422912.1|ELAVL2|chr9:23690104-23692884|-,0.294146805693827,1660
Intelligence,stage1_apa,rs2383263,XM_017014426.2|ELAVL2|chr9:23690104-23692887|-,0.241970280424445,1660
Intelligence,stage2_apa,rs2383263,XM_047422912.1|ELAVL2|chr9:23690104-23692884|-,0.110833278989637,1660
Intelligence,stage2_apa,rs2383263,XM_017014426.2|ELAVL2|chr9:23690104-23692887|-,0.10586593339208,1660
Intelligence,stage3_apa,rs2383263,XM_017014426.2|ELAVL2|chr9:23690104-23692887|-,0.0544451201659549,1660
Intelligence,stage3_apa,rs2383263,XM_047422912.1|ELAVL2|chr9:23690104-23692884|-,0.0526996835910539,1660
