GWAS_ID,QTL_ID,Locus,Gene,PP4,n_snps
Intelligence,stage4_apa,rs2026037,XM_047422912.1|ELAVL2|chr9:23690104-23692884|-,0.630386880982918,1300
Intelligence,stage4_apa,rs2026037,XM_017014426.2|ELAVL2|chr9:23690104-23692887|-,0.571161657883915,1300
Intelligence,stage1_apa,rs2026037,XM_047422912.1|ELAVL2|chr9:23690104-23692884|-,0.285162997654108,1503
Intelligence,stage1_apa,rs2026037,XM_017014426.2|ELAVL2|chr9:23690104-23692887|-,0.235901776520132,1503
Intelligence,stage2_apa,rs2026037,XM_047422912.1|ELAVL2|chr9:23690104-23692884|-,0.111099290192874,1503
Intelligence,stage2_apa,rs2026037,XM_017014426.2|ELAVL2|chr9:23690104-23692887|-,0.106344999589619,1503
Intelligence,stage3_apa,rs2026037,XM_017014426.2|ELAVL2|chr9:23690104-23692887|-,0.0558356671345176,1503
Intelligence,stage3_apa,rs2026037,XM_047422912.1|ELAVL2|chr9:23690104-23692884|-,0.054073060204802,1503
