GWAS_ID,QTL_ID,Locus,Gene,PP4,n_snps
Intelligence,stage4_apa,rs3843954,XM_047430276.1|PCDH17|chr13:57724612-57729311|+,0.159902566241692,1212
Intelligence,stage3_apa,rs3843954,XM_047430276.1|PCDH17|chr13:57724612-57729311|+,0.0804464178168612,1422
Intelligence,stage2_apa,rs3843954,XM_047430276.1|PCDH17|chr13:57724612-57729311|+,0.0791226084259034,1422
Intelligence,stage1_apa,rs3843954,XM_047430276.1|PCDH17|chr13:57724612-57729311|+,0.0726376158242878,1422
