GWAS_ID,QTL_ID,Locus,Gene,PP4,n_snps
Intelligence,stage1_apa,rs7753109,NM_001546.4|ID4|chr6:19839210-19842197|+,0.128909737416999,775
Intelligence,stage2_apa,rs7753109,NM_001546.4|ID4|chr6:19839210-19842197|+,0.10501381411455,775
Intelligence,stage2_apa,rs7753109,XM_011514718.1|CDKAL1|chr6:21230848-21232404|+,0.103847832436629,1590
Intelligence,stage3_apa,rs7753109,XR_926568.4|LOC105374966|chr6:21135979-21138976|-,0.102530617492367,1590
Intelligence,stage4_apa,rs7753109,NM_001546.4|ID4|chr6:19839210-19842197|+,0.0995224625144703,703
Intelligence,stage1_apa,rs7753109,XM_011514718.1|CDKAL1|chr6:21230848-21232404|+,0.0864184730271271,1590
Intelligence,stage1_apa,rs7753109,XM_011514324.4|E2F3|chr6:20490168-20493714|+,0.0707511234275303,1590
Intelligence,stage2_apa,rs7753109,XR_926568.4|LOC105374966|chr6:21135979-21138976|-,0.0682068045068345,1590
Intelligence,stage2_apa,rs7753109,XM_011514324.4|E2F3|chr6:20490168-20493714|+,0.0665054753114226,1590
Intelligence,stage3_apa,rs7753109,NM_001546.4|ID4|chr6:19839210-19842197|+,0.063184153482622,775
Intelligence,stage1_apa,rs7753109,XR_926568.4|LOC105374966|chr6:21135979-21138976|-,0.0603894616468726,1590
Intelligence,stage3_apa,rs7753109,XM_011514718.1|CDKAL1|chr6:21230848-21232404|+,0.0543675551633019,1590
Intelligence,stage3_apa,rs7753109,XM_011514324.4|E2F3|chr6:20490168-20493714|+,0.0517326671641974,1590
Intelligence,stage4_apa,rs7753109,XM_011514324.4|E2F3|chr6:20490168-20493714|+,0.0443521174530925,1375
Intelligence,stage4_apa,rs7753109,XR_926568.4|LOC105374966|chr6:21135979-21138976|-,0.0437515641116776,1375
Intelligence,stage4_apa,rs7753109,XM_011514718.1|CDKAL1|chr6:21230848-21232404|+,0.0430449090701111,1375
Intelligence,stage3_apa,rs7753109,NR_015410.2|CASC15|chr6:22194045-22195820|+,0.000184354333980817,250
Intelligence,stage2_apa,rs7753109,NR_015410.2|CASC15|chr6:22194045-22195820|+,0.000170289782512394,250
Intelligence,stage1_apa,rs7753109,NR_015410.2|CASC15|chr6:22194045-22195820|+,0.000165657105356968,250
Intelligence,stage4_apa,rs7753109,NR_015410.2|CASC15|chr6:22194045-22195820|+,0.000149272813166184,194
