GWAS_ID,QTL_ID,Locus,Gene,PP4,n_snps
Intelligence,stage4_apa,rs12698891,XM_047420162.1|AUTS2|chr7:70789748-70793506|+,0.144588022446878,831
Intelligence,stage3_apa,rs12698891,XM_047420162.1|AUTS2|chr7:70789748-70793506|+,0.0909793730803327,1296
Intelligence,stage2_apa,rs12698891,XM_047420162.1|AUTS2|chr7:70789748-70793506|+,0.0883481273730242,1296
Intelligence,stage1_apa,rs12698891,XM_047420162.1|AUTS2|chr7:70789748-70793506|+,0.0815214312283194,1296
Intelligence,stage4_apa,rs12698891,NM_022479.3|GALNT17|chr7:71712018-71713599|+,0.00489358493537015,156
Intelligence,stage3_apa,rs12698891,NM_022479.3|GALNT17|chr7:71712018-71713599|+,0.00377944600486164,207
Intelligence,stage1_apa,rs12698891,NM_022479.3|GALNT17|chr7:71712018-71713599|+,0.00184455282736763,207
Intelligence,stage2_apa,rs12698891,NM_022479.3|GALNT17|chr7:71712018-71713599|+,0.00162667817707558,207
Intelligence,stage2_apa,rs12698891,NM_031468.4|CALN1|chr7:71779491-71787902|-,0.000183017718366551,43
Intelligence,stage1_apa,rs12698891,NM_031468.4|CALN1|chr7:71779491-71787902|-,0.000121236253768946,43
Intelligence,stage3_apa,rs12698891,NM_031468.4|CALN1|chr7:71779491-71787902|-,0.000113079236342424,43
Intelligence,stage4_apa,rs12698891,NM_031468.4|CALN1|chr7:71779491-71787902|-,0.000101749296878454,33
