GWAS_ID,QTL_ID,Locus,Gene,PP4,n_snps
MDD,stage3_apa,rs1525980,NM_003838.5|FPGT|chr1:74204391-74208702|+,0.188675885370545,86
MDD,stage2_apa,rs1525980,NM_001199329.3|FPGT|chr1:74205208-74208702|+,0.104289800674793,85
MDD,stage3_apa,rs1525980,NM_001199329.3|FPGT|chr1:74205208-74208702|+,0.0915409491052934,85
MDD,stage1_apa,rs1525980,NM_001199329.3|FPGT|chr1:74205208-74208702|+,0.0856685590861098,85
MDD,stage3_apa,rs1525980,NM_173808.3|NEGR1|chr1:71395943-71407570|-,0.0841897780895893,48
MDD,stage2_apa,rs1525980,NM_003838.5|FPGT|chr1:74204391-74208702|+,0.0822524392484666,86
MDD,stage2_apa,rs1525980,NM_173808.3|NEGR1|chr1:71395943-71407570|-,0.0790785028281319,48
MDD,stage1_apa,rs1525980,NM_003838.5|FPGT|chr1:74204391-74208702|+,0.0714901836155426,86
MDD,stage1_apa,rs1525980,NM_173808.3|NEGR1|chr1:71395943-71407570|-,0.0692275372732606,48
