GWAS_ID,QTL_ID,Locus,Gene,PP4,n_snps
MDD,stage2_apa,rs13007929,NM_130773.4|CNTNAP5|chr2:124914092-124921219|+,0.0725439316556205,1412
MDD,stage1_apa,rs13007929,NM_130773.4|CNTNAP5|chr2:124914092-124921219|+,0.0637606381020305,1412
MDD,stage3_apa,rs13007929,NM_130773.4|CNTNAP5|chr2:124914092-124921219|+,0.0512333751343483,1412
MDD,stage4_apa,rs13007929,NM_130773.4|CNTNAP5|chr2:124914092-124921219|+,0.0455359981559546,1255
