GWAS_ID,QTL_ID,Locus,Gene,PP4,n_snps
MDD,stage3_apa,rs7232516,XM_047437311.1|DCC|chr18:53530564-53534195|+,0.151212791872875,1391
MDD,stage2_apa,rs7232516,NM_001351616.1|POLI|chr18:54293649-54298234|+,0.0883436923168749,136
MDD,stage1_apa,rs7232516,XM_047437311.1|DCC|chr18:53530564-53534195|+,0.088300588540339,1391
MDD,stage4_apa,rs7232516,NM_001351616.1|POLI|chr18:54293649-54298234|+,0.0882716673245256,111
MDD,stage3_apa,rs7232516,NM_003927.5|MBD2|chr18:54151606-54155311|-,0.0880533835748071,241
MDD,stage2_apa,rs7232516,XM_047437311.1|DCC|chr18:53530564-53534195|+,0.0854490404125282,1391
MDD,stage2_apa,rs7232516,NM_003927.5|MBD2|chr18:54151606-54155311|-,0.0845765942537707,241
MDD,stage3_apa,rs7232516,NM_001351616.1|POLI|chr18:54293649-54298234|+,0.0807355703664501,136
MDD,stage1_apa,rs7232516,NM_001351616.1|POLI|chr18:54293649-54298234|+,0.0802870438953367,136
MDD,stage1_apa,rs7232516,NM_003927.5|MBD2|chr18:54151606-54155311|-,0.0788500388999132,241
MDD,stage4_apa,rs7232516,XM_047437311.1|DCC|chr18:53530564-53534195|+,0.0518728487326861,1044
MDD,stage4_apa,rs7232516,NM_003927.5|MBD2|chr18:54151606-54155311|-,0.0510657863222072,169
