GWAS_ID,QTL_ID,Locus,Gene,PP4,n_snps
MDD,stage3_apa,rs9564291,NR_046636.1|PCDH9-AS3|chr13:66985497-66985776|+,0.381513914471726,767
MDD,stage4_apa,rs9564291,NR_046636.1|PCDH9-AS3|chr13:66985497-66985776|+,0.272265542769071,647
MDD,stage4_apa,rs9564291,XM_011535099.2|PCDH9|chr13:67160590-67169142|-,0.156871225968779,252
MDD,stage1_apa,rs9564291,XM_011535099.2|PCDH9|chr13:67160590-67169142|-,0.111178779731342,364
MDD,stage1_apa,rs9564291,NM_203487.3|PCDH9|chr13:66302834-66305028|-,0.0991579782440287,1415
MDD,stage2_apa,rs9564291,NM_001318374.2|PCDH9|chr13:67201015-67228575|-,0.0922583221048372,263
MDD,stage3_apa,rs9564291,XM_005266408.5|PCDH9|chr13:67222366-67225187|-,0.089137392466562,226
MDD,stage4_apa,rs9564291,XM_005266408.5|PCDH9|chr13:67222366-67225187|-,0.08900373513542,164
MDD,stage2_apa,rs9564291,XM_011535099.2|PCDH9|chr13:67160590-67169142|-,0.0845372430583105,364
MDD,stage3_apa,rs9564291,NM_001318374.2|PCDH9|chr13:67201015-67228575|-,0.0828472969501297,263
MDD,stage2_apa,rs9564291,NM_203487.3|PCDH9|chr13:66302834-66305028|-,0.0825250285117209,1415
MDD,stage3_apa,rs9564291,XM_017020620.3|PCDH9|chr13:66873350-66897112|-,0.0820919242483371,947
MDD,stage4_apa,rs9564291,NM_203487.3|PCDH9|chr13:66302834-66305028|-,0.0815882494989201,1246
MDD,stage2_apa,rs9564291,XM_005266408.5|PCDH9|chr13:67222366-67225187|-,0.0809657993413325,226
MDD,stage1_apa,rs9564291,NM_001318374.2|PCDH9|chr13:67201015-67228575|-,0.0800720163913728,263
MDD,stage1_apa,rs9564291,XM_017020620.3|PCDH9|chr13:66873350-66897112|-,0.0778503190221749,947
MDD,stage2_apa,rs9564291,NR_046636.1|PCDH9-AS3|chr13:66985497-66985776|+,0.0766565833391845,767
MDD,stage3_apa,rs9564291,XM_011535099.2|PCDH9|chr13:67160590-67169142|-,0.0740762335082837,364
MDD,stage2_apa,rs9564291,XM_017020620.3|PCDH9|chr13:66873350-66897112|-,0.0728769395645712,947
MDD,stage1_apa,rs9564291,XM_005266408.5|PCDH9|chr13:67222366-67225187|-,0.0726711358836529,226
MDD,stage1_apa,rs9564291,NR_046636.1|PCDH9-AS3|chr13:66985497-66985776|+,0.0685628030284144,767
MDD,stage3_apa,rs9564291,NM_203487.3|PCDH9|chr13:66302834-66305028|-,0.0569206548292855,1415
MDD,stage4_apa,rs9564291,NM_001318374.2|PCDH9|chr13:67201015-67228575|-,0.0561654802467804,188
MDD,stage4_apa,rs9564291,XM_017020620.3|PCDH9|chr13:66873350-66897112|-,0.0505235830504788,823
