GWAS_ID,QTL_ID,Locus,Gene,PP4,n_snps
MDD,stage2_apa,rs72628627,XM_047448064.1|EIF4E3|chr3:71675414-71684728|-,0.101227153607638,932
MDD,stage2_apa,rs72628627,NM_001244812.3|FOXP1|chr3:70954708-70959391|-,0.0997621789651139,932
MDD,stage2_apa,rs72628627,NM_001134650.1|EIF4E3|chr3:71679289-71684728|-,0.0899792949635834,932
MDD,stage2_apa,rs72628627,NM_018971.3|GPR27|chr3:71753855-71756496|+,0.0899449851843972,932
MDD,stage3_apa,rs72628627,NM_001244812.3|FOXP1|chr3:70954708-70959391|-,0.084699848032467,932
MDD,stage3_apa,rs72628627,NM_012234.7|RYBP|chr3:72374597-72378637|-,0.0844657005239485,357
MDD,stage2_apa,rs72628627,NM_012234.7|RYBP|chr3:72374597-72378637|-,0.0813019396780751,357
MDD,stage1_apa,rs72628627,NM_012234.7|RYBP|chr3:72374597-72378637|-,0.0811877727611117,357
MDD,stage1_apa,rs72628627,NM_001244812.3|FOXP1|chr3:70954708-70959391|-,0.0797026550143739,932
MDD,stage4_apa,rs72628627,NM_018971.3|GPR27|chr3:71753855-71756496|+,0.0791523414917432,705
MDD,stage1_apa,rs72628627,XM_047448064.1|EIF4E3|chr3:71675414-71684728|-,0.0782921716307348,932
MDD,stage4_apa,rs72628627,NM_001134650.1|EIF4E3|chr3:71679289-71684728|-,0.0775171821820033,705
MDD,stage3_apa,rs72628627,XM_047448064.1|EIF4E3|chr3:71675414-71684728|-,0.0769837494755368,932
MDD,stage1_apa,rs72628627,NM_001134650.1|EIF4E3|chr3:71679289-71684728|-,0.076713576377873,932
MDD,stage1_apa,rs72628627,NM_018971.3|GPR27|chr3:71753855-71756496|+,0.0763246936395383,932
MDD,stage3_apa,rs72628627,NM_018971.3|GPR27|chr3:71753855-71756496|+,0.0743882929630744,932
MDD,stage3_apa,rs72628627,NM_001134650.1|EIF4E3|chr3:71679289-71684728|-,0.0731978950184619,932
MDD,stage4_apa,rs72628627,NM_012234.7|RYBP|chr3:72374597-72378637|-,0.0491490495138507,242
MDD,stage4_apa,rs72628627,NM_001244812.3|FOXP1|chr3:70954708-70959391|-,0.0469813462143758,705
MDD,stage4_apa,rs72628627,XM_047448064.1|EIF4E3|chr3:71675414-71684728|-,0.0468249700938356,705
