GWAS_ID,QTL_ID,Locus,Gene,PP4,n_snps
MDD,stage3_apa,rs2220204,NM_001413135.1|DLC1|chr8:13083361-13083862|-,0.00255087439385184,2369
MDD,stage2_apa,rs2220204,NM_001413135.1|DLC1|chr8:13083361-13083862|-,0.00246368211879777,2369
MDD,stage1_apa,rs2220204,NM_001348083.1|DLC1|chr8:13083363-13085931|-,0.00245312785326631,2371
MDD,stage1_apa,rs2220204,NM_001413135.1|DLC1|chr8:13083361-13083862|-,0.00245299729146663,2369
MDD,stage1_apa,rs2220204,NM_001164271.2|DLC1|chr8:13083361-13085931|-,0.0024493247123768,2371
MDD,stage2_apa,rs2220204,NM_001164271.2|DLC1|chr8:13083361-13085931|-,0.0024329797796371,2371
MDD,stage2_apa,rs2220204,NM_001348083.1|DLC1|chr8:13083363-13085931|-,0.00242216728992685,2371
MDD,stage3_apa,rs2220204,NM_001348083.1|DLC1|chr8:13083363-13085931|-,0.0021518866115314,2371
MDD,stage3_apa,rs2220204,NM_001164271.2|DLC1|chr8:13083361-13085931|-,0.00214454507899634,2371
MDD,stage1_apa,rs2220204,NM_020844.3|TRMT9B|chr8:13021008-13029777|+,0.00202893293416216,2078
MDD,stage4_apa,rs2220204,NM_001348083.1|DLC1|chr8:13083363-13085931|-,0.00200976509174192,2081
MDD,stage4_apa,rs2220204,NM_001164271.2|DLC1|chr8:13083361-13085931|-,0.00200407411178509,2081
MDD,stage2_apa,rs2220204,NM_020844.3|TRMT9B|chr8:13021008-13029777|+,0.0018138787934561,2078
MDD,stage3_apa,rs2220204,NM_020844.3|TRMT9B|chr8:13021008-13029777|+,0.00175857568141324,2078
MDD,stage4_apa,rs2220204,NM_001413135.1|DLC1|chr8:13083361-13083862|-,0.00174492735882525,2080
MDD,stage4_apa,rs2220204,NM_020844.3|TRMT9B|chr8:13021008-13029777|+,0.00114560149863864,1840
MDD,stage1_apa,rs2220204,XM_011544694.4|LONRF1|chr8:12721906-12723254|-,0.000204445318283178,549
MDD,stage3_apa,rs2220204,XM_011544694.4|LONRF1|chr8:12721906-12723254|-,0.000197562416185443,549
MDD,stage4_apa,rs2220204,XM_011544694.4|LONRF1|chr8:12721906-12723254|-,0.000195091992718811,492
MDD,stage2_apa,rs2220204,XM_011544694.4|LONRF1|chr8:12721906-12723254|-,0.000194735986837222,549
