GWAS_ID,QTL_ID,Locus,Gene,PP4,n_snps
MDD,stage4_apa,rs55899910,NM_001438890.1|FANCL|chr2:58159920-58160179|-,0.0756984203985633,951
MDD,stage1_apa,rs55899910,NM_001438890.1|FANCL|chr2:58159920-58160179|-,0.0742660783555059,1051
MDD,stage2_apa,rs55899910,NM_001438890.1|FANCL|chr2:58159920-58160179|-,0.0721934348025991,1051
MDD,stage3_apa,rs55899910,NM_001438890.1|FANCL|chr2:58159920-58160179|-,0.0719016911707072,1051
