GWAS_ID,QTL_ID,Locus,Gene,PP4,n_snps
MDD,stage2_apa,rs780024,NM_130773.4|CNTNAP5|chr2:124914092-124921219|+,0.0723967434225405,1434
MDD,stage1_apa,rs780024,NM_130773.4|CNTNAP5|chr2:124914092-124921219|+,0.0636107851018821,1434
MDD,stage3_apa,rs780024,NM_130773.4|CNTNAP5|chr2:124914092-124921219|+,0.0511051835885951,1434
MDD,stage4_apa,rs780024,NM_130773.4|CNTNAP5|chr2:124914092-124921219|+,0.0454354311686925,1274
