GWAS_ID,QTL_ID,Locus,Gene,PP4,n_snps
MDD,stage2_apa,rs6942750,XM_047420162.1|AUTS2|chr7:70789748-70793506|+,0.0825721303770057,1616
MDD,stage1_apa,rs6942750,XM_047420162.1|AUTS2|chr7:70789748-70793506|+,0.0730757618055768,1616
MDD,stage3_apa,rs6942750,XM_047420162.1|AUTS2|chr7:70789748-70793506|+,0.0527103738624782,1616
MDD,stage2_apa,rs6942750,NM_022479.3|GALNT17|chr7:71712018-71713599|+,0.0505150991085335,1028
MDD,stage1_apa,rs6942750,NM_022479.3|GALNT17|chr7:71712018-71713599|+,0.04749261581269,1028
MDD,stage3_apa,rs6942750,NM_022479.3|GALNT17|chr7:71712018-71713599|+,0.0442205947944038,1028
MDD,stage4_apa,rs6942750,XM_047420162.1|AUTS2|chr7:70789748-70793506|+,0.033299024239635,1197
MDD,stage4_apa,rs6942750,NM_022479.3|GALNT17|chr7:71712018-71713599|+,0.00951388235730952,824
MDD,stage2_apa,rs6942750,NM_031468.4|CALN1|chr7:71779491-71787902|-,0.00594540890055167,875
MDD,stage3_apa,rs6942750,NM_031468.4|CALN1|chr7:71779491-71787902|-,0.0042945350211999,875
MDD,stage1_apa,rs6942750,NM_031468.4|CALN1|chr7:71779491-71787902|-,0.00426920009549007,875
MDD,stage4_apa,rs6942750,NM_031468.4|CALN1|chr7:71779491-71787902|-,0.0034250254198967,703
