GWAS_ID,QTL_ID,Locus,Gene,PP4,n_snps
MDD,stage4_apa,rs28711200,NM_001796.5|CDH8|chr16:61647250-61654101|-,0.140057939637339,729
MDD,stage3_apa,rs28711200,NM_001796.5|CDH8|chr16:61647250-61654101|-,0.128530091610246,825
MDD,stage2_apa,rs28711200,NM_001796.5|CDH8|chr16:61647250-61654101|-,0.0849395597175402,825
MDD,stage1_apa,rs28711200,NM_001796.5|CDH8|chr16:61647250-61654101|-,0.072240970265822,825
MDD,stage2_apa,rs28711200,NM_001410893.1|CDH8|chr16:61725170-61727215|-,0.0360000584978767,726
MDD,stage1_apa,rs28711200,NM_001410893.1|CDH8|chr16:61725170-61727215|-,0.0308037925031451,726
MDD,stage3_apa,rs28711200,NM_001410893.1|CDH8|chr16:61725170-61727215|-,0.0289832676509243,726
MDD,stage4_apa,rs28711200,NM_001410893.1|CDH8|chr16:61725170-61727215|-,0.0228646192369544,635
