GWAS_ID,QTL_ID,Locus,Gene,PP4,n_snps
MDD,stage3_apa,rs9539102,NM_001146071.1|TDRD3|chr13:60573613-60573879|+,0.154058012810445,1634
MDD,stage3_apa,rs9539102,NM_030794.2|TDRD3|chr13:60573616-60573879|+,0.136430722359712,1634
MDD,stage3_apa,rs9539102,NM_001146070.2|TDRD3|chr13:60573616-60573871|+,0.129304739235484,1634
MDD,stage4_apa,rs9539102,NM_022843.4|PCDH20|chr13:61409685-61413966|-,0.0654744749363712,1393
MDD,stage2_apa,rs9539102,NM_030794.2|TDRD3|chr13:60573616-60573879|+,0.0646083109526318,1634
MDD,stage2_apa,rs9539102,NM_001146070.2|TDRD3|chr13:60573616-60573871|+,0.0631785726455279,1634
MDD,stage2_apa,rs9539102,NM_001146071.1|TDRD3|chr13:60573613-60573879|+,0.0631495648653405,1634
MDD,stage3_apa,rs9539102,NM_022843.4|PCDH20|chr13:61409685-61413966|-,0.0587202116431339,2057
MDD,stage2_apa,rs9539102,NM_022843.4|PCDH20|chr13:61409685-61413966|-,0.0581559794811741,2057
MDD,stage4_apa,rs9539102,NM_001146071.1|TDRD3|chr13:60573613-60573879|+,0.0571603078027398,1024
MDD,stage1_apa,rs9539102,NM_022843.4|PCDH20|chr13:61409685-61413966|-,0.0563372829087837,2057
MDD,stage1_apa,rs9539102,NM_001146070.2|TDRD3|chr13:60573616-60573871|+,0.0555711823030497,1634
MDD,stage1_apa,rs9539102,NM_030794.2|TDRD3|chr13:60573616-60573879|+,0.054652661145006,1634
MDD,stage1_apa,rs9539102,NM_001146071.1|TDRD3|chr13:60573613-60573879|+,0.0538630241227251,1634
MDD,stage4_apa,rs9539102,NM_030794.2|TDRD3|chr13:60573616-60573879|+,0.0498422014702767,1024
MDD,stage4_apa,rs9539102,NM_001146070.2|TDRD3|chr13:60573616-60573871|+,0.0472166367969592,1024
