GWAS_ID,QTL_ID,Locus,Gene,PP4,n_snps
MDD,stage4_apa,rs12431444,NM_001346175.2|LRFN5|chr14:41904158-41904549|+,0.151326698311751,1176
MDD,stage1_apa,rs12431444,NM_001346175.2|LRFN5|chr14:41904158-41904549|+,0.085103266735816,1406
MDD,stage3_apa,rs12431444,NM_001346175.2|LRFN5|chr14:41904158-41904549|+,0.0815541099392643,1406
MDD,stage2_apa,rs12431444,NM_001346175.2|LRFN5|chr14:41904158-41904549|+,0.0799524694580559,1406
