GWAS_ID,QTL_ID,Locus,Gene,PP4,n_snps
MDD,stage3_apa,rs1160682,NM_003838.5|FPGT|chr1:74204391-74208702|+,0.189279843183099,775
MDD,stage4_apa,rs1160682,NM_003838.5|FPGT|chr1:74204391-74208702|+,0.142240018501099,724
MDD,stage4_apa,rs1160682,NM_001199329.3|FPGT|chr1:74205208-74208702|+,0.100824869412131,723
MDD,stage2_apa,rs1160682,NM_001199329.3|FPGT|chr1:74205208-74208702|+,0.0957519143848274,774
MDD,stage2_apa,rs1160682,NM_001002912.5|ERICH3|chr1:74568123-74570439|-,0.0948677664942464,358
MDD,stage3_apa,rs1160682,NM_001199329.3|FPGT|chr1:74205208-74208702|+,0.0935416362225249,774
MDD,stage1_apa,rs1160682,NM_001199329.3|FPGT|chr1:74205208-74208702|+,0.0797614235759576,774
MDD,stage2_apa,rs1160682,NM_003838.5|FPGT|chr1:74204391-74208702|+,0.0773788069678754,775
MDD,stage1_apa,rs1160682,NM_001002912.5|ERICH3|chr1:74568123-74570439|-,0.0741755009597052,358
MDD,stage2_apa,rs1160682,XM_017000276.2|ERICH3|chr1:74571099-74573491|-,0.0740324402786293,357
MDD,stage1_apa,rs1160682,XM_017000276.2|ERICH3|chr1:74571099-74573491|-,0.0734579774513133,357
MDD,stage3_apa,rs1160682,XM_017000276.2|ERICH3|chr1:74571099-74573491|-,0.0688006301099563,357
MDD,stage1_apa,rs1160682,NM_003838.5|FPGT|chr1:74204391-74208702|+,0.0675703289449772,775
MDD,stage3_apa,rs1160682,NM_001002912.5|ERICH3|chr1:74568123-74570439|-,0.0565984295939789,358
MDD,stage4_apa,rs1160682,NM_001002912.5|ERICH3|chr1:74568123-74570439|-,0.0491732520271368,337
MDD,stage4_apa,rs1160682,XM_017000276.2|ERICH3|chr1:74571099-74573491|-,0.0476601749115505,336
MDD,stage3_apa,rs1160682,XM_011540747.3|CRYZ|chr1:74705486-74706457|-,0.00266790555825242,151
MDD,stage1_apa,rs1160682,NM_001162916.2|TYW3|chr1:74763894-74766677|+,0.00254785585835956,78
MDD,stage2_apa,rs1160682,XM_011540747.3|CRYZ|chr1:74705486-74706457|-,0.00245419301041594,151
MDD,stage2_apa,rs1160682,NM_001162916.2|TYW3|chr1:74763894-74766677|+,0.00231492626707057,78
MDD,stage1_apa,rs1160682,XM_011540747.3|CRYZ|chr1:74705486-74706457|-,0.00214254261460381,151
MDD,stage3_apa,rs1160682,NM_001162916.2|TYW3|chr1:74763894-74766677|+,0.00201804281834198,78
MDD,stage4_apa,rs1160682,NM_001162916.2|TYW3|chr1:74763894-74766677|+,0.00188833390461001,74
MDD,stage4_apa,rs1160682,XM_011540747.3|CRYZ|chr1:74705486-74706457|-,0.00106938719740782,137
