GWAS_ID,QTL_ID,Locus,Gene,PP4,n_snps
MDD,stage2_apa,rs1583050,NM_194250.2|ZNF804A|chr2:184935783-184939492|+,0.0723871911751397,991
MDD,stage1_apa,rs1583050,NM_194250.2|ZNF804A|chr2:184935783-184939492|+,0.0718720043119878,991
MDD,stage3_apa,rs1583050,NM_194250.2|ZNF804A|chr2:184935783-184939492|+,0.0598397090954479,991
MDD,stage4_apa,rs1583050,NM_194250.2|ZNF804A|chr2:184935783-184939492|+,0.0491655578391633,775
