GWAS_ID,QTL_ID,Locus,Gene,PP4,n_snps
MDD,stage2_apa,rs7147873,XM_047431050.1|MDGA2|chr14:46839623-46842019|-,0.421933837665334,1241
MDD,stage3_apa,rs7147873,NM_001113498.3|MDGA2|chr14:46840092-46842019|-,0.278150736645761,1241
MDD,stage2_apa,rs7147873,NM_001113498.3|MDGA2|chr14:46840092-46842019|-,0.115337596058541,1241
MDD,stage1_apa,rs7147873,XM_047431050.1|MDGA2|chr14:46839623-46842019|-,0.0664241641966471,1241
MDD,stage1_apa,rs7147873,NM_001113498.3|MDGA2|chr14:46840092-46842019|-,0.061139323474688,1241
MDD,stage4_apa,rs7147873,NM_001113498.3|MDGA2|chr14:46840092-46842019|-,0.060160923041753,852
MDD,stage3_apa,rs7147873,XM_047431050.1|MDGA2|chr14:46839623-46842019|-,0.0578883971941237,1241
MDD,stage4_apa,rs7147873,XM_047431050.1|MDGA2|chr14:46839623-46842019|-,0.0459299836663651,852
