GWAS_ID,QTL_ID,Locus,Gene,PP4,n_snps
MDD,stage4_apa,rs4142428,XM_047430276.1|PCDH17|chr13:57724612-57729311|+,0.149130134413449,1193
MDD,stage3_apa,rs4142428,XM_047430276.1|PCDH17|chr13:57724612-57729311|+,0.10259963296517,1340
MDD,stage2_apa,rs4142428,XM_047430276.1|PCDH17|chr13:57724612-57729311|+,0.0760071832360403,1340
MDD,stage1_apa,rs4142428,XM_047430276.1|PCDH17|chr13:57724612-57729311|+,0.075830554875613,1340
