GWAS_ID,QTL_ID,Locus,Gene,PP4,n_snps
MDD,stage3_apa,rs10863277,NM_001297754.3|GPATCH2|chr1:217608189-217610192|-,0.081152057927452,1603
MDD,stage2_apa,rs10863277,NM_001297754.3|GPATCH2|chr1:217608189-217610192|-,0.0811482868204437,1603
MDD,stage1_apa,rs10863277,NM_001297754.3|GPATCH2|chr1:217608189-217610192|-,0.0750365163013785,1603
MDD,stage4_apa,rs10863277,NM_001297754.3|GPATCH2|chr1:217608189-217610192|-,0.0415190244977267,1344
MDD,stage1_apa,rs10863277,NM_016052.4|RRP15|chr1:218330948-218337983|+,0.000493939510385962,53
MDD,stage4_apa,rs10863277,NM_001319294.2|KCTD3|chr1:215620057-215621807|+,0.000147115966959325,266
MDD,stage1_apa,rs10863277,NM_001319294.2|KCTD3|chr1:215620057-215621807|+,0.000134378108027515,293
MDD,stage2_apa,rs10863277,NM_001319294.2|KCTD3|chr1:215620057-215621807|+,0.000112252663817164,293
MDD,stage3_apa,rs10863277,NM_001319294.2|KCTD3|chr1:215620057-215621807|+,0.00010376211441521,293
MDD,stage4_apa,rs10863277,NM_016052.4|RRP15|chr1:218330948-218337983|+,8.49381514098167e-05,51
MDD,stage2_apa,rs10863277,NM_016052.4|RRP15|chr1:218330948-218337983|+,3.28619714827204e-05,53
MDD,stage3_apa,rs10863277,NM_016052.4|RRP15|chr1:218330948-218337983|+,2.80866993426989e-05,53
