GWAS_ID,QTL_ID,Locus,Gene,PP4,n_snps
MDD,stage2_apa,rs10835361,NM_018490.5|LGR4|chr11:27365961-27369143|-,0.0930288084004356,147
MDD,stage1_apa,rs10835361,NM_018490.5|LGR4|chr11:27365961-27369143|-,0.0874377395498687,147
MDD,stage1_apa,rs10835361,NM_018362.4|LIN7C|chr11:27494418-27498804|-,0.0870859593946962,259
MDD,stage2_apa,rs10835361,XM_011519941.3|METTL15|chr11:28330396-28333507|+,0.0782998619492227,1113
MDD,stage2_apa,rs10835361,NM_030771.2|CCDC34|chr11:27338512-27339035|-,0.0747757588252519,131
MDD,stage2_apa,rs10835361,NM_018362.4|LIN7C|chr11:27494418-27498804|-,0.0747534347218954,259
MDD,stage2_apa,rs10835361,XM_047427693.1|BBOX1|chr11:27127293-27127809|+,0.0726790229274009,19
MDD,stage4_apa,rs10835361,NM_018362.4|LIN7C|chr11:27494418-27498804|-,0.0725274796613302,202
MDD,stage1_apa,rs10835361,NM_030771.2|CCDC34|chr11:27338512-27339035|-,0.0687832061308203,131
MDD,stage1_apa,rs10835361,XM_011519941.3|METTL15|chr11:28330396-28333507|+,0.0682602558102715,1113
MDD,stage1_apa,rs10835361,XM_047427693.1|BBOX1|chr11:27127293-27127809|+,0.0644017397728954,19
MDD,stage4_apa,rs10835361,NM_018490.5|LGR4|chr11:27365961-27369143|-,0.0630493005709142,103
MDD,stage3_apa,rs10835361,NM_018362.4|LIN7C|chr11:27494418-27498804|-,0.0627317711412161,259
MDD,stage3_apa,rs10835361,NM_030771.2|CCDC34|chr11:27338512-27339035|-,0.0611465545179532,131
MDD,stage3_apa,rs10835361,NM_018490.5|LGR4|chr11:27365961-27369143|-,0.0601286188386716,147
MDD,stage3_apa,rs10835361,XM_047427693.1|BBOX1|chr11:27127293-27127809|+,0.0567957824101382,19
MDD,stage4_apa,rs10835361,XM_011519941.3|METTL15|chr11:28330396-28333507|+,0.055090624769345,1011
MDD,stage4_apa,rs10835361,NM_030771.2|CCDC34|chr11:27338512-27339035|-,0.0527144759847965,91
MDD,stage4_apa,rs10835361,XM_047427693.1|BBOX1|chr11:27127293-27127809|+,0.0506447812518171,12
MDD,stage3_apa,rs10835361,XM_011519941.3|METTL15|chr11:28330396-28333507|+,0.0247382158988073,1113
MDD,stage4_apa,rs10835361,NM_002233.4|KCNA4|chr11:30009730-30013460|-,0.00159702210718451,130
MDD,stage3_apa,rs10835361,NM_002233.4|KCNA4|chr11:30009730-30013460|-,0.00086995479894296,130
MDD,stage1_apa,rs10835361,NM_002233.4|KCNA4|chr11:30009730-30013460|-,0.000690691885322792,130
MDD,stage2_apa,rs10835361,NM_002233.4|KCNA4|chr11:30009730-30013460|-,0.000601331811992591,130
