GWAS_ID,QTL_ID,Locus,Gene,PP4,n_snps
MDD,stage3_apa,rs12154949,NM_001134232.2|TMEM106B|chr7:12231837-12243367|+,0.26628756296767,2903
MDD,stage2_apa,rs12154949,NM_001134232.2|TMEM106B|chr7:12231837-12243367|+,0.236022896549584,2903
MDD,stage1_apa,rs12154949,NM_001134232.2|TMEM106B|chr7:12231837-12243367|+,0.187972185487327,2903
MDD,stage2_apa,rs12154949,XM_047420040.1|THSD7A|chr7:11370365-11375878|-,0.144900490017786,1795
MDD,stage3_apa,rs12154949,NM_212460.4|ARL4A|chr7:12688169-12690958|+,0.0865233145593234,2903
MDD,stage2_apa,rs12154949,NM_014660.4|PHF14|chr7:11102486-11110321|+,0.0780007630537573,1142
MDD,stage1_apa,rs12154949,NM_212460.4|ARL4A|chr7:12688169-12690958|+,0.0776974845795686,2903
MDD,stage1_apa,rs12154949,NM_001037164.3|ARL4A|chr7:12688166-12690958|+,0.0774097682360582,2903
MDD,stage2_apa,rs12154949,NM_212460.4|ARL4A|chr7:12688169-12690958|+,0.0771553933193449,2903
MDD,stage2_apa,rs12154949,NM_001037164.3|ARL4A|chr7:12688166-12690958|+,0.0765368547757662,2903
MDD,stage1_apa,rs12154949,NM_014660.4|PHF14|chr7:11102486-11110321|+,0.0755685511582506,1142
MDD,stage3_apa,rs12154949,NM_001037164.3|ARL4A|chr7:12688166-12690958|+,0.0746203596688431,2903
MDD,stage3_apa,rs12154949,NM_014660.4|PHF14|chr7:11102486-11110321|+,0.0740225936247025,1142
MDD,stage1_apa,rs12154949,XM_047420040.1|THSD7A|chr7:11370365-11375878|-,0.0594038565514322,1795
MDD,stage3_apa,rs12154949,XM_047420040.1|THSD7A|chr7:11370365-11375878|-,0.0573421874603736,1795
MDD,stage4_apa,rs12154949,NM_014660.4|PHF14|chr7:11102486-11110321|+,0.0530508972902009,843
MDD,stage4_apa,rs12154949,XM_047420040.1|THSD7A|chr7:11370365-11375878|-,0.0432229320099801,1396
MDD,stage4_apa,rs12154949,NM_001134232.2|TMEM106B|chr7:12231837-12243367|+,0.0428201827456437,2298
MDD,stage4_apa,rs12154949,NM_001037164.3|ARL4A|chr7:12688166-12690958|+,0.0387408761662922,2298
MDD,stage4_apa,rs12154949,NM_212460.4|ARL4A|chr7:12688169-12690958|+,0.0386683528030077,2298
MDD,stage2_apa,rs12154949,NM_002489.4|COXFA4|chr7:10931943-10933692|-,0.000207111000484372,499
MDD,stage1_apa,rs12154949,NM_002489.4|COXFA4|chr7:10931943-10933692|-,0.000181289794903385,499
MDD,stage4_apa,rs12154949,NM_002489.4|COXFA4|chr7:10931943-10933692|-,0.000168672269369188,335
MDD,stage3_apa,rs12154949,NM_002489.4|COXFA4|chr7:10931943-10933692|-,0.000166654206150681,499
