GWAS_ID,QTL_ID,Locus,Gene,PP4,n_snps
MDD,stage3_apa,rs77843640,NM_001438890.1|FANCL|chr2:58159920-58160179|-,0.0861318526081709,1686
MDD,stage2_apa,rs77843640,NM_001438890.1|FANCL|chr2:58159920-58160179|-,0.064657317716367,1686
MDD,stage1_apa,rs77843640,NM_001438890.1|FANCL|chr2:58159920-58160179|-,0.0592978543529959,1686
MDD,stage4_apa,rs77843640,NM_001438890.1|FANCL|chr2:58159920-58160179|-,0.0585615379102056,1363
