GWAS_ID,QTL_ID,Locus,Gene,PP4,n_snps
MDD,stage2_apa,rs2363585,XM_024448966.2|TAFA2|chr12:61708273-61710417|-,0.0886995717533084,328
MDD,stage3_apa,rs2363585,NM_001270622.2|SLC16A7|chr12:59779423-59789841|+,0.0825387628861244,1083
MDD,stage2_apa,rs2363585,NM_001270622.2|SLC16A7|chr12:59779423-59789841|+,0.0799546885713719,1083
MDD,stage1_apa,rs2363585,XM_024448966.2|TAFA2|chr12:61708273-61710417|-,0.0758209562095385,328
MDD,stage4_apa,rs2363585,NM_001270622.2|SLC16A7|chr12:59779423-59789841|+,0.0710013944454004,784
MDD,stage1_apa,rs2363585,NM_001270622.2|SLC16A7|chr12:59779423-59789841|+,0.069690020192417,1083
MDD,stage3_apa,rs2363585,XM_024448966.2|TAFA2|chr12:61708273-61710417|-,0.0648911858332333,328
MDD,stage4_apa,rs2363585,XM_024448966.2|TAFA2|chr12:61708273-61710417|-,0.0513906725772481,172
