GWAS_ID,QTL_ID,Locus,Gene,PP4,n_snps
MDD,stage4_apa,rs601815,NM_001288630.2|EPHA7|chr6:93409654-93411170|-,0.354749132033151,1211
MDD,stage1_apa,rs601815,NM_001288630.2|EPHA7|chr6:93409654-93411170|-,0.145538976908289,1480
MDD,stage3_apa,rs601815,NM_001288630.2|EPHA7|chr6:93409654-93411170|-,0.0985889859735284,1480
MDD,stage2_apa,rs601815,NM_001288630.2|EPHA7|chr6:93409654-93411170|-,0.0823176397943854,1480
MDD,stage2_apa,rs601815,NM_001376470.1|EPHA7|chr6:93240020-93243540|-,0.0705148322177859,1480
MDD,stage1_apa,rs601815,NM_001376470.1|EPHA7|chr6:93240020-93243540|-,0.0667362298783106,1480
MDD,stage3_apa,rs601815,NM_001376470.1|EPHA7|chr6:93240020-93243540|-,0.054270595883241,1480
MDD,stage4_apa,rs601815,NM_001376470.1|EPHA7|chr6:93240020-93243540|-,0.0455097705379429,1211
