GWAS_ID,QTL_ID,Locus,Gene,PP4,n_snps
MDD,stage2_apa,rs2325410,NM_145331.3|MAP3K7|chr6:90513579-90516681|-,0.00113892401046639,100
MDD,stage1_apa,rs2325410,NM_145331.3|MAP3K7|chr6:90513579-90516681|-,0.00111360742556103,100
MDD,stage3_apa,rs2325410,NM_145331.3|MAP3K7|chr6:90513579-90516681|-,0.000861361559005736,100
MDD,stage4_apa,rs2325410,NM_001376470.1|EPHA7|chr6:93240020-93243540|-,0.000768033467454151,219
MDD,stage4_apa,rs2325410,NM_145331.3|MAP3K7|chr6:90513579-90516681|-,0.000713225728889735,78
MDD,stage1_apa,rs2325410,NM_001376470.1|EPHA7|chr6:93240020-93243540|-,0.000460080968015902,226
MDD,stage2_apa,rs2325410,NM_001376470.1|EPHA7|chr6:93240020-93243540|-,0.000235052522572161,226
MDD,stage3_apa,rs2325410,NM_001376470.1|EPHA7|chr6:93240020-93243540|-,0.000199493139629833,226
MDD,stage3_apa,rs2325410,NM_001288630.2|EPHA7|chr6:93409654-93411170|-,4.51456407998603e-05,32
MDD,stage1_apa,rs2325410,NM_001288630.2|EPHA7|chr6:93409654-93411170|-,3.1778652487819e-05,32
MDD,stage2_apa,rs2325410,NM_001288630.2|EPHA7|chr6:93409654-93411170|-,2.88122148627303e-05,32
MDD,stage4_apa,rs2325410,NM_001288630.2|EPHA7|chr6:93409654-93411170|-,2.24588688522172e-05,28
