GWAS_ID,QTL_ID,Locus,Gene,PP4,n_snps
MDD,stage2_apa,rs7772880,NM_000255.4|MMUT|chr6:49430360-49431856|-,0.000399101368558586,180
MDD,stage3_apa,rs7772880,NM_000255.4|MMUT|chr6:49430360-49431856|-,0.000398096786934493,180
MDD,stage1_apa,rs7772880,NM_000255.4|MMUT|chr6:49430360-49431856|-,0.000213025838487761,180
MDD,stage4_apa,rs7772880,NM_000255.4|MMUT|chr6:49430360-49431856|-,0.00018982209606676,168
MDD,stage1_apa,rs7772880,NM_001366373.2|MCM3|chr6:52264015-52264786|-,6.23143615673826e-05,59
MDD,stage3_apa,rs7772880,NM_001366373.2|MCM3|chr6:52264015-52264786|-,6.17215222934798e-05,59
MDD,stage2_apa,rs7772880,NM_001366373.2|MCM3|chr6:52264015-52264786|-,5.9988939287861e-05,59
MDD,stage4_apa,rs7772880,NM_001366373.2|MCM3|chr6:52264015-52264786|-,5.97337848235518e-06,27
