GWAS_ID,QTL_ID,Locus,Gene,PP4,n_snps
MDD,stage3_apa,rs61771935,NM_003838.5|FPGT|chr1:74204391-74208702|+,0.173194926788022,35
MDD,stage2_apa,rs61771935,NM_001199329.3|FPGT|chr1:74205208-74208702|+,0.100828846708478,34
MDD,stage3_apa,rs61771935,NM_173808.3|NEGR1|chr1:71395943-71407570|-,0.0835288979568839,53
MDD,stage2_apa,rs61771935,NM_003838.5|FPGT|chr1:74204391-74208702|+,0.0828741450642345,35
MDD,stage1_apa,rs61771935,NM_001199329.3|FPGT|chr1:74205208-74208702|+,0.0823814132951737,34
MDD,stage3_apa,rs61771935,NM_001199329.3|FPGT|chr1:74205208-74208702|+,0.0818949525667795,34
MDD,stage2_apa,rs61771935,NM_173808.3|NEGR1|chr1:71395943-71407570|-,0.0792445145422641,53
MDD,stage1_apa,rs61771935,NM_003838.5|FPGT|chr1:74204391-74208702|+,0.0713532116298262,35
MDD,stage1_apa,rs61771935,NM_173808.3|NEGR1|chr1:71395943-71407570|-,0.0699072196945727,53
