GWAS_ID,QTL_ID,Locus,Gene,PP4,n_snps
MDD,stage3_apa,rs72881281,NM_001330081.2|NRXN1|chr2:50916822-50920006|-,0.0859245938551826,1665
MDD,stage3_apa,rs72881281,NM_001330090.2|NRXN1|chr2:50916822-50919268|-,0.0837162507604303,1665
MDD,stage3_apa,rs72881281,NM_001330092.2|NRXN1|chr2:49918503-49922251|-,0.0818094520734307,2010
MDD,stage2_apa,rs72881281,NM_001330092.2|NRXN1|chr2:49918503-49922251|-,0.0776105709128791,2010
MDD,stage2_apa,rs72881281,NM_001330090.2|NRXN1|chr2:50916822-50919268|-,0.0748081729609481,1665
MDD,stage2_apa,rs72881281,NM_001330081.2|NRXN1|chr2:50916822-50920006|-,0.0747002650428842,1665
MDD,stage1_apa,rs72881281,NM_001330090.2|NRXN1|chr2:50916822-50919268|-,0.0745196449610443,1665
MDD,stage1_apa,rs72881281,NM_001330092.2|NRXN1|chr2:49918503-49922251|-,0.0704944037763093,2010
MDD,stage1_apa,rs72881281,NM_001330081.2|NRXN1|chr2:50916822-50920006|-,0.0687345098990294,1665
MDD,stage4_apa,rs72881281,NM_001330090.2|NRXN1|chr2:50916822-50919268|-,0.0610210086152306,1472
MDD,stage4_apa,rs72881281,NM_001330092.2|NRXN1|chr2:49918503-49922251|-,0.0155599557981811,1765
MDD,stage4_apa,rs72881281,NM_001330081.2|NRXN1|chr2:50916822-50920006|-,0.0139682973786978,1472
