GWAS_ID,QTL_ID,Locus,Gene,PP4,n_snps
MDD,stage2_apa,rs342590,NM_030794.2|TDRD3|chr13:60573616-60573879|+,0.0999686025358035,1019
MDD,stage2_apa,rs342590,NM_001146070.2|TDRD3|chr13:60573616-60573871|+,0.0991377756330804,1019
MDD,stage2_apa,rs342590,NM_001146071.1|TDRD3|chr13:60573613-60573879|+,0.0925228424271496,1019
MDD,stage3_apa,rs342590,NM_030794.2|TDRD3|chr13:60573616-60573879|+,0.0747166170537219,1019
MDD,stage3_apa,rs342590,NM_001146070.2|TDRD3|chr13:60573616-60573871|+,0.0732160899030201,1019
MDD,stage3_apa,rs342590,NM_001146071.1|TDRD3|chr13:60573613-60573879|+,0.0727259730977503,1019
MDD,stage1_apa,rs342590,NM_001146070.2|TDRD3|chr13:60573616-60573871|+,0.0709508387623521,1019
MDD,stage1_apa,rs342590,NM_030794.2|TDRD3|chr13:60573616-60573879|+,0.0705686971803978,1019
MDD,stage1_apa,rs342590,NM_001146071.1|TDRD3|chr13:60573613-60573879|+,0.0700016985273513,1019
MDD,stage4_apa,rs342590,NM_030794.2|TDRD3|chr13:60573616-60573879|+,0.0460510910504553,777
MDD,stage4_apa,rs342590,NM_001146071.1|TDRD3|chr13:60573613-60573879|+,0.0459683728060692,777
MDD,stage4_apa,rs342590,NM_001146070.2|TDRD3|chr13:60573616-60573871|+,0.045964334854998,777
