GWAS_ID,QTL_ID,Locus,Gene,PP4,n_snps
MDD,stage1_apa,rs66517972,NM_052920.2|KLHL29|chr2:23706481-23708606|+,0.176096168644971,240
MDD,stage2_apa,rs66517972,XM_047444802.1|ATAD2B|chr2:23783310-23786223|-,0.0861870668286795,104
MDD,stage4_apa,rs66517972,NM_052920.2|KLHL29|chr2:23706481-23708606|+,0.0760516093648617,215
MDD,stage2_apa,rs66517972,NM_052920.2|KLHL29|chr2:23706481-23708606|+,0.075998772552588,240
MDD,stage1_apa,rs66517972,XM_047444802.1|ATAD2B|chr2:23783310-23786223|-,0.0603471827398036,104
MDD,stage4_apa,rs66517972,XM_047444802.1|ATAD2B|chr2:23783310-23786223|-,0.0597302583185521,93
MDD,stage3_apa,rs66517972,XM_047444802.1|ATAD2B|chr2:23783310-23786223|-,0.0557033094747341,104
MDD,stage3_apa,rs66517972,NM_052920.2|KLHL29|chr2:23706481-23708606|+,0.0551914847357636,240
