GWAS_ID,QTL_ID,Locus,Gene,PP4,n_snps
MDD,stage4_apa,rs13134858,NM_001322112.2|UGT8|chr4:114675925-114678225|+,0.0984933887973308,1601
MDD,stage2_apa,rs13134858,NM_001322112.2|UGT8|chr4:114675925-114678225|+,0.0770292022795117,1739
MDD,stage3_apa,rs13134858,NM_001322112.2|UGT8|chr4:114675925-114678225|+,0.0768976300138235,1739
MDD,stage1_apa,rs13134858,NM_001322112.2|UGT8|chr4:114675925-114678225|+,0.0714207954030375,1739
MDD,stage3_apa,rs13134858,NM_172129.2|CAMK2D|chr4:113457188-113457563|-,0.00365186466677855,665
MDD,stage2_apa,rs13134858,NM_001321585.2|CAMK2D|chr4:113451032-113454515|-,0.00255873269280433,641
MDD,stage2_apa,rs13134858,NM_172129.2|CAMK2D|chr4:113457188-113457563|-,0.00176524078688899,665
MDD,stage3_apa,rs13134858,NM_001321585.2|CAMK2D|chr4:113451032-113454515|-,0.00168517623740565,641
MDD,stage1_apa,rs13134858,NM_172129.2|CAMK2D|chr4:113457188-113457563|-,0.00148909634680821,665
MDD,stage1_apa,rs13134858,NM_001321585.2|CAMK2D|chr4:113451032-113454515|-,0.00146804599790611,641
MDD,stage3_apa,rs13134858,NM_001386187.2|ANK2|chr4:113381457-113383736|+,0.000475615700027729,544
MDD,stage4_apa,rs13134858,NM_172129.2|CAMK2D|chr4:113457188-113457563|-,0.000401181888633871,645
MDD,stage4_apa,rs13134858,NM_001321585.2|CAMK2D|chr4:113451032-113454515|-,0.000353902881589741,621
MDD,stage4_apa,rs13134858,NM_001386187.2|ANK2|chr4:113381457-113383736|+,0.000187923821147067,530
MDD,stage1_apa,rs13134858,NM_001386187.2|ANK2|chr4:113381457-113383736|+,0.000168611447752074,544
MDD,stage2_apa,rs13134858,NM_001386187.2|ANK2|chr4:113381457-113383736|+,0.000162326821548486,544
