GWAS_ID,QTL_ID,Locus,Gene,PP4,n_snps
MDD,stage4_apa,rs13402675,NM_001001664.3|SPOPL|chr2:138568936-138573547|+,0.0827308183551991,768
MDD,stage1_apa,rs13402675,XM_011511064.3|HNMT|chr2:138013775-138016364|+,0.0825801341879707,1781
MDD,stage1_apa,rs13402675,NM_001001664.3|SPOPL|chr2:138568936-138573547|+,0.0821988094620045,879
MDD,stage2_apa,rs13402675,NM_001001664.3|SPOPL|chr2:138568936-138573547|+,0.0752451803747745,879
MDD,stage3_apa,rs13402675,XM_011511064.3|HNMT|chr2:138013775-138016364|+,0.0654325030036205,1781
MDD,stage2_apa,rs13402675,XM_011511064.3|HNMT|chr2:138013775-138016364|+,0.0641432207881925,1781
MDD,stage3_apa,rs13402675,NM_001001664.3|SPOPL|chr2:138568936-138573547|+,0.0569130863654468,879
MDD,stage4_apa,rs13402675,XM_011511064.3|HNMT|chr2:138013775-138016364|+,0.0475745163268728,1399
MDD,stage3_apa,rs13402675,XM_047445802.1|CXCR4|chr2:136114349-136115912|-,4.7296698898495e-05,75
MDD,stage2_apa,rs13402675,XM_047445802.1|CXCR4|chr2:136114349-136115912|-,2.0542129236321e-05,75
MDD,stage1_apa,rs13402675,XM_047445802.1|CXCR4|chr2:136114349-136115912|-,1.90021803874808e-05,75
MDD,stage4_apa,rs13402675,XM_047445802.1|CXCR4|chr2:136114349-136115912|-,1.33776445411375e-05,64
