GWAS_ID,QTL_ID,Locus,Gene,PP4,n_snps
MDD,stage1_apa,rs56159505,NM_001163315.3|FBXL17|chr5:107859035-107861860|-,0.14567638134662,1605
MDD,stage4_apa,rs56159505,NM_001163315.3|FBXL17|chr5:107859035-107861860|-,0.127872343363419,1332
MDD,stage4_apa,rs56159505,XR_007058895.1|LOC124901038|chr5:107557325-107564490|+,0.105902886378625,1332
MDD,stage1_apa,rs56159505,XR_007058895.1|LOC124901038|chr5:107557325-107564490|+,0.0986348017901162,1605
MDD,stage2_apa,rs56159505,XR_007058895.1|LOC124901038|chr5:107557325-107564490|+,0.0913006740736579,1605
MDD,stage2_apa,rs56159505,XM_011543250.4|EFNA5|chr5:107376894-107381376|-,0.0911068446211996,1605
MDD,stage1_apa,rs56159505,XM_017009729.3|FBXL17|chr5:108219661-108223381|-,0.0830788913578375,1605
MDD,stage1_apa,rs56159505,XM_005272048.5|FBXL17|chr5:107862642-107881179|-,0.0797804616353357,1605
MDD,stage2_apa,rs56159505,XM_017009729.3|FBXL17|chr5:108219661-108223381|-,0.0788775166692271,1605
MDD,stage2_apa,rs56159505,XM_005272048.5|FBXL17|chr5:107862642-107881179|-,0.0751449641551529,1605
MDD,stage2_apa,rs56159505,NM_001163315.3|FBXL17|chr5:107859035-107861860|-,0.0741556419534648,1605
MDD,stage3_apa,rs56159505,NM_001163315.3|FBXL17|chr5:107859035-107861860|-,0.0738106689324873,1605
MDD,stage1_apa,rs56159505,XM_011543250.4|EFNA5|chr5:107376894-107381376|-,0.0685113497530108,1605
MDD,stage3_apa,rs56159505,XM_017009729.3|FBXL17|chr5:108219661-108223381|-,0.0672102362539051,1605
MDD,stage3_apa,rs56159505,XM_011543250.4|EFNA5|chr5:107376894-107381376|-,0.0643450595573548,1605
MDD,stage3_apa,rs56159505,XR_007058895.1|LOC124901038|chr5:107557325-107564490|+,0.062532815206585,1605
MDD,stage3_apa,rs56159505,XM_005272048.5|FBXL17|chr5:107862642-107881179|-,0.0616070627622108,1605
MDD,stage4_apa,rs56159505,XM_005272048.5|FBXL17|chr5:107862642-107881179|-,0.0332176462321406,1332
MDD,stage4_apa,rs56159505,XM_017009729.3|FBXL17|chr5:108219661-108223381|-,0.0328713626211752,1332
MDD,stage4_apa,rs56159505,XM_011543250.4|EFNA5|chr5:107376894-107381376|-,0.0323750763265775,1332
MDD,stage2_apa,rs56159505,XM_047416940.1|FER|chr5:109187433-109196841|+,0.000192137445697272,66
MDD,stage1_apa,rs56159505,XM_047416940.1|FER|chr5:109187433-109196841|+,0.000180150639461081,66
MDD,stage3_apa,rs56159505,XM_047416940.1|FER|chr5:109187433-109196841|+,0.000150031355646695,66
MDD,stage4_apa,rs56159505,XM_047416940.1|FER|chr5:109187433-109196841|+,8.56872578258771e-05,45
