GWAS_ID,QTL_ID,Locus,Gene,PP4,n_snps
MDD,stage3_apa,rs2680293,NM_002233.4|KCNA4|chr11:30009730-30013460|-,0.101975429897719,1339
MDD,stage2_apa,rs2680293,NM_152316.3|ARL14EP|chr11:30336567-30338223|+,0.0925247437865118,1245
MDD,stage4_apa,rs2680293,NM_002233.4|KCNA4|chr11:30009730-30013460|-,0.0762363733532,964
MDD,stage2_apa,rs2680293,NM_002233.4|KCNA4|chr11:30009730-30013460|-,0.0688620896553589,1339
MDD,stage2_apa,rs2680293,XM_017018231.2|MPPED2|chr11:30410224-30411586|-,0.0675272393334997,1136
MDD,stage1_apa,rs2680293,NM_152316.3|ARL14EP|chr11:30336567-30338223|+,0.061749137670092,1245
MDD,stage1_apa,rs2680293,NM_002233.4|KCNA4|chr11:30009730-30013460|-,0.0615096383588996,1339
MDD,stage1_apa,rs2680293,XM_017018231.2|MPPED2|chr11:30410224-30411586|-,0.0613583515588291,1136
MDD,stage3_apa,rs2680293,NM_152316.3|ARL14EP|chr11:30336567-30338223|+,0.0563025548193682,1245
MDD,stage3_apa,rs2680293,XM_017018231.2|MPPED2|chr11:30410224-30411586|-,0.0558405812027816,1136
MDD,stage4_apa,rs2680293,NM_152316.3|ARL14EP|chr11:30336567-30338223|+,0.0487629238751507,923
MDD,stage4_apa,rs2680293,XM_017018231.2|MPPED2|chr11:30410224-30411586|-,0.0447900662392866,828
MDD,stage1_apa,rs2680293,XM_011519941.3|METTL15|chr11:28330396-28333507|+,0.00024993838689663,92
MDD,stage2_apa,rs2680293,XM_011519941.3|METTL15|chr11:28330396-28333507|+,0.0001460806501628,92
MDD,stage3_apa,rs2680293,XM_011519941.3|METTL15|chr11:28330396-28333507|+,0.000117547252486631,92
MDD,stage4_apa,rs2680293,XM_011519941.3|METTL15|chr11:28330396-28333507|+,4.3677718063421e-05,39
