GWAS_ID,QTL_ID,Locus,Gene,PP4,n_snps
MDD,stage2_apa,rs1835711,XM_047437311.1|DCC|chr18:53530564-53534195|+,0.194404199836487,1313
MDD,stage3_apa,rs1835711,NM_003927.5|MBD2|chr18:54151606-54155311|-,0.133603908897318,163
MDD,stage2_apa,rs1835711,NM_003927.5|MBD2|chr18:54151606-54155311|-,0.107624680616764,163
MDD,stage1_apa,rs1835711,NM_003927.5|MBD2|chr18:54151606-54155311|-,0.0961314891775488,163
MDD,stage2_apa,rs1835711,NM_001351616.1|POLI|chr18:54293649-54298234|+,0.0848610175285777,58
MDD,stage4_apa,rs1835711,NM_001351616.1|POLI|chr18:54293649-54298234|+,0.0840951788019881,36
MDD,stage1_apa,rs1835711,NM_001351616.1|POLI|chr18:54293649-54298234|+,0.0726577346907687,58
MDD,stage3_apa,rs1835711,NM_001351616.1|POLI|chr18:54293649-54298234|+,0.0710907847669115,58
MDD,stage1_apa,rs1835711,XM_047437311.1|DCC|chr18:53530564-53534195|+,0.0643454272669198,1313
MDD,stage4_apa,rs1835711,NM_003927.5|MBD2|chr18:54151606-54155311|-,0.0595543613458611,94
MDD,stage3_apa,rs1835711,XM_047437311.1|DCC|chr18:53530564-53534195|+,0.0521370354783468,1313
MDD,stage4_apa,rs1835711,XM_047437311.1|DCC|chr18:53530564-53534195|+,0.0513976977274243,969
