GWAS_ID,QTL_ID,Locus,Gene,PP4,n_snps
MDD,stage4_apa,rs682290,XM_011542792.2|GRM5|chr11:88504642-88509504|-,0.192476456781639,1446
MDD,stage3_apa,rs682290,XM_047426766.1|CHORDC1|chr11:90200429-90202551|-,0.161295317062058,300
MDD,stage4_apa,rs682290,XM_047426766.1|CHORDC1|chr11:90200429-90202551|-,0.0898240630148545,272
MDD,stage2_apa,rs682290,XM_017017043.3|NAALAD2|chr11:90191558-90192894|+,0.0889656802787681,328
MDD,stage1_apa,rs682290,XM_017017043.3|NAALAD2|chr11:90191558-90192894|+,0.0767258812601555,328
MDD,stage1_apa,rs682290,XM_011542792.2|GRM5|chr11:88504642-88509504|-,0.0766510504364604,1883
MDD,stage1_apa,rs682290,XM_047426766.1|CHORDC1|chr11:90200429-90202551|-,0.0748424067825443,300
MDD,stage2_apa,rs682290,XM_011542792.2|GRM5|chr11:88504642-88509504|-,0.0715339143895402,1883
MDD,stage3_apa,rs682290,XM_017017043.3|NAALAD2|chr11:90191558-90192894|+,0.0709449178062585,328
MDD,stage2_apa,rs682290,XM_047426766.1|CHORDC1|chr11:90200429-90202551|-,0.0642936655801486,300
MDD,stage3_apa,rs682290,XM_011542792.2|GRM5|chr11:88504642-88509504|-,0.0634260625417339,1883
MDD,stage4_apa,rs682290,XM_017017043.3|NAALAD2|chr11:90191558-90192894|+,0.05591923504778,299
