GWAS_ID,QTL_ID,Locus,Gene,PP4,n_snps
MDD,stage3_apa,rs10922431,XM_047419671.1|ZBTB41|chr1:197153682-197160014|-,0.146144534778638,262
MDD,stage4_apa,rs10922431,XM_047419671.1|ZBTB41|chr1:197153682-197160014|-,0.113295201529041,228
MDD,stage1_apa,rs10922431,XM_047416573.1|CRB1|chr1:197477664-197478455|+,0.093016031600769,688
MDD,stage3_apa,rs10922431,XM_011509209.2|NEK7|chr1:198319412-198322420|+,0.0900525694508579,983
MDD,stage3_apa,rs10922431,XM_047416573.1|CRB1|chr1:197477664-197478455|+,0.0888048207091839,688
MDD,stage2_apa,rs10922431,XM_011509209.2|NEK7|chr1:198319412-198322420|+,0.0851793175308856,983
MDD,stage1_apa,rs10922431,XM_011509209.2|NEK7|chr1:198319412-198322420|+,0.0825754205333834,983
MDD,stage2_apa,rs10922431,NM_001300858.2|DENND1B|chr1:197552260-197553112|-,0.0756474749632808,688
MDD,stage2_apa,rs10922431,XM_047416573.1|CRB1|chr1:197477664-197478455|+,0.0754457786093944,688
MDD,stage2_apa,rs10922431,XM_006711194.4|DENND1B|chr1:197504748-197510972|-,0.0745744395889758,688
MDD,stage3_apa,rs10922431,XM_006711194.4|DENND1B|chr1:197504748-197510972|-,0.0742550427812245,688
MDD,stage2_apa,rs10922431,XM_047419671.1|ZBTB41|chr1:197153682-197160014|-,0.0727218179986186,262
MDD,stage1_apa,rs10922431,XM_047419671.1|ZBTB41|chr1:197153682-197160014|-,0.0722881434730865,262
MDD,stage1_apa,rs10922431,XM_006711194.4|DENND1B|chr1:197504748-197510972|-,0.0715632075407903,688
MDD,stage1_apa,rs10922431,NM_001300858.2|DENND1B|chr1:197552260-197553112|-,0.0698035180129334,688
MDD,stage4_apa,rs10922431,XM_011509209.2|NEK7|chr1:198319412-198322420|+,0.0649532496831324,752
MDD,stage3_apa,rs10922431,NM_001300858.2|DENND1B|chr1:197552260-197553112|-,0.0644523204629298,688
MDD,stage4_apa,rs10922431,NM_001300858.2|DENND1B|chr1:197552260-197553112|-,0.0616559568472689,526
MDD,stage4_apa,rs10922431,XM_006711194.4|DENND1B|chr1:197504748-197510972|-,0.0605966868386347,526
MDD,stage4_apa,rs10922431,XM_047416573.1|CRB1|chr1:197477664-197478455|+,0.0560925900013976,526
