GWAS_ID,QTL_ID,Locus,Gene,PP4,n_snps
MDD,stage1_apa,rs925499,XM_011517059.2|FAM135B|chr8:138130023-138132798|-,0.0716160800476958,1716
MDD,stage2_apa,rs925499,XM_011517059.2|FAM135B|chr8:138130023-138132798|-,0.0692931398429601,1716
MDD,stage3_apa,rs925499,XM_011517059.2|FAM135B|chr8:138130023-138132798|-,0.0595272023446063,1716
MDD,stage4_apa,rs925499,XM_011517059.2|FAM135B|chr8:138130023-138132798|-,0.0519320763102619,1466
MDD,stage3_apa,rs925499,NR_104210.2|KCNK9|chr8:139600838-139601601|-,0.000134196175946721,422
MDD,stage1_apa,rs925499,NR_104210.2|KCNK9|chr8:139600838-139601601|-,0.000114101165467529,422
MDD,stage2_apa,rs925499,NR_104210.2|KCNK9|chr8:139600838-139601601|-,0.000108263443109525,422
MDD,stage3_apa,rs925499,NM_001282534.2|KCNK9|chr8:139617121-139619099|-,0.000108127474578928,383
MDD,stage1_apa,rs925499,NM_001282534.2|KCNK9|chr8:139617121-139619099|-,0.000102524256007717,383
MDD,stage2_apa,rs925499,NM_001282534.2|KCNK9|chr8:139617121-139619099|-,9.93213323138759e-05,383
MDD,stage4_apa,rs925499,NR_104210.2|KCNK9|chr8:139600838-139601601|-,6.68162055033911e-05,349
MDD,stage4_apa,rs925499,NM_001282534.2|KCNK9|chr8:139617121-139619099|-,6.4197004582626e-05,315
MDD,stage3_apa,rs925499,XM_011517330.3|TRAPPC9|chr8:139727725-139731228|-,6.3861023825385e-05,180
MDD,stage2_apa,rs925499,XM_011517330.3|TRAPPC9|chr8:139727725-139731228|-,4.52167024540226e-05,180
MDD,stage1_apa,rs925499,XM_011517330.3|TRAPPC9|chr8:139727725-139731228|-,4.16946566194948e-05,180
MDD,stage4_apa,rs925499,XM_011517330.3|TRAPPC9|chr8:139727725-139731228|-,3.92812155709725e-05,161
