GWAS_ID,QTL_ID,Locus,Gene,PP4,n_snps
MDD,stage3_apa,rs61956693,NR_046636.1|PCDH9-AS3|chr13:66985497-66985776|+,0.379292525138501,842
MDD,stage4_apa,rs61956693,NR_046636.1|PCDH9-AS3|chr13:66985497-66985776|+,0.271286551429446,714
MDD,stage4_apa,rs61956693,XM_011535099.2|PCDH9|chr13:67160590-67169142|-,0.152483681980597,319
MDD,stage1_apa,rs61956693,XM_011535099.2|PCDH9|chr13:67160590-67169142|-,0.109115248451312,439
MDD,stage1_apa,rs61956693,NM_203487.3|PCDH9|chr13:66302834-66305028|-,0.099283637967869,1372
MDD,stage2_apa,rs61956693,NM_001318374.2|PCDH9|chr13:67201015-67228575|-,0.0907386341523809,338
MDD,stage3_apa,rs61956693,XM_005266408.5|PCDH9|chr13:67222366-67225187|-,0.0901374359544968,301
MDD,stage4_apa,rs61956693,XM_005266408.5|PCDH9|chr13:67222366-67225187|-,0.086903423914868,231
MDD,stage4_apa,rs61956693,NM_203487.3|PCDH9|chr13:66302834-66305028|-,0.0850174003068,1202
MDD,stage2_apa,rs61956693,XM_011535099.2|PCDH9|chr13:67160590-67169142|-,0.0850101254391374,439
MDD,stage2_apa,rs61956693,NM_203487.3|PCDH9|chr13:66302834-66305028|-,0.0827821969173949,1372
MDD,stage3_apa,rs61956693,NM_001318374.2|PCDH9|chr13:67201015-67228575|-,0.0821120443675153,338
MDD,stage3_apa,rs61956693,XM_017020620.3|PCDH9|chr13:66873350-66897112|-,0.0816094433743331,1022
MDD,stage2_apa,rs61956693,XM_005266408.5|PCDH9|chr13:67222366-67225187|-,0.0801173440384479,301
MDD,stage1_apa,rs61956693,NM_001318374.2|PCDH9|chr13:67201015-67228575|-,0.0791032480810447,338
MDD,stage1_apa,rs61956693,XM_017020620.3|PCDH9|chr13:66873350-66897112|-,0.0774021702362845,1022
MDD,stage2_apa,rs61956693,NR_046636.1|PCDH9-AS3|chr13:66985497-66985776|+,0.0761760598154134,842
MDD,stage3_apa,rs61956693,XM_011535099.2|PCDH9|chr13:67160590-67169142|-,0.0733940281334618,439
MDD,stage2_apa,rs61956693,XM_017020620.3|PCDH9|chr13:66873350-66897112|-,0.0724138344617369,1022
MDD,stage1_apa,rs61956693,XM_005266408.5|PCDH9|chr13:67222366-67225187|-,0.0718546254917047,301
MDD,stage1_apa,rs61956693,NR_046636.1|PCDH9-AS3|chr13:66985497-66985776|+,0.0682079940313008,842
MDD,stage3_apa,rs61956693,NM_203487.3|PCDH9|chr13:66302834-66305028|-,0.0608987252231437,1372
MDD,stage4_apa,rs61956693,NM_001318374.2|PCDH9|chr13:67201015-67228575|-,0.0555094274239145,255
MDD,stage4_apa,rs61956693,XM_017020620.3|PCDH9|chr13:66873350-66897112|-,0.0503281389637753,890
