GWAS_ID,QTL_ID,Locus,Gene,PP4,n_snps
MDD,stage2_apa,rs10809611,XM_047424032.1|MPDZ|chr9:13105707-13107111|-,0.000581026971453777,504
MDD,stage1_apa,rs10809611,XM_047424032.1|MPDZ|chr9:13105707-13107111|-,0.000358093874158356,504
MDD,stage3_apa,rs10809611,XM_047424032.1|MPDZ|chr9:13105707-13107111|-,0.000313066195375253,504
MDD,stage4_apa,rs10809611,XM_047424032.1|MPDZ|chr9:13105707-13107111|-,0.000265184339508351,445
