GWAS_ID,QTL_ID,Locus,Gene,PP4,n_snps
MDD,stage3_apa,rs6973288,NM_001134232.2|TMEM106B|chr7:12231837-12243367|+,0.271484825470406,2969
MDD,stage2_apa,rs6973288,NM_001134232.2|TMEM106B|chr7:12231837-12243367|+,0.231396512167993,2969
MDD,stage1_apa,rs6973288,NM_001134232.2|TMEM106B|chr7:12231837-12243367|+,0.185699609873663,2969
MDD,stage3_apa,rs6973288,NM_212460.4|ARL4A|chr7:12688169-12690958|+,0.179902393736741,2717
MDD,stage3_apa,rs6973288,NM_001037164.3|ARL4A|chr7:12688166-12690958|+,0.166775666114007,2717
MDD,stage2_apa,rs6973288,XM_047420040.1|THSD7A|chr7:11370365-11375878|-,0.138301898634987,2281
MDD,stage1_apa,rs6973288,NM_212460.4|ARL4A|chr7:12688169-12690958|+,0.0798542904273727,2717
MDD,stage1_apa,rs6973288,NM_001037164.3|ARL4A|chr7:12688166-12690958|+,0.079677668575919,2717
MDD,stage2_apa,rs6973288,NM_212460.4|ARL4A|chr7:12688169-12690958|+,0.0782708737006431,2717
MDD,stage2_apa,rs6973288,NM_001037164.3|ARL4A|chr7:12688166-12690958|+,0.077637090864457,2717
MDD,stage2_apa,rs6973288,NM_014660.4|PHF14|chr7:11102486-11110321|+,0.0752386031382398,1628
MDD,stage1_apa,rs6973288,NM_014660.4|PHF14|chr7:11102486-11110321|+,0.0732240021974784,1628
MDD,stage3_apa,rs6973288,NM_014660.4|PHF14|chr7:11102486-11110321|+,0.0712948150996743,1628
MDD,stage1_apa,rs6973288,XM_047420040.1|THSD7A|chr7:11370365-11375878|-,0.0577896374277019,2281
MDD,stage3_apa,rs6973288,XM_047420040.1|THSD7A|chr7:11370365-11375878|-,0.0556331337124407,2281
MDD,stage4_apa,rs6973288,NM_014660.4|PHF14|chr7:11102486-11110321|+,0.0518867954733141,1300
MDD,stage4_apa,rs6973288,NM_001134232.2|TMEM106B|chr7:12231837-12243367|+,0.0434139314440658,2410
MDD,stage4_apa,rs6973288,XM_047420040.1|THSD7A|chr7:11370365-11375878|-,0.0422162671711076,1853
MDD,stage4_apa,rs6973288,NM_001037164.3|ARL4A|chr7:12688166-12690958|+,0.0390154561464788,2172
MDD,stage4_apa,rs6973288,NM_212460.4|ARL4A|chr7:12688169-12690958|+,0.038964251035371,2172
MDD,stage1_apa,rs6973288,NM_002489.4|COXFA4|chr7:10931943-10933692|-,0.000499224335764153,985
MDD,stage2_apa,rs6973288,NM_002489.4|COXFA4|chr7:10931943-10933692|-,0.000486649330887219,985
MDD,stage3_apa,rs6973288,NM_002489.4|COXFA4|chr7:10931943-10933692|-,0.0004262201784125,985
MDD,stage4_apa,rs6973288,NM_002489.4|COXFA4|chr7:10931943-10933692|-,0.000420017313118631,792
