GWAS_ID,QTL_ID,Locus,Gene,PP4,n_snps
MDD,stage3_apa,rs541731,XM_006719857.3|RBM26|chr13:79311827-79314990|-,0.179393276686575,591
MDD,stage3_apa,rs541731,XM_005266497.3|RBM26|chr13:79311827-79314993|-,0.176103627497272,591
MDD,stage3_apa,rs541731,XR_001749939.2|LOC105370276|chr13:80363094-80366052|+,0.132525452618862,1453
MDD,stage4_apa,rs541731,XR_001749939.2|LOC105370276|chr13:80363094-80366052|+,0.128285323778478,1330
MDD,stage2_apa,rs541731,XR_001749939.2|LOC105370276|chr13:80363094-80366052|+,0.110843158721912,1453
MDD,stage1_apa,rs541731,NM_001318537.1|SPRY2|chr13:80335976-80337756|-,0.0930429120775714,1453
MDD,stage4_apa,rs541731,XM_005266497.3|RBM26|chr13:79311827-79314993|-,0.0855080758300319,540
MDD,stage1_apa,rs541731,XR_001749939.2|LOC105370276|chr13:80363094-80366052|+,0.0852187222816963,1453
MDD,stage4_apa,rs541731,XM_006719857.3|RBM26|chr13:79311827-79314990|-,0.0833123273887364,540
MDD,stage2_apa,rs541731,NM_001394685.1|NDFIP2|chr13:79552516-79556077|+,0.0768738755438219,928
MDD,stage2_apa,rs541731,NM_001318537.1|SPRY2|chr13:80335976-80337756|-,0.0718645354273605,1453
MDD,stage3_apa,rs541731,XM_047430501.1|RBM26|chr13:79318868-79320710|-,0.0703373804998593,594
MDD,stage1_apa,rs541731,NM_001394685.1|NDFIP2|chr13:79552516-79556077|+,0.0687716373340373,928
MDD,stage2_apa,rs541731,XM_047430501.1|RBM26|chr13:79318868-79320710|-,0.0664215289611389,594
MDD,stage4_apa,rs541731,NM_001318537.1|SPRY2|chr13:80335976-80337756|-,0.0649796506005185,1330
MDD,stage1_apa,rs541731,XM_047430501.1|RBM26|chr13:79318868-79320710|-,0.0631584058742473,594
MDD,stage4_apa,rs541731,XM_047430501.1|RBM26|chr13:79318868-79320710|-,0.0629226285294771,543
MDD,stage3_apa,rs541731,NM_001394685.1|NDFIP2|chr13:79552516-79556077|+,0.0568788170504397,928
MDD,stage3_apa,rs541731,NM_001318537.1|SPRY2|chr13:80335976-80337756|-,0.0495531676134085,1453
MDD,stage2_apa,rs541731,XM_005266497.3|RBM26|chr13:79311827-79314993|-,0.0487743460546045,591
MDD,stage2_apa,rs541731,XM_006719857.3|RBM26|chr13:79311827-79314990|-,0.0484614651834675,591
MDD,stage4_apa,rs541731,NM_001394685.1|NDFIP2|chr13:79552516-79556077|+,0.044952541821397,855
MDD,stage1_apa,rs541731,XM_005266497.3|RBM26|chr13:79311827-79314993|-,0.0437386538672036,591
MDD,stage1_apa,rs541731,XM_006719857.3|RBM26|chr13:79311827-79314990|-,0.0435799947316853,591
