GWAS_ID,QTL_ID,Locus,Gene,PP4,n_snps
MDD,stage2_apa,rs12582031,XM_024448966.2|TAFA2|chr12:61708273-61710417|-,0.0834291779022218,994
MDD,stage3_apa,rs12582031,NM_001270622.2|SLC16A7|chr12:59779423-59789841|+,0.0833284318005143,860
MDD,stage2_apa,rs12582031,NM_001270622.2|SLC16A7|chr12:59779423-59789841|+,0.0818910768222764,860
MDD,stage1_apa,rs12582031,XM_024448966.2|TAFA2|chr12:61708273-61710417|-,0.0730134462011283,994
MDD,stage4_apa,rs12582031,NM_001270622.2|SLC16A7|chr12:59779423-59789841|+,0.0712768702483857,634
MDD,stage1_apa,rs12582031,NM_001270622.2|SLC16A7|chr12:59779423-59789841|+,0.0703389437378673,860
MDD,stage3_apa,rs12582031,XM_024448966.2|TAFA2|chr12:61708273-61710417|-,0.0663000504577099,994
MDD,stage4_apa,rs12582031,XM_024448966.2|TAFA2|chr12:61708273-61710417|-,0.0526334295100672,816
