GWAS_ID,QTL_ID,Locus,Gene,PP4,n_snps
MDD,stage1_apa,rs34593817,NM_001243271.2|CNTN5|chr11:100308359-100309702|+,0.119175876924531,1928
MDD,stage2_apa,rs34593817,NM_001243271.2|CNTN5|chr11:100308359-100309702|+,0.0968435269265509,1928
MDD,stage3_apa,rs34593817,NM_001243271.2|CNTN5|chr11:100308359-100309702|+,0.0474038534760316,1928
MDD,stage4_apa,rs34593817,NM_001243271.2|CNTN5|chr11:100308359-100309702|+,0.0406019783279495,1618
