GWAS_ID,QTL_ID,Locus,Gene,PP4,n_snps
MDD,stage2_apa,rs9410847,XM_017015068.2|TLE4|chr9:79725037-79726882|+,0.00740723275699143,1707
MDD,stage1_apa,rs9410847,XM_017015068.2|TLE4|chr9:79725037-79726882|+,0.00725570589938713,1707
MDD,stage3_apa,rs9410847,XM_017015068.2|TLE4|chr9:79725037-79726882|+,0.00627810030574405,1707
MDD,stage4_apa,rs9410847,XM_017015068.2|TLE4|chr9:79725037-79726882|+,0.00551228719349482,1256
MDD,stage1_apa,rs9410847,XM_006717261.3|TLE1|chr9:81583683-81584305|-,0.000194798957419918,495
MDD,stage2_apa,rs9410847,XM_006717261.3|TLE1|chr9:81583683-81584305|-,0.000157245853312629,495
MDD,stage3_apa,rs9410847,XM_006717261.3|TLE1|chr9:81583683-81584305|-,0.000127943111347788,495
MDD,stage4_apa,rs9410847,XM_006717261.3|TLE1|chr9:81583683-81584305|-,4.61023363881963e-05,273
