GWAS_ID,QTL_ID,Locus,Gene,PP4,n_snps
MDD,stage2_apa,rs7144406,XM_047431707.1|BCL11B|chr14:99169287-99176195|-,0.0737539654543957,968
MDD,stage1_apa,rs7144406,XM_047431707.1|BCL11B|chr14:99169287-99176195|-,0.0639952725071207,968
MDD,stage3_apa,rs7144406,XM_047431707.1|BCL11B|chr14:99169287-99176195|-,0.0575297200858957,968
MDD,stage4_apa,rs7144406,XM_047431707.1|BCL11B|chr14:99169287-99176195|-,0.050806188311567,839
MDD,stage1_apa,rs7144406,NM_001411053.1|VRK1|chr14:96881177-96881609|+,0.00517936240860225,392
MDD,stage3_apa,rs7144406,NM_001411053.1|VRK1|chr14:96881177-96881609|+,0.00473113423206476,392
MDD,stage2_apa,rs7144406,NM_001411053.1|VRK1|chr14:96881177-96881609|+,0.00470935301627995,392
MDD,stage4_apa,rs7144406,NM_001411053.1|VRK1|chr14:96881177-96881609|+,0.00395194034646,296
MDD,stage1_apa,rs7144406,XM_017021699.2|SETD3|chr14:99397748-99399125|-,0.000190176739361967,502
MDD,stage2_apa,rs7144406,XM_017021699.2|SETD3|chr14:99397748-99399125|-,0.000179633030761023,502
MDD,stage3_apa,rs7144406,XM_017021699.2|SETD3|chr14:99397748-99399125|-,0.000157868607017196,502
MDD,stage2_apa,rs7144406,NM_001144995.2|CCDC85C|chr14:99512440-99515335|-,0.000130520707443851,352
MDD,stage1_apa,rs7144406,NM_001144995.2|CCDC85C|chr14:99512440-99515335|-,0.000126303519750528,352
MDD,stage4_apa,rs7144406,XM_017021699.2|SETD3|chr14:99397748-99399125|-,0.000108898171054399,397
MDD,stage3_apa,rs7144406,NM_001144995.2|CCDC85C|chr14:99512440-99515335|-,0.000107144425471771,352
MDD,stage4_apa,rs7144406,NM_001144995.2|CCDC85C|chr14:99512440-99515335|-,4.75879791313675e-05,252
MDD,stage2_apa,rs7144406,XM_006720277.4|HHIPL1|chr14:99675091-99680569|+,2.95121954958191e-05,72
MDD,stage1_apa,rs7144406,XM_006720277.4|HHIPL1|chr14:99675091-99680569|+,2.76616369514375e-05,72
MDD,stage3_apa,rs7144406,XM_006720277.4|HHIPL1|chr14:99675091-99680569|+,2.44348953840786e-05,72
MDD,stage4_apa,rs7144406,XM_006720277.4|HHIPL1|chr14:99675091-99680569|+,6.74205266769867e-06,53
