GWAS_ID,QTL_ID,Locus,Gene,PP4,n_snps
MDD,stage3_apa,rs76228512,XM_047437311.1|DCC|chr18:53530564-53534195|+,0.141078947638894,1515
MDD,stage4_apa,rs76228512,NM_001351616.1|POLI|chr18:54293649-54298234|+,0.0874232122131654,760
MDD,stage1_apa,rs76228512,XM_047437311.1|DCC|chr18:53530564-53534195|+,0.0854259450402318,1515
MDD,stage2_apa,rs76228512,NM_001351616.1|POLI|chr18:54293649-54298234|+,0.0821983449314142,914
MDD,stage2_apa,rs76228512,XM_047437311.1|DCC|chr18:53530564-53534195|+,0.0816327749020025,1515
MDD,stage2_apa,rs76228512,NM_003927.5|MBD2|chr18:54151606-54155311|-,0.0795520384818553,1019
MDD,stage3_apa,rs76228512,NM_003927.5|MBD2|chr18:54151606-54155311|-,0.077899019021329,1019
MDD,stage3_apa,rs76228512,NM_001351616.1|POLI|chr18:54293649-54298234|+,0.0774034511557525,914
MDD,stage1_apa,rs76228512,NM_001351616.1|POLI|chr18:54293649-54298234|+,0.0769547491996957,914
MDD,stage1_apa,rs76228512,NM_003927.5|MBD2|chr18:54151606-54155311|-,0.0762157643040401,1019
MDD,stage4_apa,rs76228512,NM_003927.5|MBD2|chr18:54151606-54155311|-,0.051449683376955,818
MDD,stage4_apa,rs76228512,XM_047437311.1|DCC|chr18:53530564-53534195|+,0.0498019252223522,1282
