GWAS_ID,QTL_ID,Locus,Gene,PP4,n_snps
MDD,stage2_apa,rs9538492,NM_030794.2|TDRD3|chr13:60573616-60573879|+,0.100896647821786,907
MDD,stage2_apa,rs9538492,NM_001146070.2|TDRD3|chr13:60573616-60573871|+,0.10007343614401,907
MDD,stage2_apa,rs9538492,NM_001146071.1|TDRD3|chr13:60573613-60573879|+,0.0933934578505158,907
MDD,stage3_apa,rs9538492,NM_030794.2|TDRD3|chr13:60573616-60573879|+,0.0753496838156459,907
MDD,stage3_apa,rs9538492,NM_001146070.2|TDRD3|chr13:60573616-60573871|+,0.0738293795228996,907
MDD,stage3_apa,rs9538492,NM_001146071.1|TDRD3|chr13:60573613-60573879|+,0.0732934427810838,907
MDD,stage1_apa,rs9538492,NM_001146070.2|TDRD3|chr13:60573616-60573871|+,0.0714099552465483,907
MDD,stage1_apa,rs9538492,NM_030794.2|TDRD3|chr13:60573616-60573879|+,0.0710398701405252,907
MDD,stage1_apa,rs9538492,NM_001146071.1|TDRD3|chr13:60573613-60573879|+,0.0704421414533291,907
MDD,stage4_apa,rs9538492,NM_030794.2|TDRD3|chr13:60573616-60573879|+,0.0459314245230331,708
MDD,stage4_apa,rs9538492,NM_001146071.1|TDRD3|chr13:60573613-60573879|+,0.0458471200857195,708
MDD,stage4_apa,rs9538492,NM_001146070.2|TDRD3|chr13:60573616-60573871|+,0.0458414867390443,708
