GWAS_ID,QTL_ID,Locus,Gene,PP4,n_snps
MDD,stage1_apa,rs11790404,NM_001385910.1|RIGI|chr9:32455302-32457418|-,0.00661542305857463,589
MDD,stage1_apa,rs11790404,NM_002197.3|ACO1|chr9:32449998-32454769|+,0.00470807167041305,611
MDD,stage3_apa,rs11790404,NM_001385910.1|RIGI|chr9:32455302-32457418|-,0.0043495379242896,589
MDD,stage2_apa,rs11790404,NM_001385910.1|RIGI|chr9:32455302-32457418|-,0.00415798712216944,589
MDD,stage2_apa,rs11790404,NM_002197.3|ACO1|chr9:32449998-32454769|+,0.00366526896610271,611
MDD,stage3_apa,rs11790404,NM_002197.3|ACO1|chr9:32449998-32454769|+,0.00332284602567322,611
MDD,stage4_apa,rs11790404,NM_002197.3|ACO1|chr9:32449998-32454769|+,0.00296085398964374,568
MDD,stage4_apa,rs11790404,NM_001385910.1|RIGI|chr9:32455302-32457418|-,0.00255664269918274,546
MDD,stage1_apa,rs11790404,NM_005802.5|TOPORS|chr9:32540544-32544326|-,0.00145557423844874,372
MDD,stage2_apa,rs11790404,NM_005802.5|TOPORS|chr9:32540544-32544326|-,0.00138349833168103,372
MDD,stage1_apa,rs11790404,NM_002493.5|NDUFB6|chr9:32553017-32553944|-,0.00112673987228279,351
MDD,stage3_apa,rs11790404,NM_005802.5|TOPORS|chr9:32540544-32544326|-,0.00105122878265542,372
MDD,stage2_apa,rs11790404,NM_002493.5|NDUFB6|chr9:32553017-32553944|-,0.00100409497072904,351
MDD,stage1_apa,rs11790404,NM_001349118.1|SMIM27|chr9:32552801-32553001|+,0.000958101811382154,351
MDD,stage1_apa,rs11790404,NM_001349119.2|SMIM27|chr9:32552801-32553001|+,0.000958101811382154,351
MDD,stage2_apa,rs11790404,NM_001349118.1|SMIM27|chr9:32552801-32553001|+,0.00094511748431896,351
MDD,stage2_apa,rs11790404,NM_001349119.2|SMIM27|chr9:32552801-32553001|+,0.00094511748431896,351
MDD,stage3_apa,rs11790404,NM_001349118.1|SMIM27|chr9:32552801-32553001|+,0.0008563657560355,351
MDD,stage3_apa,rs11790404,NM_001349119.2|SMIM27|chr9:32552801-32553001|+,0.0008563657560355,351
MDD,stage3_apa,rs11790404,NM_002493.5|NDUFB6|chr9:32553017-32553944|-,0.000758625416955824,351
MDD,stage4_apa,rs11790404,NM_002493.5|NDUFB6|chr9:32553017-32553944|-,0.000735039555889427,324
MDD,stage4_apa,rs11790404,NM_005802.5|TOPORS|chr9:32540544-32544326|-,0.000708795942081735,331
MDD,stage4_apa,rs11790404,NM_001349118.1|SMIM27|chr9:32552801-32553001|+,0.00054850564368052,324
MDD,stage4_apa,rs11790404,NM_001349119.2|SMIM27|chr9:32552801-32553001|+,0.00054850564368052,324
