GWAS_ID,QTL_ID,Locus,Gene,PP4,n_snps
MDD,stage3_apa,rs9317622,NM_001318374.2|PCDH9|chr13:67201015-67228575|-,0.111651144117247,1164
MDD,stage4_apa,rs9317622,XM_011535099.2|PCDH9|chr13:67160590-67169142|-,0.0943081133332628,940
MDD,stage1_apa,rs9317622,XM_011535099.2|PCDH9|chr13:67160590-67169142|-,0.0889372270717668,1164
MDD,stage2_apa,rs9317622,NM_203487.3|PCDH9|chr13:66302834-66305028|-,0.0881636879888332,1070
MDD,stage2_apa,rs9317622,XM_011535099.2|PCDH9|chr13:67160590-67169142|-,0.0844549281694487,1164
MDD,stage2_apa,rs9317622,XM_017020620.3|PCDH9|chr13:66873350-66897112|-,0.0796852150602771,1164
MDD,stage3_apa,rs9317622,XM_005266408.5|PCDH9|chr13:67222366-67225187|-,0.0789863799492664,1164
MDD,stage1_apa,rs9317622,XM_005266408.5|PCDH9|chr13:67222366-67225187|-,0.0777366178183599,1164
MDD,stage1_apa,rs9317622,NR_046636.1|PCDH9-AS3|chr13:66985497-66985776|+,0.076380900607001,1164
MDD,stage2_apa,rs9317622,NM_001318374.2|PCDH9|chr13:67201015-67228575|-,0.0747179559890036,1164
MDD,stage2_apa,rs9317622,NR_046636.1|PCDH9-AS3|chr13:66985497-66985776|+,0.0742705883499585,1164
MDD,stage1_apa,rs9317622,NM_001318374.2|PCDH9|chr13:67201015-67228575|-,0.0722690651474324,1164
MDD,stage2_apa,rs9317622,XM_005266408.5|PCDH9|chr13:67222366-67225187|-,0.0709178028371633,1164
MDD,stage1_apa,rs9317622,XM_017020620.3|PCDH9|chr13:66873350-66897112|-,0.0687367537962814,1164
MDD,stage4_apa,rs9317622,XM_005266408.5|PCDH9|chr13:67222366-67225187|-,0.0681849618331921,940
MDD,stage3_apa,rs9317622,NR_046636.1|PCDH9-AS3|chr13:66985497-66985776|+,0.0640876478058098,1164
MDD,stage4_apa,rs9317622,NM_001318374.2|PCDH9|chr13:67201015-67228575|-,0.0640747482350583,940
MDD,stage1_apa,rs9317622,NM_203487.3|PCDH9|chr13:66302834-66305028|-,0.0629350965920414,1070
MDD,stage3_apa,rs9317622,XM_011535099.2|PCDH9|chr13:67160590-67169142|-,0.0626326325611464,1164
MDD,stage3_apa,rs9317622,XM_017020620.3|PCDH9|chr13:66873350-66897112|-,0.0589818339487748,1164
MDD,stage4_apa,rs9317622,NM_203487.3|PCDH9|chr13:66302834-66305028|-,0.0567502086680794,875
MDD,stage3_apa,rs9317622,NM_203487.3|PCDH9|chr13:66302834-66305028|-,0.0562408810496723,1070
MDD,stage4_apa,rs9317622,XM_017020620.3|PCDH9|chr13:66873350-66897112|-,0.052821205278827,940
MDD,stage4_apa,rs9317622,NR_046636.1|PCDH9-AS3|chr13:66985497-66985776|+,0.0455886478765451,940
