GWAS_ID,QTL_ID,Locus,Gene,PP4,n_snps
MDD,stage2_apa,rs6930109,NM_021956.5|GRIK2|chr6:102068347-102070083|+,0.0760668732908185,1701
MDD,stage1_apa,rs6930109,NM_021956.5|GRIK2|chr6:102068347-102070083|+,0.067961101771648,1701
MDD,stage3_apa,rs6930109,NM_021956.5|GRIK2|chr6:102068347-102070083|+,0.0531707426785863,1701
MDD,stage4_apa,rs6930109,NM_021956.5|GRIK2|chr6:102068347-102070083|+,0.050728072535264,1353
