GWAS_ID,QTL_ID,Locus,Gene,PP4,n_snps
MDD,stage4_apa,rs16914095,XM_011542792.2|GRM5|chr11:88504642-88509504|-,0.233392381123066,1773
MDD,stage1_apa,rs16914095,XM_011542792.2|GRM5|chr11:88504642-88509504|-,0.0761629351576725,2216
MDD,stage2_apa,rs16914095,XM_011542792.2|GRM5|chr11:88504642-88509504|-,0.0702903148685195,2216
MDD,stage3_apa,rs16914095,XM_011542792.2|GRM5|chr11:88504642-88509504|-,0.0625373101268238,2216
MDD,stage3_apa,rs16914095,NM_001168724.2|TMEM135|chr11:87321201-87328824|+,0.000552505513098302,828
MDD,stage1_apa,rs16914095,NM_001168724.2|TMEM135|chr11:87321201-87328824|+,0.000492425794502765,828
MDD,stage2_apa,rs16914095,NM_001168724.2|TMEM135|chr11:87321201-87328824|+,0.000447254868978858,828
MDD,stage4_apa,rs16914095,NM_001168724.2|TMEM135|chr11:87321201-87328824|+,0.000394148919715926,693
