GWAS_ID,QTL_ID,Locus,Gene,PP4,n_snps
MDD,stage4_apa,rs386409,NM_001370349.2|PHF3|chr6:63711586-63719980|+,0.210961330212178,1298
MDD,stage3_apa,rs386409,NM_001385254.1|PTP4A1|chr6:63580057-63583588|+,0.144213300841083,1369
MDD,stage2_apa,rs386409,NM_001385254.1|PTP4A1|chr6:63580057-63583588|+,0.136595690235502,1369
MDD,stage2_apa,rs386409,NM_001385265.1|PTP4A1|chr6:63580061-63583588|+,0.134860819572005,1369
MDD,stage3_apa,rs386409,NM_001385265.1|PTP4A1|chr6:63580061-63583588|+,0.133867834236441,1369
MDD,stage3_apa,rs386409,NM_001385266.1|PTP4A1|chr6:63580014-63583588|+,0.127512894612363,1369
MDD,stage2_apa,rs386409,NM_001385266.1|PTP4A1|chr6:63580014-63583588|+,0.114922756640851,1369
MDD,stage2_apa,rs386409,NM_001415059.2|LOC128125822|chr6:63576436-63583588|+,0.109208211232951,1369
MDD,stage1_apa,rs386409,NM_001370349.2|PHF3|chr6:63711586-63719980|+,0.107617450603959,1369
MDD,stage2_apa,rs386409,NM_001290260.2|PHF3|chr6:63684129-63686324|+,0.105097049928567,1369
MDD,stage2_apa,rs386409,NM_001370349.2|PHF3|chr6:63711586-63719980|+,0.0754439653238283,1369
MDD,stage4_apa,rs386409,NM_001385254.1|PTP4A1|chr6:63580057-63583588|+,0.0748143565263409,1298
MDD,stage1_apa,rs386409,NM_001385254.1|PTP4A1|chr6:63580057-63583588|+,0.0733897589817064,1369
MDD,stage1_apa,rs386409,NM_001385265.1|PTP4A1|chr6:63580061-63583588|+,0.0725058041113082,1369
MDD,stage4_apa,rs386409,NM_001385265.1|PTP4A1|chr6:63580061-63583588|+,0.0718385855982626,1298
MDD,stage4_apa,rs386409,NM_001385266.1|PTP4A1|chr6:63580014-63583588|+,0.0707707944074546,1298
MDD,stage1_apa,rs386409,NM_001385266.1|PTP4A1|chr6:63580014-63583588|+,0.0706418307121887,1369
MDD,stage3_apa,rs386409,NM_001290260.2|PHF3|chr6:63684129-63686324|+,0.0695444041492975,1369
MDD,stage3_apa,rs386409,NM_001415059.2|LOC128125822|chr6:63576436-63583588|+,0.0679725860918791,1369
MDD,stage3_apa,rs386409,NM_001370349.2|PHF3|chr6:63711586-63719980|+,0.0674716724056452,1369
MDD,stage1_apa,rs386409,NM_001290260.2|PHF3|chr6:63684129-63686324|+,0.065095709440131,1369
MDD,stage1_apa,rs386409,NM_001415059.2|LOC128125822|chr6:63576436-63583588|+,0.0648320103465016,1369
MDD,stage4_apa,rs386409,NM_001415059.2|LOC128125822|chr6:63576436-63583588|+,0.0602415255242591,1298
MDD,stage4_apa,rs386409,NM_001290260.2|PHF3|chr6:63684129-63686324|+,0.0532198307084938,1298
