GWAS_ID,QTL_ID,Locus,Gene,PP4,n_snps
MDD,stage1_apa,rs3900464,XM_011514324.4|E2F3|chr6:20490168-20493714|+,0.148788267417672,1415
MDD,stage2_apa,rs3900464,XM_011514324.4|E2F3|chr6:20490168-20493714|+,0.140816719013629,1415
MDD,stage1_apa,rs3900464,NM_182757.4|RNF144B|chr6:18464927-18468870|+,0.112278386260198,330
MDD,stage2_apa,rs3900464,NM_182757.4|RNF144B|chr6:18464927-18468870|+,0.0782169402503216,330
MDD,stage3_apa,rs3900464,NM_182757.4|RNF144B|chr6:18464927-18468870|+,0.0734112281499114,330
MDD,stage2_apa,rs3900464,NM_001546.4|ID4|chr6:19839210-19842197|+,0.0709766526094865,1763
MDD,stage1_apa,rs3900464,NM_001546.4|ID4|chr6:19839210-19842197|+,0.0662139920454065,1763
MDD,stage3_apa,rs3900464,NM_001546.4|ID4|chr6:19839210-19842197|+,0.0590233705733114,1763
MDD,stage4_apa,rs3900464,NM_001546.4|ID4|chr6:19839210-19842197|+,0.0548522001077767,1495
MDD,stage4_apa,rs3900464,NM_182757.4|RNF144B|chr6:18464927-18468870|+,0.0541581422003559,324
MDD,stage3_apa,rs3900464,XM_011514324.4|E2F3|chr6:20490168-20493714|+,0.0508859679853468,1415
MDD,stage4_apa,rs3900464,XM_011514324.4|E2F3|chr6:20490168-20493714|+,0.0459707528052471,1159
MDD,stage4_apa,rs3900464,XR_926568.4|LOC105374966|chr6:21135979-21138976|-,0.000215824295084817,219
MDD,stage2_apa,rs3900464,XR_926568.4|LOC105374966|chr6:21135979-21138976|-,9.33097069759278e-05,233
MDD,stage3_apa,rs3900464,XR_926568.4|LOC105374966|chr6:21135979-21138976|-,9.19581392687154e-05,233
MDD,stage1_apa,rs3900464,XR_926568.4|LOC105374966|chr6:21135979-21138976|-,9.05282570399451e-05,233
MDD,stage3_apa,rs3900464,XM_011514718.1|CDKAL1|chr6:21230848-21232404|+,2.42835998674961e-05,85
MDD,stage1_apa,rs3900464,XM_011514718.1|CDKAL1|chr6:21230848-21232404|+,2.32373086082152e-05,85
MDD,stage2_apa,rs3900464,XM_011514718.1|CDKAL1|chr6:21230848-21232404|+,2.23727687621568e-05,85
MDD,stage4_apa,rs3900464,XM_011514718.1|CDKAL1|chr6:21230848-21232404|+,2.21801070107786e-05,77
