GWAS_ID,QTL_ID,Locus,Gene,PP4,n_snps
MDD,stage2_apa,rs17762216,NM_194250.2|ZNF804A|chr2:184935783-184939492|+,0.0726221371162957,1002
MDD,stage1_apa,rs17762216,NM_194250.2|ZNF804A|chr2:184935783-184939492|+,0.071910415689859,1002
MDD,stage3_apa,rs17762216,NM_194250.2|ZNF804A|chr2:184935783-184939492|+,0.0609341821909601,1002
MDD,stage4_apa,rs17762216,NM_194250.2|ZNF804A|chr2:184935783-184939492|+,0.0523022803505625,753
MDD,stage1_apa,rs17762216,NM_018471.3|ZC3H15|chr2:186508543-186509361|+,0.000162098764017294,165
MDD,stage2_apa,rs17762216,XR_001739147.3|LOC105373785|chr2:186456002-186456851|-,0.000132585480955118,246
MDD,stage4_apa,rs17762216,NM_018471.3|ZC3H15|chr2:186508543-186509361|+,0.000116190819661639,123
MDD,stage1_apa,rs17762216,XR_001739147.3|LOC105373785|chr2:186456002-186456851|-,0.00011226998865785,246
MDD,stage3_apa,rs17762216,XR_001739147.3|LOC105373785|chr2:186456002-186456851|-,9.50197241867779e-05,246
MDD,stage2_apa,rs17762216,NM_018471.3|ZC3H15|chr2:186508543-186509361|+,8.69260418113453e-05,165
MDD,stage3_apa,rs17762216,NM_018471.3|ZC3H15|chr2:186508543-186509361|+,8.40161530386815e-05,165
MDD,stage4_apa,rs17762216,XR_001739147.3|LOC105373785|chr2:186456002-186456851|-,4.64859449776502e-05,177
MDD,stage2_apa,rs17762216,NM_001145000.3|ITGAV|chr2:186677197-186680901|+,2.65968852910947e-05,17
MDD,stage1_apa,rs17762216,NM_001145000.3|ITGAV|chr2:186677197-186680901|+,1.17015817689031e-05,17
MDD,stage3_apa,rs17762216,NM_001145000.3|ITGAV|chr2:186677197-186680901|+,1.01109456348613e-05,17
MDD,stage4_apa,rs17762216,NM_001145000.3|ITGAV|chr2:186677197-186680901|+,7.44956526306416e-06,16
