GWAS_ID,QTL_ID,Locus,Gene,PP4,n_snps
MDD,stage3_apa,rs11682175,NM_001438890.1|FANCL|chr2:58159920-58160179|-,0.0841918300716444,1844
MDD,stage2_apa,rs11682175,NM_001438890.1|FANCL|chr2:58159920-58160179|-,0.063454658025351,1844
MDD,stage1_apa,rs11682175,NM_001438890.1|FANCL|chr2:58159920-58160179|-,0.0587468748939092,1844
MDD,stage4_apa,rs11682175,NM_001438890.1|FANCL|chr2:58159920-58160179|-,0.0576036085083727,1433
MDD,stage2_apa,rs11682175,XM_024452642.2|CCDC85A|chr2:56384266-56386174|+,0.00196869297496027,315
MDD,stage2_apa,rs11682175,NM_001080433.2|CCDC85A|chr2:56384266-56386172|+,0.0019001087121885,315
MDD,stage1_apa,rs11682175,XM_024452642.2|CCDC85A|chr2:56384266-56386174|+,0.00143427356057146,315
MDD,stage1_apa,rs11682175,NM_001080433.2|CCDC85A|chr2:56384266-56386172|+,0.00142536767966359,315
MDD,stage4_apa,rs11682175,XM_024452642.2|CCDC85A|chr2:56384266-56386174|+,0.00100437744352883,226
MDD,stage4_apa,rs11682175,NM_001080433.2|CCDC85A|chr2:56384266-56386172|+,0.000988687415216937,226
MDD,stage3_apa,rs11682175,NM_001080433.2|CCDC85A|chr2:56384266-56386172|+,0.000955438311986148,315
MDD,stage3_apa,rs11682175,XM_024452642.2|CCDC85A|chr2:56384266-56386174|+,0.000948442953786954,315
