GWAS_ID,QTL_ID,Locus,Gene,PP4,n_snps
MDD,stage2_apa,rs60281674,NM_001244812.3|FOXP1|chr3:70954708-70959391|-,0.0987177042257573,1163
MDD,stage2_apa,rs60281674,XM_047448064.1|EIF4E3|chr3:71675414-71684728|-,0.098636579544747,1290
MDD,stage2_apa,rs60281674,NM_018971.3|GPR27|chr3:71753855-71756496|+,0.0874333886025124,1290
MDD,stage2_apa,rs60281674,NM_001134650.1|EIF4E3|chr3:71679289-71684728|-,0.087306062319836,1290
MDD,stage3_apa,rs60281674,NM_001244812.3|FOXP1|chr3:70954708-70959391|-,0.082571645097544,1163
MDD,stage3_apa,rs60281674,NM_012234.7|RYBP|chr3:72374597-72378637|-,0.0803699833263637,815
MDD,stage1_apa,rs60281674,NM_012234.7|RYBP|chr3:72374597-72378637|-,0.0782423880216071,815
MDD,stage1_apa,rs60281674,NM_001244812.3|FOXP1|chr3:70954708-70959391|-,0.0782215538481951,1163
MDD,stage2_apa,rs60281674,NM_012234.7|RYBP|chr3:72374597-72378637|-,0.0778729149139601,815
MDD,stage4_apa,rs60281674,NM_018971.3|GPR27|chr3:71753855-71756496|+,0.0773244023684602,1003
MDD,stage1_apa,rs60281674,XM_047448064.1|EIF4E3|chr3:71675414-71684728|-,0.0761047560273617,1290
MDD,stage4_apa,rs60281674,NM_001134650.1|EIF4E3|chr3:71679289-71684728|-,0.0757963323814911,1003
MDD,stage3_apa,rs60281674,XM_047448064.1|EIF4E3|chr3:71675414-71684728|-,0.0749719316696346,1290
MDD,stage1_apa,rs60281674,NM_001134650.1|EIF4E3|chr3:71679289-71684728|-,0.0743699155520211,1290
MDD,stage1_apa,rs60281674,NM_018971.3|GPR27|chr3:71753855-71756496|+,0.0742237098057163,1290
MDD,stage3_apa,rs60281674,NM_018971.3|GPR27|chr3:71753855-71756496|+,0.0721883294373738,1290
MDD,stage3_apa,rs60281674,NM_001134650.1|EIF4E3|chr3:71679289-71684728|-,0.0711438816294316,1290
MDD,stage4_apa,rs60281674,NM_012234.7|RYBP|chr3:72374597-72378637|-,0.0471653751342105,635
MDD,stage4_apa,rs60281674,NM_001244812.3|FOXP1|chr3:70954708-70959391|-,0.0459933260935838,886
MDD,stage4_apa,rs60281674,XM_047448064.1|EIF4E3|chr3:71675414-71684728|-,0.0455528657412636,1003
