GWAS_ID,QTL_ID,Locus,Gene,PP4,n_snps
MDD,stage3_apa,rs10490091,NM_001438890.1|FANCL|chr2:58159920-58160179|-,0.0842220954761979,1160
MDD,stage1_apa,rs10490091,NM_001438890.1|FANCL|chr2:58159920-58160179|-,0.0798792709518255,1160
MDD,stage2_apa,rs10490091,NM_001438890.1|FANCL|chr2:58159920-58160179|-,0.0712006455326886,1160
MDD,stage4_apa,rs10490091,NM_001438890.1|FANCL|chr2:58159920-58160179|-,0.0686918493252703,995
