GWAS_ID,QTL_ID,Locus,Gene,PP4,n_snps
MDD,stage2_apa,rs1025651,NM_001297754.3|GPATCH2|chr1:217608189-217610192|-,0.0812315002141151,1594
MDD,stage3_apa,rs1025651,NM_001297754.3|GPATCH2|chr1:217608189-217610192|-,0.0811867003827688,1594
MDD,stage1_apa,rs1025651,NM_001297754.3|GPATCH2|chr1:217608189-217610192|-,0.0750610797585237,1594
MDD,stage4_apa,rs1025651,NM_001297754.3|GPATCH2|chr1:217608189-217610192|-,0.0414893645248551,1336
MDD,stage4_apa,rs1025651,NM_001319294.2|KCTD3|chr1:215620057-215621807|+,0.00014790777497491,273
MDD,stage1_apa,rs1025651,NM_001319294.2|KCTD3|chr1:215620057-215621807|+,0.000135313662155329,300
MDD,stage2_apa,rs1025651,NM_001319294.2|KCTD3|chr1:215620057-215621807|+,0.000113595863799901,300
MDD,stage3_apa,rs1025651,NM_001319294.2|KCTD3|chr1:215620057-215621807|+,0.00010448674093802,300
MDD,stage1_apa,rs1025651,NM_016052.4|RRP15|chr1:218330948-218337983|+,7.03480656120007e-05,44
MDD,stage2_apa,rs1025651,NM_016052.4|RRP15|chr1:218330948-218337983|+,1.62858103214906e-05,44
MDD,stage4_apa,rs1025651,NM_016052.4|RRP15|chr1:218330948-218337983|+,1.34644010861875e-05,43
MDD,stage3_apa,rs1025651,NM_016052.4|RRP15|chr1:218330948-218337983|+,1.34372463082143e-05,44
