GWAS_ID,QTL_ID,Locus,Gene,PP4,n_snps
MDD,stage3_apa,rs10736420,NM_003838.5|FPGT|chr1:74204391-74208702|+,0.188081793321818,1037
MDD,stage4_apa,rs10736420,NM_003838.5|FPGT|chr1:74204391-74208702|+,0.140974836162001,884
MDD,stage4_apa,rs10736420,NM_001199329.3|FPGT|chr1:74205208-74208702|+,0.0996595416848257,883
MDD,stage2_apa,rs10736420,NM_001199329.3|FPGT|chr1:74205208-74208702|+,0.0937802616352968,1036
MDD,stage2_apa,rs10736420,NM_001002912.5|ERICH3|chr1:74568123-74570439|-,0.0929719048301147,620
MDD,stage3_apa,rs10736420,NM_001199329.3|FPGT|chr1:74205208-74208702|+,0.0915857514360541,1036
MDD,stage1_apa,rs10736420,NM_001199329.3|FPGT|chr1:74205208-74208702|+,0.0778611761146654,1036
MDD,stage2_apa,rs10736420,NM_003838.5|FPGT|chr1:74204391-74208702|+,0.0753813929495055,1037
MDD,stage2_apa,rs10736420,XM_017000276.2|ERICH3|chr1:74571099-74573491|-,0.0716771208574353,619
MDD,stage1_apa,rs10736420,NM_001002912.5|ERICH3|chr1:74568123-74570439|-,0.0714770149747708,620
MDD,stage1_apa,rs10736420,XM_017000276.2|ERICH3|chr1:74571099-74573491|-,0.0707541325090905,619
MDD,stage3_apa,rs10736420,XM_017000276.2|ERICH3|chr1:74571099-74573491|-,0.0660585420784563,619
MDD,stage1_apa,rs10736420,NM_003838.5|FPGT|chr1:74204391-74208702|+,0.0654120129837149,1037
MDD,stage3_apa,rs10736420,NM_001002912.5|ERICH3|chr1:74568123-74570439|-,0.0541463357504776,620
MDD,stage4_apa,rs10736420,NM_001002912.5|ERICH3|chr1:74568123-74570439|-,0.0476297802418006,497
MDD,stage4_apa,rs10736420,XM_017000276.2|ERICH3|chr1:74571099-74573491|-,0.0463175156129997,496
MDD,stage3_apa,rs10736420,XM_011540747.3|CRYZ|chr1:74705486-74706457|-,0.00270419648687759,413
MDD,stage1_apa,rs10736420,NM_001162916.2|TYW3|chr1:74763894-74766677|+,0.00259566593038532,340
MDD,stage2_apa,rs10736420,XM_011540747.3|CRYZ|chr1:74705486-74706457|-,0.00251459810489576,413
MDD,stage2_apa,rs10736420,NM_001162916.2|TYW3|chr1:74763894-74766677|+,0.00236236230279455,340
MDD,stage1_apa,rs10736420,XM_011540747.3|CRYZ|chr1:74705486-74706457|-,0.00216751611374222,413
MDD,stage3_apa,rs10736420,NM_001162916.2|TYW3|chr1:74763894-74766677|+,0.00202534625490177,340
MDD,stage4_apa,rs10736420,NM_001162916.2|TYW3|chr1:74763894-74766677|+,0.00187034776968872,234
MDD,stage4_apa,rs10736420,XM_011540747.3|CRYZ|chr1:74705486-74706457|-,0.00108902687537127,297
