GWAS_ID,QTL_ID,Locus,Gene,PP4,n_snps
MDD,stage4_apa,rs9964679,NR_199051.1|CDH2-AS1|chr18:27963386-27963692|+,0.304884005565451,708
MDD,stage1_apa,rs9964679,NR_199051.1|CDH2-AS1|chr18:27963386-27963692|+,0.136984044670151,775
MDD,stage3_apa,rs9964679,NR_199051.1|CDH2-AS1|chr18:27963386-27963692|+,0.135683788276097,775
MDD,stage3_apa,rs9964679,XM_011525788.1|CDH2|chr18:27950966-27952359|-,0.119029986105132,761
MDD,stage2_apa,rs9964679,XM_011525788.1|CDH2|chr18:27950966-27952359|-,0.0973672223868418,761
MDD,stage2_apa,rs9964679,NR_199051.1|CDH2-AS1|chr18:27963386-27963692|+,0.0823361061886429,775
MDD,stage1_apa,rs9964679,XM_011525788.1|CDH2|chr18:27950966-27952359|-,0.0701898679233234,761
MDD,stage4_apa,rs9964679,XM_011525788.1|CDH2|chr18:27950966-27952359|-,0.0574924308760526,694
