GWAS_ID,QTL_ID,Locus,Gene,PP4,n_snps
MDD,stage1_apa,rs11887562,NM_052920.2|KLHL29|chr2:23706481-23708606|+,0.175202221802921,262
MDD,stage2_apa,rs11887562,XM_047444802.1|ATAD2B|chr2:23783310-23786223|-,0.0860970021731065,126
MDD,stage2_apa,rs11887562,NM_052920.2|KLHL29|chr2:23706481-23708606|+,0.0757745299177816,262
MDD,stage4_apa,rs11887562,NM_052920.2|KLHL29|chr2:23706481-23708606|+,0.0755152977776543,231
MDD,stage1_apa,rs11887562,XM_047444802.1|ATAD2B|chr2:23783310-23786223|-,0.0601902311663051,126
MDD,stage4_apa,rs11887562,XM_047444802.1|ATAD2B|chr2:23783310-23786223|-,0.0597294595371975,109
MDD,stage3_apa,rs11887562,XM_047444802.1|ATAD2B|chr2:23783310-23786223|-,0.0555330055981829,126
MDD,stage3_apa,rs11887562,NM_052920.2|KLHL29|chr2:23706481-23708606|+,0.0549830597138617,262
