GWAS_ID,QTL_ID,Locus,Gene,PP4,n_snps
MDD,stage2_apa,rs35625885,NM_001145156.1|NR2F2|chr15:96337348-96340263|+,0.0676867849392109,1680
MDD,stage2_apa,rs35625885,NM_001145155.2|NR2F2|chr15:96337348-96340258|+,0.0669031973823326,1680
MDD,stage1_apa,rs35625885,NM_001145156.1|NR2F2|chr15:96337348-96340263|+,0.0619547851493769,1680
MDD,stage1_apa,rs35625885,NM_001145155.2|NR2F2|chr15:96337348-96340258|+,0.0607073393242184,1680
MDD,stage3_apa,rs35625885,NM_001145155.2|NR2F2|chr15:96337348-96340258|+,0.0490471169537102,1680
MDD,stage3_apa,rs35625885,NM_001145156.1|NR2F2|chr15:96337348-96340263|+,0.0487491099925699,1680
MDD,stage4_apa,rs35625885,NM_001145156.1|NR2F2|chr15:96337348-96340263|+,0.0410777210556634,1249
MDD,stage4_apa,rs35625885,NM_001145155.2|NR2F2|chr15:96337348-96340258|+,0.0410691670619679,1249
