GWAS_ID,QTL_ID,Locus,Gene,PP4,n_snps
MDD,stage2_apa,rs13400161,XM_017003577.3|ERBB4|chr2:211375717-211384060|-,0.0722053854790725,1729
MDD,stage1_apa,rs13400161,XM_017003577.3|ERBB4|chr2:211375717-211384060|-,0.0648683557733411,1729
MDD,stage3_apa,rs13400161,XM_017003577.3|ERBB4|chr2:211375717-211384060|-,0.06163010969602,1729
MDD,stage4_apa,rs13400161,XM_017003577.3|ERBB4|chr2:211375717-211384060|-,0.0601106444320507,1306
MDD,stage1_apa,rs13400161,NM_001371275.1|IKZF2|chr2:212999698-213008084|-,0.00261757178228576,483
MDD,stage2_apa,rs13400161,NM_001371275.1|IKZF2|chr2:212999698-213008084|-,0.00185539723441097,483
MDD,stage3_apa,rs13400161,NM_001371275.1|IKZF2|chr2:212999698-213008084|-,0.00165831869619589,483
MDD,stage4_apa,rs13400161,NM_001371275.1|IKZF2|chr2:212999698-213008084|-,0.000869282350932292,295
MDD,stage2_apa,rs13400161,NM_001025436.3|SPAG16|chr2:213317219-213317985|+,0.000155879346953706,47
MDD,stage1_apa,rs13400161,NM_001025436.3|SPAG16|chr2:213317219-213317985|+,0.000121336960106156,47
MDD,stage3_apa,rs13400161,NM_001025436.3|SPAG16|chr2:213317219-213317985|+,9.70780553135626e-05,47
MDD,stage2_apa,rs13400161,NM_006055.3|LANCL1|chr2:210431251-210434563|-,8.57411779233836e-05,137
MDD,stage1_apa,rs13400161,NM_006055.3|LANCL1|chr2:210431251-210434563|-,8.51930962688503e-05,137
MDD,stage3_apa,rs13400161,NM_006055.3|LANCL1|chr2:210431251-210434563|-,7.34794298548842e-05,137
MDD,stage4_apa,rs13400161,NM_006055.3|LANCL1|chr2:210431251-210434563|-,6.6451954248185e-05,120
MDD,stage4_apa,rs13400161,NM_001025436.3|SPAG16|chr2:213317219-213317985|+,4.77696736269748e-05,43
