GWAS_ID,QTL_ID,Locus,Gene,PP4,n_snps
MDD,stage4_apa,rs10119773,XM_017014426.2|ELAVL2|chr9:23690104-23692887|-,0.200261424170505,1069
MDD,stage4_apa,rs10119773,XM_047422912.1|ELAVL2|chr9:23690104-23692884|-,0.166424486973824,1069
MDD,stage2_apa,rs10119773,XM_047422912.1|ELAVL2|chr9:23690104-23692884|-,0.103488737253905,1250
MDD,stage2_apa,rs10119773,XM_017014426.2|ELAVL2|chr9:23690104-23692887|-,0.10256090793967,1250
MDD,stage1_apa,rs10119773,XM_017014426.2|ELAVL2|chr9:23690104-23692887|-,0.0662097315439126,1250
MDD,stage1_apa,rs10119773,XM_047422912.1|ELAVL2|chr9:23690104-23692884|-,0.0644922362682979,1250
MDD,stage3_apa,rs10119773,XM_017014426.2|ELAVL2|chr9:23690104-23692887|-,0.0552197760815815,1250
MDD,stage3_apa,rs10119773,XM_047422912.1|ELAVL2|chr9:23690104-23692884|-,0.0550179677490157,1250
