GWAS_ID,QTL_ID,Locus,Gene,PP4,n_snps
MDD,stage2_apa,rs2744475,NM_000255.4|MMUT|chr6:49430360-49431856|-,0.000381780185666329,146
MDD,stage3_apa,rs2744475,NM_000255.4|MMUT|chr6:49430360-49431856|-,0.00032462196114174,146
MDD,stage2_apa,rs2744475,NM_001366373.2|MCM3|chr6:52264015-52264786|-,0.000276703120631958,112
MDD,stage1_apa,rs2744475,NM_001366373.2|MCM3|chr6:52264015-52264786|-,0.000251876141361104,112
MDD,stage3_apa,rs2744475,NM_001366373.2|MCM3|chr6:52264015-52264786|-,0.000248351789904907,112
MDD,stage1_apa,rs2744475,NM_000255.4|MMUT|chr6:49430360-49431856|-,0.000195251132885272,146
MDD,stage4_apa,rs2744475,NM_000255.4|MMUT|chr6:49430360-49431856|-,0.000165926968847089,135
MDD,stage4_apa,rs2744475,NM_001366373.2|MCM3|chr6:52264015-52264786|-,0.000135887930094973,51
