GWAS_ID,QTL_ID,Locus,Gene,PP4,n_snps
MDD,stage1_apa,rs1602401,NM_001146319.3|GRAMD2B|chr5:126492915-126494364|+,0.125409471352994,1488
MDD,stage1_apa,rs1602401,NM_001201377.2|ALDH7A1|chr5:126541841-126545019|-,0.0929830136640483,1391
MDD,stage1_apa,rs1602401,XM_047417610.1|GRAMD2B|chr5:126490282-126494161|+,0.0797712028581575,1494
MDD,stage4_apa,rs1602401,NM_001201377.2|ALDH7A1|chr5:126541841-126545019|-,0.0766018453719378,1131
MDD,stage3_apa,rs1602401,NM_032177.4|PHAX|chr5:126624575-126627252|+,0.0742279529796442,1263
MDD,stage1_apa,rs1602401,XM_047417608.1|GRAMD2B|chr5:126490282-126491787|+,0.0721352540663775,1494
MDD,stage1_apa,rs1602401,NM_032177.4|PHAX|chr5:126624575-126627252|+,0.0716752028308097,1263
MDD,stage2_apa,rs1602401,NM_032177.4|PHAX|chr5:126624575-126627252|+,0.0695919010785831,1263
MDD,stage2_apa,rs1602401,NM_001201377.2|ALDH7A1|chr5:126541841-126545019|-,0.0675708614233032,1391
MDD,stage2_apa,rs1602401,XM_047417608.1|GRAMD2B|chr5:126490282-126491787|+,0.0674227563980962,1494
MDD,stage2_apa,rs1602401,NM_001146319.3|GRAMD2B|chr5:126492915-126494364|+,0.0667473204775994,1488
MDD,stage2_apa,rs1602401,XM_047417610.1|GRAMD2B|chr5:126490282-126494161|+,0.0666398546973242,1494
MDD,stage3_apa,rs1602401,XM_047417610.1|GRAMD2B|chr5:126490282-126494161|+,0.0617664462341696,1494
MDD,stage2_apa,rs1602401,XM_011543523.3|ZNF608|chr5:124636915-124637906|-,0.0606848432626148,590
MDD,stage3_apa,rs1602401,NM_001146319.3|GRAMD2B|chr5:126492915-126494364|+,0.0604037835866605,1488
MDD,stage1_apa,rs1602401,XM_011543523.3|ZNF608|chr5:124636915-124637906|-,0.0602559536081336,590
MDD,stage3_apa,rs1602401,XM_047417608.1|GRAMD2B|chr5:126490282-126491787|+,0.0575815766386944,1494
MDD,stage4_apa,rs1602401,XM_047417610.1|GRAMD2B|chr5:126490282-126494161|+,0.0544303688949416,1216
MDD,stage4_apa,rs1602401,NM_001146319.3|GRAMD2B|chr5:126492915-126494364|+,0.0534972489258235,1213
MDD,stage3_apa,rs1602401,NM_001201377.2|ALDH7A1|chr5:126541841-126545019|-,0.0528857346342407,1391
MDD,stage3_apa,rs1602401,XM_011543523.3|ZNF608|chr5:124636915-124637906|-,0.0528099503616961,590
MDD,stage4_apa,rs1602401,XM_047417608.1|GRAMD2B|chr5:126490282-126491787|+,0.0463315003135723,1216
MDD,stage4_apa,rs1602401,XM_011543523.3|ZNF608|chr5:124636915-124637906|-,0.0450287905037296,470
MDD,stage4_apa,rs1602401,NM_032177.4|PHAX|chr5:126624575-126627252|+,0.0448324374865523,1055
