GWAS_ID,QTL_ID,Locus,Gene,PP4,n_snps
MDD,stage2_apa,rs7989707,NM_004466.6|GPC5|chr13:92866282-92867237|+,0.0848223996669952,1918
MDD,stage3_apa,rs7989707,NM_004466.6|GPC5|chr13:92866282-92867237|+,0.0747337414378472,1918
MDD,stage1_apa,rs7989707,NM_004466.6|GPC5|chr13:92866282-92867237|+,0.0649516298642635,1918
MDD,stage4_apa,rs7989707,NM_004466.6|GPC5|chr13:92866282-92867237|+,0.0501322618525706,1735
MDD,stage3_apa,rs7989707,NM_180989.6|GPR180|chr13:94627013-94634661|+,0.000212196223771837,416
MDD,stage2_apa,rs7989707,NM_180989.6|GPR180|chr13:94627013-94634661|+,0.000196285460302272,416
MDD,stage3_apa,rs7989707,NM_007084.4|SOX21|chr13:94709622-94712545|-,0.000179784686556527,337
MDD,stage2_apa,rs7989707,NR_158368.1|LOC112268114|chr13:94712720-94713262|-,0.000168578267983343,333
MDD,stage1_apa,rs7989707,NM_180989.6|GPR180|chr13:94627013-94634661|+,0.000142146668533391,416
MDD,stage1_apa,rs7989707,NM_007084.4|SOX21|chr13:94709622-94712545|-,0.000136548305464908,337
MDD,stage2_apa,rs7989707,NM_007084.4|SOX21|chr13:94709622-94712545|-,0.000134911030153199,337
MDD,stage1_apa,rs7989707,NR_158368.1|LOC112268114|chr13:94712720-94713262|-,0.000125796046711838,333
MDD,stage3_apa,rs7989707,NR_158368.1|LOC112268114|chr13:94712720-94713262|-,0.000111549188550798,333
MDD,stage4_apa,rs7989707,NM_180989.6|GPR180|chr13:94627013-94634661|+,0.000104853276197311,350
MDD,stage4_apa,rs7989707,NR_158368.1|LOC112268114|chr13:94712720-94713262|-,8.08515986193038e-05,272
MDD,stage4_apa,rs7989707,NM_007084.4|SOX21|chr13:94709622-94712545|-,7.97422280910786e-05,275
