GWAS_ID,QTL_ID,Locus,Gene,PP4,n_snps
MDD,stage2_apa,rs1117030,XM_047420928.1|IMMP2L|chr7:110662644-110663721|-,0.0848206103976922,1438
MDD,stage2_apa,rs1117030,NM_018334.5|LRRN3|chr7:111122415-111125454|+,0.0755675665739112,1264
MDD,stage1_apa,rs1117030,NM_018334.5|LRRN3|chr7:111122415-111125454|+,0.0687779614561087,1264
MDD,stage1_apa,rs1117030,XM_047420928.1|IMMP2L|chr7:110662644-110663721|-,0.0622597090250191,1438
MDD,stage3_apa,rs1117030,XM_047420928.1|IMMP2L|chr7:110662644-110663721|-,0.0496421824393575,1438
MDD,stage3_apa,rs1117030,NM_018334.5|LRRN3|chr7:111122415-111125454|+,0.0490032137258702,1264
MDD,stage4_apa,rs1117030,NM_018334.5|LRRN3|chr7:111122415-111125454|+,0.0412857509135065,1010
MDD,stage4_apa,rs1117030,XM_047420928.1|IMMP2L|chr7:110662644-110663721|-,0.0375564319206895,1182
MDD,stage2_apa,rs1117030,NR_103806.1|DOCK4-AS1|chr7:111819378-111821779|+,0.00705531387845023,219
MDD,stage4_apa,rs1117030,NR_103806.1|DOCK4-AS1|chr7:111819378-111821779|+,0.00477367172584707,207
MDD,stage2_apa,rs1117030,XM_017012820.2|DOCK4|chr7:111726110-111728720|-,0.00396727482405099,356
MDD,stage1_apa,rs1117030,NR_103806.1|DOCK4-AS1|chr7:111819378-111821779|+,0.00386700517197502,219
MDD,stage1_apa,rs1117030,XM_017012820.2|DOCK4|chr7:111726110-111728720|-,0.00369596169977055,356
MDD,stage3_apa,rs1117030,XM_017012820.2|DOCK4|chr7:111726110-111728720|-,0.00343386922771528,356
MDD,stage3_apa,rs1117030,NR_103806.1|DOCK4-AS1|chr7:111819378-111821779|+,0.00324579022956133,219
MDD,stage4_apa,rs1117030,XM_017012820.2|DOCK4|chr7:111726110-111728720|-,0.00271478945505261,295
