GWAS_ID,QTL_ID,Locus,Gene,PP4,n_snps
MDD,stage4_apa,rs1620977,NM_173808.3|NEGR1|chr1:71395943-71407570|-,0.215096790098171,528
MDD,stage3_apa,rs1620977,NM_173808.3|NEGR1|chr1:71395943-71407570|-,0.0855429004390049,663
MDD,stage2_apa,rs1620977,NM_173808.3|NEGR1|chr1:71395943-71407570|-,0.0800828951881738,663
MDD,stage1_apa,rs1620977,NM_173808.3|NEGR1|chr1:71395943-71407570|-,0.0764997732485014,663
MDD,stage1_apa,rs1620977,NR_038420.1|ZRANB2-AS1|chr1:71066766-71067184|+,0.0210715109407073,411
MDD,stage2_apa,rs1620977,NR_038420.1|ZRANB2-AS1|chr1:71066766-71067184|+,0.020783141858368,411
MDD,stage3_apa,rs1620977,XM_047434733.1|ZRANB2|chr1:71063291-71065752|-,0.020705636744389,407
MDD,stage4_apa,rs1620977,NM_005455.5|ZRANB2|chr1:71063291-71065137|-,0.0196615366699457,382
MDD,stage1_apa,rs1620977,XM_047434733.1|ZRANB2|chr1:71063291-71065752|-,0.0194338683045613,407
MDD,stage2_apa,rs1620977,XM_047434733.1|ZRANB2|chr1:71063291-71065752|-,0.0181255232074366,407
MDD,stage1_apa,rs1620977,NM_005455.5|ZRANB2|chr1:71063291-71065137|-,0.0179613597118984,405
MDD,stage3_apa,rs1620977,NR_038420.1|ZRANB2-AS1|chr1:71066766-71067184|+,0.0173773688388447,411
MDD,stage2_apa,rs1620977,NM_005455.5|ZRANB2|chr1:71063291-71065137|-,0.0169091713202237,405
MDD,stage3_apa,rs1620977,NM_005455.5|ZRANB2|chr1:71063291-71065137|-,0.0148664864245962,405
MDD,stage4_apa,rs1620977,NR_038420.1|ZRANB2-AS1|chr1:71066766-71067184|+,0.0115587721835796,388
MDD,stage4_apa,rs1620977,XM_047434733.1|ZRANB2|chr1:71063291-71065752|-,0.00949249989530161,384
