GWAS_ID,QTL_ID,Locus,Gene,PP4,n_snps
MDD,stage2_apa,rs17656030,NM_001308020.2|PIK3C3|chr18:42081123-42087830|+,0.0814758147949045,1168
MDD,stage1_apa,rs17656030,NM_001308020.2|PIK3C3|chr18:42081123-42087830|+,0.0694958886067285,1168
MDD,stage3_apa,rs17656030,NM_001308020.2|PIK3C3|chr18:42081123-42087830|+,0.0621470766488017,1168
MDD,stage4_apa,rs17656030,NM_001308020.2|PIK3C3|chr18:42081123-42087830|+,0.0489120431285742,1051
MDD,stage1_apa,rs17656030,NM_001272077.2|RIT2|chr18:42743227-42743720|-,0.00101419391047316,604
MDD,stage2_apa,rs17656030,NM_001272077.2|RIT2|chr18:42743227-42743720|-,0.000751998842630346,604
MDD,stage3_apa,rs17656030,NM_001272077.2|RIT2|chr18:42743227-42743720|-,0.000617176086144836,604
MDD,stage4_apa,rs17656030,NM_001272077.2|RIT2|chr18:42743227-42743720|-,0.000605460697841618,555
