GWAS_ID,QTL_ID,Locus,Gene,PP4,n_snps
MDD,stage3_apa,rs10206116,XM_011510360.3|NBAS|chr2:15166916-15167323|-,0.1834441798644,1816
MDD,stage4_apa,rs10206116,NM_004939.3|DDX1|chr2:15630776-15631101|+,0.105792892804912,1682
MDD,stage1_apa,rs10206116,NM_004939.3|DDX1|chr2:15630776-15631101|+,0.0923118798460582,1816
MDD,stage1_apa,rs10206116,XM_011510360.3|NBAS|chr2:15166916-15167323|-,0.0921018636550205,1816
MDD,stage3_apa,rs10206116,NM_145175.4|LRATD1|chr2:14633944-14640041|+,0.0897975561714853,1436
MDD,stage2_apa,rs10206116,NR_144632.2|LRATD1|chr2:14649539-14651916|+,0.0817114345258564,1469
MDD,stage1_apa,rs10206116,NM_145175.4|LRATD1|chr2:14633944-14640041|+,0.0715742368251219,1436
MDD,stage1_apa,rs10206116,NR_144632.2|LRATD1|chr2:14649539-14651916|+,0.0705494874905582,1469
MDD,stage2_apa,rs10206116,NM_145175.4|LRATD1|chr2:14633944-14640041|+,0.0693519742917521,1436
MDD,stage2_apa,rs10206116,XM_011510360.3|NBAS|chr2:15166916-15167323|-,0.0676298421653535,1816
MDD,stage2_apa,rs10206116,NM_004939.3|DDX1|chr2:15630776-15631101|+,0.066691101075287,1816
MDD,stage4_apa,rs10206116,XM_011510360.3|NBAS|chr2:15166916-15167323|-,0.0639531031671148,1682
MDD,stage3_apa,rs10206116,NM_004939.3|DDX1|chr2:15630776-15631101|+,0.0616870493545995,1816
MDD,stage3_apa,rs10206116,NR_144632.2|LRATD1|chr2:14649539-14651916|+,0.061275954785398,1469
MDD,stage4_apa,rs10206116,NM_145175.4|LRATD1|chr2:14633944-14640041|+,0.056137674489982,1323
MDD,stage4_apa,rs10206116,NR_144632.2|LRATD1|chr2:14649539-14651916|+,0.055075346387212,1348
MDD,stage3_apa,rs10206116,XM_047445945.1|CYRIA|chr2:16549459-16552999|-,0.00102337423973311,569
MDD,stage1_apa,rs10206116,XM_047445945.1|CYRIA|chr2:16549459-16552999|-,0.000825158186842267,569
MDD,stage2_apa,rs10206116,XM_047445945.1|CYRIA|chr2:16549459-16552999|-,0.000727854658447925,569
MDD,stage4_apa,rs10206116,XM_047445945.1|CYRIA|chr2:16549459-16552999|-,0.000509325592268573,525
