GWAS_ID,QTL_ID,Locus,Gene,PP4,n_snps
MDD,stage2_apa,rs9310220,NM_001244812.3|FOXP1|chr3:70954708-70959391|-,0.100668685243439,936
MDD,stage2_apa,rs9310220,XM_047448064.1|EIF4E3|chr3:71675414-71684728|-,0.096785687225419,1468
MDD,stage2_apa,rs9310220,NM_018971.3|GPR27|chr3:71753855-71756496|+,0.0865030568824168,1468
MDD,stage2_apa,rs9310220,NM_001134650.1|EIF4E3|chr3:71679289-71684728|-,0.0859476942337703,1468
MDD,stage3_apa,rs9310220,NM_001244812.3|FOXP1|chr3:70954708-70959391|-,0.0837103802597168,936
MDD,stage1_apa,rs9310220,NM_001244812.3|FOXP1|chr3:70954708-70959391|-,0.0795113892091785,936
MDD,stage3_apa,rs9310220,NM_012234.7|RYBP|chr3:72374597-72378637|-,0.0781130800955485,1220
MDD,stage4_apa,rs9310220,NM_018971.3|GPR27|chr3:71753855-71756496|+,0.0767048789043694,1160
MDD,stage1_apa,rs9310220,NM_012234.7|RYBP|chr3:72374597-72378637|-,0.0758028594911789,1220
MDD,stage4_apa,rs9310220,NM_001134650.1|EIF4E3|chr3:71679289-71684728|-,0.075205798360822,1160
MDD,stage1_apa,rs9310220,XM_047448064.1|EIF4E3|chr3:71675414-71684728|-,0.0751690742672367,1468
MDD,stage2_apa,rs9310220,NM_012234.7|RYBP|chr3:72374597-72378637|-,0.0751382241881002,1220
MDD,stage3_apa,rs9310220,XM_047448064.1|EIF4E3|chr3:71675414-71684728|-,0.0736095756508056,1468
MDD,stage1_apa,rs9310220,NM_018971.3|GPR27|chr3:71753855-71756496|+,0.0735714199659908,1468
MDD,stage1_apa,rs9310220,NM_001134650.1|EIF4E3|chr3:71679289-71684728|-,0.0729063803596369,1468
MDD,stage3_apa,rs9310220,NM_018971.3|GPR27|chr3:71753855-71756496|+,0.0703886870948476,1468
MDD,stage3_apa,rs9310220,NM_001134650.1|EIF4E3|chr3:71679289-71684728|-,0.069072145280056,1468
MDD,stage4_apa,rs9310220,NM_012234.7|RYBP|chr3:72374597-72378637|-,0.0462946102730213,958
MDD,stage4_apa,rs9310220,NM_001244812.3|FOXP1|chr3:70954708-70959391|-,0.0461397525410227,720
MDD,stage4_apa,rs9310220,XM_047448064.1|EIF4E3|chr3:71675414-71684728|-,0.0452131889100147,1160
MDD,stage3_apa,rs9310220,NM_001318026.2|PPP4R2|chr3:73065397-73069198|+,0.000121341937802869,234
MDD,stage1_apa,rs9310220,NM_001318026.2|PPP4R2|chr3:73065397-73069198|+,0.000115583104082406,234
MDD,stage2_apa,rs9310220,NM_001318026.2|PPP4R2|chr3:73065397-73069198|+,0.000110667595050689,234
MDD,stage4_apa,rs9310220,NM_001318026.2|PPP4R2|chr3:73065397-73069198|+,5.39596147113234e-05,166
