GWAS_ID,QTL_ID,Locus,Gene,PP4,n_snps
MDD,stage3_apa,rs62097939,XM_047437311.1|DCC|chr18:53530564-53534195|+,0.14304648997256,1720
MDD,stage4_apa,rs62097939,NM_001351616.1|POLI|chr18:54293649-54298234|+,0.0873814781865968,437
MDD,stage1_apa,rs62097939,XM_047437311.1|DCC|chr18:53530564-53534195|+,0.0852965792826016,1720
MDD,stage2_apa,rs62097939,NM_001351616.1|POLI|chr18:54293649-54298234|+,0.0851529899647994,465
MDD,stage2_apa,rs62097939,NM_003927.5|MBD2|chr18:54151606-54155311|-,0.0818626080514285,570
MDD,stage2_apa,rs62097939,XM_047437311.1|DCC|chr18:53530564-53534195|+,0.080979966735133,1720
MDD,stage3_apa,rs62097939,NM_003927.5|MBD2|chr18:54151606-54155311|-,0.0804290751609566,570
MDD,stage3_apa,rs62097939,NM_001351616.1|POLI|chr18:54293649-54298234|+,0.0800628342222172,465
MDD,stage1_apa,rs62097939,NM_001351616.1|POLI|chr18:54293649-54298234|+,0.0783078119413954,465
MDD,stage1_apa,rs62097939,NM_003927.5|MBD2|chr18:54151606-54155311|-,0.0776348897046064,570
MDD,stage4_apa,rs62097939,XM_047437311.1|DCC|chr18:53530564-53534195|+,0.0504799358157002,1370
MDD,stage4_apa,rs62097939,NM_003927.5|MBD2|chr18:54151606-54155311|-,0.0501102982877156,495
