GWAS_ID,QTL_ID,Locus,Gene,PP4,n_snps
MDD,stage4_apa,rs12498839,NM_021928.4|SPCS3|chr4:176328198-176332245|+,0.133558285104822,1068
MDD,stage4_apa,rs12498839,NR_125901.1|GPM6A-DT|chr4:175811860-175812189|+,0.0639830285339767,1068
MDD,stage4_apa,rs12498839,NM_001378106.1|WDR17|chr4:176179460-176182815|+,0.0371289466566237,1068
MDD,stage4_apa,rs12498839,NM_001388091.1|GPM6A|chr4:175632937-175635057|-,0.0363499772023595,1068
MDD,stage4_apa,rs12498839,XM_047416197.1|GLRA3|chr4:174636920-174644064|-,0.000136720664704341,131
