GWAS_ID,QTL_ID,Locus,Gene,PP4,n_snps
MDD,stage2_apa,rs72931605,XM_017003577.3|ERBB4|chr2:211375717-211384060|-,0.072161375465108,1745
MDD,stage1_apa,rs72931605,XM_017003577.3|ERBB4|chr2:211375717-211384060|-,0.0645932356402065,1745
MDD,stage3_apa,rs72931605,XM_017003577.3|ERBB4|chr2:211375717-211384060|-,0.061600760240166,1745
MDD,stage4_apa,rs72931605,XM_017003577.3|ERBB4|chr2:211375717-211384060|-,0.0600708957123737,1318
MDD,stage1_apa,rs72931605,NM_001371275.1|IKZF2|chr2:212999698-213008084|-,0.00261612121819808,460
MDD,stage2_apa,rs72931605,NM_001371275.1|IKZF2|chr2:212999698-213008084|-,0.00185468867523414,460
MDD,stage3_apa,rs72931605,NM_001371275.1|IKZF2|chr2:212999698-213008084|-,0.00165662722415288,460
MDD,stage4_apa,rs72931605,NM_001371275.1|IKZF2|chr2:212999698-213008084|-,0.000869687085376637,275
MDD,stage2_apa,rs72931605,NM_001025436.3|SPAG16|chr2:213317219-213317985|+,0.000147584631816527,24
MDD,stage1_apa,rs72931605,NM_006055.3|LANCL1|chr2:210431251-210434563|-,0.000117285644071553,176
MDD,stage1_apa,rs72931605,NM_001025436.3|SPAG16|chr2:213317219-213317985|+,0.000113025622211083,24
MDD,stage2_apa,rs72931605,NM_006055.3|LANCL1|chr2:210431251-210434563|-,0.000111940332982427,176
MDD,stage3_apa,rs72931605,NM_006055.3|LANCL1|chr2:210431251-210434563|-,0.000102073744616935,176
MDD,stage4_apa,rs72931605,NM_006055.3|LANCL1|chr2:210431251-210434563|-,9.62134719647973e-05,152
MDD,stage3_apa,rs72931605,NM_001025436.3|SPAG16|chr2:213317219-213317985|+,9.12199854125984e-05,24
MDD,stage4_apa,rs72931605,NM_001025436.3|SPAG16|chr2:213317219-213317985|+,4.6345158067593e-05,23
