GWAS_ID,QTL_ID,Locus,Gene,PP4,n_snps
MDD,stage3_apa,rs17488531,XM_047437311.1|DCC|chr18:53530564-53534195|+,0.142069993775293,1556
MDD,stage4_apa,rs17488531,NM_001351616.1|POLI|chr18:54293649-54298234|+,0.0873699642224017,646
MDD,stage1_apa,rs17488531,XM_047437311.1|DCC|chr18:53530564-53534195|+,0.0858774420270301,1556
MDD,stage2_apa,rs17488531,NM_001351616.1|POLI|chr18:54293649-54298234|+,0.0834766077232919,733
MDD,stage2_apa,rs17488531,XM_047437311.1|DCC|chr18:53530564-53534195|+,0.0822210411093439,1556
MDD,stage2_apa,rs17488531,NM_003927.5|MBD2|chr18:54151606-54155311|-,0.080448243088554,838
MDD,stage3_apa,rs17488531,NM_003927.5|MBD2|chr18:54151606-54155311|-,0.0790875828320313,838
MDD,stage3_apa,rs17488531,NM_001351616.1|POLI|chr18:54293649-54298234|+,0.0784049629350122,733
MDD,stage1_apa,rs17488531,NM_001351616.1|POLI|chr18:54293649-54298234|+,0.0776551077597761,733
MDD,stage1_apa,rs17488531,NM_003927.5|MBD2|chr18:54151606-54155311|-,0.076978579025101,838
MDD,stage4_apa,rs17488531,NM_003927.5|MBD2|chr18:54151606-54155311|-,0.0510893042161095,704
MDD,stage4_apa,rs17488531,XM_047437311.1|DCC|chr18:53530564-53534195|+,0.0491724832244152,1309
