GWAS_ID,QTL_ID,Locus,Gene,PP4,n_snps
MDD,stage1_apa,rs62047044,NM_020927.3|VAT1L|chr16:77977597-77980107|+,0.0967820329100595,2130
MDD,stage4_apa,rs62047044,XM_047434819.1|CNTNAP4|chr16:76489640-76489857|+,0.0960518148132528,1951
MDD,stage3_apa,rs62047044,NR_120435.2|WWOX|chr16:78099654-78100199|+,0.0914585167967329,1778
MDD,stage3_apa,rs62047044,NM_001286640.2|MON1B|chr16:77198108-77202398|+,0.0839091821824023,2902
MDD,stage2_apa,rs62047044,NR_120435.2|WWOX|chr16:78099654-78100199|+,0.0836533673236133,1778
MDD,stage1_apa,rs62047044,XM_047434819.1|CNTNAP4|chr16:76489640-76489857|+,0.079597988050031,2345
MDD,stage2_apa,rs62047044,NM_001322191.2|CNTNAP4|chr16:76558490-76560757|+,0.0715656913466159,2589
MDD,stage4_apa,rs62047044,NM_020927.3|VAT1L|chr16:77977597-77980107|+,0.068130180558205,1724
MDD,stage2_apa,rs62047044,NM_020927.3|VAT1L|chr16:77977597-77980107|+,0.0664059336601074,2130
MDD,stage2_apa,rs62047044,XM_047434819.1|CNTNAP4|chr16:76489640-76489857|+,0.0660929793774814,2345
MDD,stage1_apa,rs62047044,NM_001286640.2|MON1B|chr16:77198108-77202398|+,0.0625171758113032,2902
MDD,stage1_apa,rs62047044,NR_120435.2|WWOX|chr16:78099654-78100199|+,0.0624585112901844,1778
MDD,stage1_apa,rs62047044,NM_001322191.2|CNTNAP4|chr16:76558490-76560757|+,0.0597856899383991,2589
MDD,stage3_apa,rs62047044,XM_047434819.1|CNTNAP4|chr16:76489640-76489857|+,0.0594911473357615,2345
MDD,stage2_apa,rs62047044,NM_001286640.2|MON1B|chr16:77198108-77202398|+,0.0591409057705861,2902
MDD,stage3_apa,rs62047044,NM_001322191.2|CNTNAP4|chr16:76558490-76560757|+,0.0567036006322391,2589
MDD,stage3_apa,rs62047044,NM_020927.3|VAT1L|chr16:77977597-77980107|+,0.0550447490502394,2130
MDD,stage4_apa,rs62047044,NM_001322191.2|CNTNAP4|chr16:76558490-76560757|+,0.0536977710939282,2168
MDD,stage4_apa,rs62047044,NR_120435.2|WWOX|chr16:78099654-78100199|+,0.0498050843188536,1465
MDD,stage4_apa,rs62047044,NM_001286640.2|MON1B|chr16:77198108-77202398|+,0.0469183503686875,2348
