GWAS_ID,QTL_ID,Locus,Gene,PP4,n_snps
MDD,stage2_apa,rs144727871,NM_015946.5|PELO|chr5:52801409-52804044|+,0.0302990430520546,1686
MDD,stage2_apa,rs144727871,NM_004531.5|MOCS2|chr5:53095679-53098667|-,0.0269551313171585,1403
MDD,stage1_apa,rs144727871,NM_015946.5|PELO|chr5:52801409-52804044|+,0.0243918803719046,1686
MDD,stage3_apa,rs144727871,NM_015946.5|PELO|chr5:52801409-52804044|+,0.0234985057222733,1686
MDD,stage1_apa,rs144727871,NM_004531.5|MOCS2|chr5:53095679-53098667|-,0.0232768709512193,1403
MDD,stage3_apa,rs144727871,NM_004531.5|MOCS2|chr5:53095679-53098667|-,0.0222683374808926,1403
MDD,stage4_apa,rs144727871,NM_015946.5|PELO|chr5:52801409-52804044|+,0.0176340768575694,1593
MDD,stage4_apa,rs144727871,NM_004531.5|MOCS2|chr5:53095679-53098667|-,0.016038778692613,1331
MDD,stage2_apa,rs144727871,NM_001318051.2|NDUFS4|chr5:53683118-53683338|+,0.000474423396647952,558
MDD,stage1_apa,rs144727871,NM_001318051.2|NDUFS4|chr5:53683118-53683338|+,0.000354174323704516,558
MDD,stage3_apa,rs144727871,NM_001318051.2|NDUFS4|chr5:53683118-53683338|+,0.000337849665281042,558
MDD,stage4_apa,rs144727871,NM_001318051.2|NDUFS4|chr5:53683118-53683338|+,0.000268289414229738,530
MDD,stage2_apa,rs144727871,XM_011543498.3|ARL15|chr5:53883942-53886713|-,2.05774845708494e-05,41
MDD,stage1_apa,rs144727871,XM_011543498.3|ARL15|chr5:53883942-53886713|-,1.79743556859962e-05,41
MDD,stage3_apa,rs144727871,XM_011543498.3|ARL15|chr5:53883942-53886713|-,1.66415176915309e-05,41
MDD,stage4_apa,rs144727871,XM_011543498.3|ARL15|chr5:53883942-53886713|-,3.8322085996123e-06,36
