GWAS_ID,QTL_ID,Locus,Gene,PP4,n_snps
MDD,stage3_apa,rs6424555,NM_003838.5|FPGT|chr1:74204391-74208702|+,0.185004727736302,1085
MDD,stage4_apa,rs6424555,NM_003838.5|FPGT|chr1:74204391-74208702|+,0.140569285197823,932
MDD,stage4_apa,rs6424555,NM_001199329.3|FPGT|chr1:74205208-74208702|+,0.0993353901231076,931
MDD,stage2_apa,rs6424555,NM_001199329.3|FPGT|chr1:74205208-74208702|+,0.0933032198102057,1084
MDD,stage2_apa,rs6424555,NM_001002912.5|ERICH3|chr1:74568123-74570439|-,0.0926717788751296,668
MDD,stage3_apa,rs6424555,NM_001199329.3|FPGT|chr1:74205208-74208702|+,0.0908657713046848,1084
MDD,stage1_apa,rs6424555,NM_001199329.3|FPGT|chr1:74205208-74208702|+,0.0775043593061366,1084
MDD,stage2_apa,rs6424555,NM_003838.5|FPGT|chr1:74204391-74208702|+,0.0750833029152268,1085
MDD,stage2_apa,rs6424555,XM_017000276.2|ERICH3|chr1:74571099-74573491|-,0.0712139074699506,667
MDD,stage1_apa,rs6424555,NM_001002912.5|ERICH3|chr1:74568123-74570439|-,0.0709220107586558,668
MDD,stage1_apa,rs6424555,XM_017000276.2|ERICH3|chr1:74571099-74573491|-,0.0704066008580554,667
MDD,stage3_apa,rs6424555,XM_017000276.2|ERICH3|chr1:74571099-74573491|-,0.0657980830397826,667
MDD,stage1_apa,rs6424555,NM_003838.5|FPGT|chr1:74204391-74208702|+,0.0650671819934968,1085
MDD,stage3_apa,rs6424555,NM_001002912.5|ERICH3|chr1:74568123-74570439|-,0.0538269913158497,668
MDD,stage4_apa,rs6424555,NM_001002912.5|ERICH3|chr1:74568123-74570439|-,0.0469378424823809,545
MDD,stage4_apa,rs6424555,XM_017000276.2|ERICH3|chr1:74571099-74573491|-,0.0460036709941803,544
MDD,stage3_apa,rs6424555,XM_011540747.3|CRYZ|chr1:74705486-74706457|-,0.00308730453618988,461
MDD,stage1_apa,rs6424555,NM_001162916.2|TYW3|chr1:74763894-74766677|+,0.00296884775545939,388
MDD,stage2_apa,rs6424555,XM_011540747.3|CRYZ|chr1:74705486-74706457|-,0.00285430142056066,461
MDD,stage2_apa,rs6424555,NM_001162916.2|TYW3|chr1:74763894-74766677|+,0.00266136095770039,388
MDD,stage1_apa,rs6424555,XM_011540747.3|CRYZ|chr1:74705486-74706457|-,0.00245457696540247,461
MDD,stage3_apa,rs6424555,NM_001162916.2|TYW3|chr1:74763894-74766677|+,0.00227020445557801,388
MDD,stage4_apa,rs6424555,NM_001162916.2|TYW3|chr1:74763894-74766677|+,0.00208298356671826,282
MDD,stage4_apa,rs6424555,XM_011540747.3|CRYZ|chr1:74705486-74706457|-,0.00135849296493606,345
