GWAS_ID,QTL_ID,Locus,Gene,PP4,n_snps
MDD,stage2_apa,rs62268946,NR_024241.1|FAM86DP|chr3:75421552-75423061|-,0.184714625446399,771
MDD,stage4_apa,rs62268946,NM_001128223.3|ZNF717|chr3:75738363-75739345|-,0.134006548857097,942
MDD,stage4_apa,rs62268946,XM_024453284.2|ZNF717|chr3:75738363-75739345|-,0.134006548857097,942
MDD,stage2_apa,rs62268946,NM_001128223.3|ZNF717|chr3:75738363-75739345|-,0.104254712137249,1097
MDD,stage2_apa,rs62268946,XM_024453284.2|ZNF717|chr3:75738363-75739345|-,0.104254712137249,1097
MDD,stage2_apa,rs62268946,XR_007095965.1|LOC124900544|chr3:76352213-76357422|+,0.0990216044372154,1097
MDD,stage3_apa,rs62268946,XM_011533246.4|ZNF717|chr3:75729961-75732121|-,0.094060298731106,1097
MDD,stage4_apa,rs62268946,XM_011533246.4|ZNF717|chr3:75729961-75732121|-,0.0938708673119049,942
MDD,stage3_apa,rs62268946,XR_007095965.1|LOC124900544|chr3:76352213-76357422|+,0.0828455043906178,1097
MDD,stage1_apa,rs62268946,XR_001740451.1|LOC102724949|chr3:76710567-76711378|+,0.0795491533945096,1097
MDD,stage1_apa,rs62268946,XM_011533246.4|ZNF717|chr3:75729961-75732121|-,0.0707649427094021,1097
MDD,stage2_apa,rs62268946,XR_001740451.1|LOC102724949|chr3:76710567-76711378|+,0.0706203391850433,1097
MDD,stage1_apa,rs62268946,NR_024241.1|FAM86DP|chr3:75421552-75423061|-,0.0701646043537525,771
MDD,stage1_apa,rs62268946,NM_001128223.3|ZNF717|chr3:75738363-75739345|-,0.0686217738400947,1097
MDD,stage1_apa,rs62268946,XM_024453284.2|ZNF717|chr3:75738363-75739345|-,0.0686217738400947,1097
MDD,stage2_apa,rs62268946,XM_011533246.4|ZNF717|chr3:75729961-75732121|-,0.0685247158907681,1097
MDD,stage1_apa,rs62268946,XR_007095965.1|LOC124900544|chr3:76352213-76357422|+,0.0680759560699732,1097
MDD,stage4_apa,rs62268946,XR_001740451.1|LOC102724949|chr3:76710567-76711378|+,0.0613266054109876,942
MDD,stage4_apa,rs62268946,NR_024241.1|FAM86DP|chr3:75421552-75423061|-,0.0594690165335618,653
MDD,stage3_apa,rs62268946,NR_024241.1|FAM86DP|chr3:75421552-75423061|-,0.0590587001361335,771
MDD,stage3_apa,rs62268946,XR_001740451.1|LOC102724949|chr3:76710567-76711378|+,0.0575792766926652,1097
MDD,stage3_apa,rs62268946,NM_001128223.3|ZNF717|chr3:75738363-75739345|-,0.0557219899834641,1097
MDD,stage3_apa,rs62268946,XM_024453284.2|ZNF717|chr3:75738363-75739345|-,0.0557219899834641,1097
MDD,stage4_apa,rs62268946,XR_007095965.1|LOC124900544|chr3:76352213-76357422|+,0.050314475641782,942
