GWAS_ID,QTL_ID,Locus,Gene,PP4,n_snps
MDD,stage4_apa,rs2540323,NM_001438890.1|FANCL|chr2:58159920-58160179|-,0.0757233689653796,947
MDD,stage1_apa,rs2540323,NM_001438890.1|FANCL|chr2:58159920-58160179|-,0.0743019115954557,1046
MDD,stage2_apa,rs2540323,NM_001438890.1|FANCL|chr2:58159920-58160179|-,0.0722248990871988,1046
MDD,stage3_apa,rs2540323,NM_001438890.1|FANCL|chr2:58159920-58160179|-,0.0719356577123897,1046
