GWAS_ID,QTL_ID,Locus,Gene,PP4,n_snps
MDD,stage3_apa,rs6466488,NR_033766.2|FOXP2|chr7:114689782-114693765|+,0.143816670333617,675
MDD,stage2_apa,rs6466488,NR_033766.2|FOXP2|chr7:114689782-114693765|+,0.0743304000543275,675
MDD,stage1_apa,rs6466488,NR_033766.2|FOXP2|chr7:114689782-114693765|+,0.067486673400965,675
MDD,stage4_apa,rs6466488,NR_033766.2|FOXP2|chr7:114689782-114693765|+,0.0479706921793588,621
MDD,stage1_apa,rs6466488,NM_001352687.2|SMIM30|chr7:113116718-113117607|-,8.31681790547927e-05,66
MDD,stage2_apa,rs6466488,NM_001146266.2|GPR85|chr7:113082285-113084891|-,7.6235551089638e-05,50
MDD,stage4_apa,rs6466488,NM_001352687.2|SMIM30|chr7:113116718-113117607|-,6.89698571939508e-05,66
MDD,stage2_apa,rs6466488,NM_001352687.2|SMIM30|chr7:113116718-113117607|-,6.82589699147201e-05,66
MDD,stage1_apa,rs6466488,NM_001146266.2|GPR85|chr7:113082285-113084891|-,6.04010729951912e-05,50
MDD,stage3_apa,rs6466488,NM_001352687.2|SMIM30|chr7:113116718-113117607|-,5.16856481704036e-05,66
MDD,stage4_apa,rs6466488,NM_001146266.2|GPR85|chr7:113082285-113084891|-,5.02719976350178e-05,50
MDD,stage3_apa,rs6466488,NM_001146266.2|GPR85|chr7:113082285-113084891|-,4.66469385731618e-05,50
