GWAS_ID,QTL_ID,Locus,Gene,PP4,n_snps
PTSD,stage2_apa,rs2899991,XM_047431050.1|MDGA2|chr14:46839623-46842019|-,0.322729079872007,1190
PTSD,stage3_apa,rs2899991,NM_001113498.3|MDGA2|chr14:46840092-46842019|-,0.183140973340031,1190
PTSD,stage2_apa,rs2899991,NM_001113498.3|MDGA2|chr14:46840092-46842019|-,0.110631541152351,1190
PTSD,stage1_apa,rs2899991,XM_047431050.1|MDGA2|chr14:46839623-46842019|-,0.0669193108349639,1190
PTSD,stage1_apa,rs2899991,NM_001113498.3|MDGA2|chr14:46840092-46842019|-,0.0619920111358254,1190
PTSD,stage3_apa,rs2899991,XM_047431050.1|MDGA2|chr14:46839623-46842019|-,0.0577186107704531,1190
PTSD,stage4_apa,rs2899991,NM_001113498.3|MDGA2|chr14:46840092-46842019|-,0.0540514747337826,798
PTSD,stage4_apa,rs2899991,XM_047431050.1|MDGA2|chr14:46839623-46842019|-,0.0506625906881471,798
