GWAS_ID,QTL_ID,Locus,Gene,PP4,n_snps
PTSD,stage1_apa,rs1355178,NM_052920.2|KLHL29|chr2:23706481-23708606|+,0.000501667683748548,226
PTSD,stage2_apa,rs1355178,NM_052920.2|KLHL29|chr2:23706481-23708606|+,0.00027743098963996,226
PTSD,stage4_apa,rs1355178,NM_052920.2|KLHL29|chr2:23706481-23708606|+,0.000209667542894424,201
PTSD,stage3_apa,rs1355178,NM_052920.2|KLHL29|chr2:23706481-23708606|+,0.000209342648817676,226
PTSD,stage2_apa,rs1355178,XM_047444802.1|ATAD2B|chr2:23783310-23786223|-,9.54659341670876e-05,97
PTSD,stage1_apa,rs1355178,XM_047444802.1|ATAD2B|chr2:23783310-23786223|-,8.62313480895196e-05,97
PTSD,stage3_apa,rs1355178,XM_047444802.1|ATAD2B|chr2:23783310-23786223|-,7.34020714179912e-05,97
PTSD,stage4_apa,rs1355178,XM_047444802.1|ATAD2B|chr2:23783310-23786223|-,4.57465722660186e-05,86
