GWAS_ID,QTL_ID,Locus,Gene,PP4,n_snps
PTSD,stage1_apa,rs56201719,NM_130773.4|CNTNAP5|chr2:124914092-124921219|+,0.0926332573703887,1459
PTSD,stage2_apa,rs56201719,NM_130773.4|CNTNAP5|chr2:124914092-124921219|+,0.0862642508341468,1459
PTSD,stage4_apa,rs56201719,NM_130773.4|CNTNAP5|chr2:124914092-124921219|+,0.0777161270582566,1305
PTSD,stage3_apa,rs56201719,NM_130773.4|CNTNAP5|chr2:124914092-124921219|+,0.0492911404857064,1459
