nsnps,hit1,hit2,PP.H0.abf,PP.H1.abf,PP.H2.abf,PP.H3.abf,PP.H4.abf,idx1,idx2
698,rs13083798,rs7612511,0,0,0,1,0,1,2
698,rs7612511,rs7612511,0,0,0,0,1,2,2
698,rs1010554,rs7612511,0,0,0,1,6.16640615879679e-251,4,2
698,rs13081028,rs7612511,0,0,0,1,0,5,2
698,rs11235,rs7612511,0,0,0,1,0,10,2
698,rs13081155,rs7612511,0,0,0,1,0,9,2
698,rs13083798,rs13083798,0,0,0,0.00398406374470276,0.996015936208043,1,1
698,rs7612511,rs13083798,0,0,0,1,0,2,1
698,rs1010554,rs13083798,0,0,0,1,0,4,1
698,rs13081028,rs13083798,0,0,0,1,0,5,1
698,rs11235,rs13083798,0,0,0,1,0,10,1
698,rs13081155,rs13083798,0,0,0,1,0,9,1
