nsnps,hit1,hit2,PP.H0.abf,PP.H1.abf,PP.H2.abf,PP.H3.abf,PP.H4.abf,idx1,idx2
104,rs2579498,rs2271893,0,1.22446102760931e-135,0,1,6.66819591709359e-90,1,1
104,rs11676886,rs2271893,0,1.22446102761042e-135,0,1,1.18341979545499e-95,2,1
104,rs2579498,rs17634791,0,0,0,1,1.01724542935622e-124,1,2
104,rs11676886,rs17634791,0,0,0,1,2.57184412519932e-98,2,2
104,rs2579498,rs2579498,0,0,0,0,1,1,3
104,rs11676886,rs2579498,0,0,0,1,5.45827056363866e-40,2,3
104,rs2579498,rs11676886,0,0,0,1,1.04590553996791e-25,1,4
104,rs11676886,rs11676886,0,0,0,0.0079365079480559,0.992063492053893,2,4
104,rs2579498,rs2314397,0,5.08857604352564e-41,0,1,6.07041103915595e-29,1,8
104,rs11676886,rs2314397,0,5.08857604353952e-41,0,1,5.91637740678232e-25,2,8
104,rs2579498,rs2579499,0,1.30096124090121e-22,0,0.999999998719431,1.28019213631185e-09,1,7
104,rs11676886,rs2579499,0,1.300961242566e-22,0,1,2.598904377958e-13,2,7
104,rs2579498,rs2579499,0,5.01829347239924e-24,0,0.999999999702595,2.97343827892515e-10,1,9
104,rs11676886,rs2579499,0,5.01829347390083e-24,0,1,4.65927079875477e-14,2,9
104,rs2579498,rs2464914,0,0.17068576437657,0,0.827441703394013,0.00187253222965911,1,10
104,rs11676886,rs2464914,0,0.17036528252267,0,0.825884325129339,0.00375039234801329,2,10
