nsnps,hit1,hit2,PP.H0.abf,PP.H1.abf,PP.H2.abf,PP.H3.abf,PP.H4.abf,idx1,idx2
1070,rs1860104,rs1860104,0,0,0,0,1,2,2
1070,rs12590831,rs1860104,0,0,0,1,1.35193551092034e-36,1,2
1070,rs1860104,rs4569194,0,0,0,1,8.66887626019726e-38,2,1
1070,rs12590831,rs4569194,0,0,0,0.0303998122538492,0.969600187747472,1,1
