nsnps,hit1,hit2,PP.H0.abf,PP.H1.abf,PP.H2.abf,PP.H3.abf,PP.H4.abf,idx1,idx2
104,rs2579498,rs2579498,0,0,0,0,1,1,1
104,rs11676886,rs2579498,0,0,0,1,5.68020436612553e-40,2,1
104,rs2579498,rs6741277,0,0,0,1,2.614762350322e-25,1,2
104,rs11676886,rs6741277,0,0,0,0.999999998952262,1.04715896557812e-09,2,2
104,rs2579498,rs2314397,0,8.98881474258669e-159,0,1,5.13378344211209e-96,1,6
104,rs11676886,rs2314397,0,8.98881474259486e-159,0,1,6.16758710208257e-96,2,6
104,rs2579498,rs2579499,0,8.04347522795343e-152,0,1,3.73042103597089e-83,1,7
104,rs11676886,rs2579499,0,8.04347522796075e-152,0,1,5.7316192536333e-84,2,7
