nsnps,hit1,hit2,PP.H0.abf,PP.H1.abf,PP.H2.abf,PP.H3.abf,PP.H4.abf,idx1,idx2
484,rs4779050,rs7403041,0,0,0,1,0,4,1
484,rs12438334,rs7403041,0,0,0,1,0,1,1
484,rs12438334,rs7403041,0,0,1.18940767003501e-231,1,2.37218516806449e-199,2,1
484,rs4779048,rs7403041,0,0,0,1,0,3,1
484,rs4779050,rs4778990,0,0,0,1,0,4,2
484,rs12438334,rs4778990,0,0,0,1,0,1,2
484,rs12438334,rs4778990,0,0,1.18940767003501e-231,1,2.22638628170235e-199,2,2
484,rs4779048,rs4778990,0,0,0,1,0,3,2
