nsnps,hit1,hit2,PP.H0.abf,PP.H1.abf,PP.H2.abf,PP.H3.abf,PP.H4.abf,idx1,idx2
438,rs4845407,rs3765087,0,2.76843462437402e-35,0,0.0385726922513943,0.961427307748726,1,2
438,rs3765087,rs3765087,0,1.43529449283426e-36,0,9.96903671061919e-05,0.999900309633112,2,2
438,rs4845407,rs4845407,0,0,0,0,1,1,3
438,rs3765087,rs4845407,0,0,0,1,2.75499410138097e-31,2,3
438,rs4845407,rs1218582,0,5.03105559568695e-221,0,1,4.89770218418019e-223,1,10
438,rs3765087,rs1218582,0,5.03105559568695e-221,0,1,5.56963927911958e-223,2,10
438,rs4845407,rs4845398,0,1.65307158227509e-263,0,1,1.82250565396455e-263,1,9
438,rs3765087,rs4845398,0,1.65307158227509e-263,0,1,1.59720985789943e-264,2,9
438,rs4845407,rs4845712,0,2.03019012280098e-14,0,0.999999999998636,1.35337201604421e-12,1,1
438,rs3765087,rs4845712,0,2.0301901228019e-14,0,0.999999999999091,1.01907518269726e-12,2,1
