nsnps,hit1,hit2,PP.H0.abf,PP.H1.abf,PP.H2.abf,PP.H3.abf,PP.H4.abf,idx1,idx2
322,rs511515,rs2480487,0,0,1.11255869031677e-308,1,1.14177597877481e-308,1,1
322,rs2772387,rs2480487,0,0,0,1,7.95072143753964e-70,2,1
322,rs2480487,rs2480487,0,0,0,0,1,3,1
322,rs9380365,rs2480487,0,0,0,1,1.69204696281269e-206,5,1
322,rs210152,rs2480487,0,0,2.40587012749942e-65,1,6.64983698717021e-67,6,1
322,rs563751,rs2480487,0,0,0,1,0,7,1
322,rs183300,rs2480487,0,0,0,1,0,8,1
322,rs511515,rs2772387,0,0,1.11255869031677e-308,1,3.06879267958489e-306,1,2
322,rs2772387,rs2772387,0,0,0,0,1,2,2
322,rs2480487,rs2772387,0,0,0,1,9.43542748334357e-72,3,2
322,rs9380365,rs2772387,0,0,0,1,9.7375816128051e-224,5,2
322,rs210152,rs2772387,0,0,2.40587012749942e-65,1,3.62075483567801e-65,6,2
322,rs563751,rs2772387,0,0,0,1,0,7,2
322,rs183300,rs2772387,0,0,0,1,0,8,2
