nsnps,hit1,hit2,PP.H0.abf,PP.H1.abf,PP.H2.abf,PP.H3.abf,PP.H4.abf,idx1,idx2
655,rs17479393,rs17479393,0,0,0,1.98831829256238e-09,0.999999998011845,1,2
655,rs1438896,rs17479393,0,0,0,0.999999999991815,8.03248239477629e-12,2,2
655,rs17479393,rs1438896,0,1.1125369292536e-308,0,0.999999999829015,1.70902102927671e-10,1,1
655,rs1438896,rs1438896,0,0,0,0.000431577148059119,0.99956842285187,2,1
