nsnps,hit1,hit2,PP.H0.abf,PP.H1.abf,PP.H2.abf,PP.H3.abf,PP.H4.abf,idx1,idx2
527,rs9627403,rs10429726,1.96206083775401e-199,7.12428048872256e-127,2.75404771170894e-73,1,9.21128307016576e-76,1,1
527,rs7286213,rs10429726,5.52242138094546e-170,7.12428048872256e-127,7.75154963323932e-44,1,8.23315967292194e-44,2,1
527,rs9627403,rs28730378,3.7837875438091e-194,1.37390050568912e-121,2.7540477117091e-73,1,7.30949471233278e-76,1,2
527,rs7286213,rs28730378,1.06498579609824e-164,1.37390050568912e-121,7.75154963323976e-44,1,2.83835741687282e-46,2,2
527,rs9627403,rs9330792,1.57829394447435e-74,0.0573081554747248,2.59434806875189e-73,0.942011392805138,0.000680451720144199,1,4
527,rs7286213,rs9330792,4.44276905449014e-45,0.0573145921099291,7.30287875511433e-44,0.942117421043405,0.000567986846671629,2,4
527,rs9627403,rs4074009,7.69122236645962e-95,2.79269757519438e-22,2.75404771170917e-73,1,1.32285293309078e-24,1,3
527,rs7286213,rs4074009,2.16477338647475e-65,2.79269757519434e-22,7.75154963323998e-44,1,1.32672636441443e-24,2,3
527,rs9627403,rs56135655,1.11044329299819e-156,4.03204086943388e-84,2.75404771170917e-73,1,8.82633320566974e-76,1,5
527,rs7286213,rs56135655,3.12545649226679e-127,4.03204086943388e-84,7.75154963323998e-44,1,9.71015288726094e-46,2,5
527,rs9627403,rs4074422,1.62463788084687e-84,5.89909126824335e-12,2.75404771169282e-73,0.99999999999406,3.81361107511256e-14,1,6
527,rs7286213,rs4074422,4.5727098756799e-55,5.89909126824318e-12,7.75154963319371e-44,0.99999999999406,4.07914943480536e-14,2,6
527,rs9627403,rs9627403,1.65181102137526e-76,0.000599775746205279,6.36713980270378e-76,0.000313747706679769,0.999086476547119,1,7
527,rs7286213,rs9627403,3.74231183739639e-45,0.0482782413125341,1.44252716234921e-44,0.184561005311959,0.76716075337551,2,7
527,rs9627403,rs9330794,1.43604231782444e-75,0.00521429716601846,2.73951227251806e-73,0.994722026832429,6.36760015582978e-05,1,8
527,rs7286213,rs9330794,4.04195113422446e-46,0.00521437818948089,7.71075796283028e-44,0.994737514671345,4.8107139174122e-05,2,8
