nsnps,hit1,hit2,PP.H0.abf,PP.H1.abf,PP.H2.abf,PP.H3.abf,PP.H4.abf,idx1,idx2
184,rs2579498,rs2579498,0,0,0,0,1,1,1
184,rs11676886,rs2579498,0,0,0,1,5.65895556570937e-39,2,1
184,rs2579498,rs11676886,0,0,0,1,5.40382177730076e-25,1,2
184,rs11676886,rs11676886,0,0,0,0.00793650793656451,0.992063492064721,2,2
