nsnps,hit1,hit2,PP.H0.abf,PP.H1.abf,PP.H2.abf,PP.H3.abf,PP.H4.abf,idx1,idx2
771,rs4106951,rs4106951,0,0,0,0,1,1,1
771,rs4842940,rs4106951,0,0,0,1,0,2,1
771,rs4106951,rs4842940,0,0,0,1,0,1,2
771,rs4842940,rs4842940,0,0,0,0.00199600798415907,0.998003992037695,2,2
