nsnps,hit1,hit2,PP.H0.abf,PP.H1.abf,PP.H2.abf,PP.H3.abf,PP.H4.abf,idx1,idx2
940,rs13248631,rs13248631,0,0,0,0,1,1,1
940,rs2932005,rs13248631,0,0,0,1,7.88731580696984e-87,2,1
940,rs13248631,rs2932005,0,0,0,1,1.97589275375866e-93,1,2
940,rs2932005,rs2932005,0,0,0,0,1,2,2
