nsnps,hit1,hit2,PP.H0.abf,PP.H1.abf,PP.H2.abf,PP.H3.abf,PP.H4.abf,idx1,idx2
655,rs17479393,rs17479393,0,0,0,1.78314003729966e-08,0.999999982168447,1,2
655,rs1438896,rs17479393,0,0,0,0.999999999521606,4.78461140016631e-10,2,2
655,rs17479393,rs1438896,0,0,0,0.999999999996817,3.1332303793543e-12,1,3
655,rs1438896,rs1438896,0,0,0,0.000377446852827679,0.999622553147033,2,3
655,rs17479393,rs1438896,0,1.74356105983439e-302,0,0.999999999029114,9.71088743894984e-10,1,1
655,rs1438896,rs1438896,0,4.2041798567695e-305,0,0.000412084634729814,0.999587915365054,2,1
