nsnps,hit1,hit2,PP.H0.abf,PP.H1.abf,PP.H2.abf,PP.H3.abf,PP.H4.abf,idx1,idx2
883,rs7188071,rs9972693,0,0,0,1,1.6473148726474e-62,2,1
883,rs8055138,rs9972693,0,0,0,0.99995969839524,4.03016082789477e-05,1,1
883,rs7188071,rs11646653,0,0,0,0.0382922110145444,0.961707788988649,2,2
883,rs8055138,rs11646653,0,0,0,1,3.64751033580767e-31,1,2
883,rs7188071,rs11646653,0,0,0,0.0360242733168519,0.963975726680349,2,6
883,rs8055138,rs11646653,0,0,0,1,5.60503263337382e-29,1,6
