nsnps,hit1,hit2,PP.H0.abf,PP.H1.abf,PP.H2.abf,PP.H3.abf,PP.H4.abf,idx1,idx2
883,rs7188071,rs62036618,0,0,0,1,4.08483733067185e-54,2,1
883,rs8055138,rs62036618,0,0,0,0.904903555580031,0.0950964444186442,1,1
883,rs7188071,rs11646653,0,0,0,0.00398406374499264,0.996015936251525,2,2
883,rs8055138,rs11646653,0,0,0,1,8.61030477618575e-22,1,2
