nsnps,hit1,hit2,PP.H0.abf,PP.H1.abf,PP.H2.abf,PP.H3.abf,PP.H4.abf,idx1,idx2
957,rs4595896,rs3786709,0,1.93488775142954e-16,0,1,2.41689585898692e-14,1,1
957,rs62128435,rs3786709,0,1.93488775142954e-16,0,1,9.85888809414755e-19,2,1
957,rs4595896,rs8111122,0,0,0,1,0,1,2
957,rs62128435,rs8111122,0,0,0,1,0,2,2
957,rs4595896,rs11673207,0,0,0,1,0,1,3
957,rs62128435,rs11673207,0,0,0,1,0,2,3
957,rs4595896,rs10426074,0,0,0,1,0,1,4
957,rs62128435,rs10426074,0,0,0,1,0,2,4
957,rs4595896,rs4804045,0,0,0,1,0,1,7
957,rs62128435,rs4804045,0,0,0,1,0,2,7
957,rs4595896,rs4804044,0,0,0,1,0,1,8
957,rs62128435,rs4804044,0,0,0,1,0,2,8
957,rs4595896,rs13344447,0,0,0,1,0,1,9
957,rs62128435,rs13344447,0,0,0,1,0,2,9
