nsnps,hit1,hit2,PP.H0.abf,PP.H1.abf,PP.H2.abf,PP.H3.abf,PP.H4.abf,idx1,idx2
1220,rs1541597,rs6606734,0,3.66227322553984e-234,0,1,2.91946750724259e-121,1,1
1220,rs2160593,rs6606734,0,3.66227322553984e-234,0,1,3.08065623456287e-180,2,1
1220,rs1541597,rs1985825,0,0,0,1,0,1,2
1220,rs2160593,rs1985825,0,0,0,1,0,2,2
1220,rs1541597,rs1861679,0,0,0,1,0,1,3
1220,rs2160593,rs1861679,0,0,0,1,0,2,3
1220,rs1541597,rs2160593,0,1.79127305552627e-26,0,1,2.17689734154715e-23,1,4
1220,rs2160593,rs2160593,0,3.58254683063693e-29,0,4.02447807977928e-10,0.999999999592546,2,4
1220,rs1541597,rs10850453,0,0,0,1,3.4220786166394e-134,1,5
1220,rs2160593,rs10850453,0,0,0,1,0,2,5
