nsnps,hit1,hit2,PP.H0.abf,PP.H1.abf,PP.H2.abf,PP.H3.abf,PP.H4.abf,idx1,idx2
957,rs4595896,rs12609694,0,8.97292975898945e-05,0,0.999909488011419,7.82701008174322e-07,1,1
957,rs62128435,rs12609694,0,8.97292970519324e-05,0,0.999909482016573,7.88692240519565e-07,2,1
